Champion,con_champ,BP,Ban,Pick,Win_rate,Duo_Score,Count_Score
kalista,aatrox,881,719.0,162.0,54.94,-4.94,-29.94
kalista,ahri,881,719.0,162.0,54.94,-7.88,8.7
kalista,akali,881,719.0,162.0,54.94,45.06,2.2
kalista,alistar,881,719.0,162.0,54.94,-21.61,35.97
kalista,ambessa,881,719.0,162.0,54.94,-3.09,3.88
kalista,amumu,881,719.0,162.0,54.94,45.06,0.0
kalista,anivia,881,719.0,162.0,54.94,0.0,-54.94
kalista,annie,881,719.0,162.0,54.94,30.77,2.2
kalista,aphelios,881,719.0,162.0,54.94,0.0,-54.94
kalista,ashe,881,719.0,162.0,54.94,20.06,-17.44
kalista,aurelion sol,881,719.0,162.0,54.94,-4.94,0.0
kalista,aurora,881,719.0,162.0,54.94,-24.17,21.98
kalista,azir,881,719.0,162.0,54.94,-4.94,3.39
kalista,bard,881,719.0,162.0,54.94,0.0,11.73
kalista,blitzcrank,881,719.0,162.0,54.94,-4.94,0.0
kalista,brand,881,719.0,162.0,54.94,0.0,45.06
kalista,braum,881,719.0,162.0,54.94,45.06,11.73
kalista,caitlyn,881,719.0,162.0,54.94,0.0,2.2
kalista,camille,881,719.0,162.0,54.94,30.77,0.0
kalista,cassiopeia,881,719.0,162.0,54.94,11.73,0.0
kalista,chogath,881,719.0,162.0,54.94,45.06,45.06
kalista,corki,881,719.0,162.0,54.94,-38.27,-4.94
kalista,draven,881,719.0,162.0,54.94,0.0,-14.94
kalista,elise,881,719.0,162.0,54.94,-4.94,7.56
kalista,ezreal,881,719.0,162.0,54.94,0.0,-21.61
kalista,galio,881,719.0,162.0,54.94,17.79,-4.94
kalista,gnar,881,719.0,162.0,54.94,20.06,25.06
kalista,gragas,881,719.0,162.0,54.94,16.49,-54.94
kalista,gwen,881,719.0,162.0,54.94,-29.94,-21.61
kalista,hwei,881,719.0,162.0,54.94,-38.27,-14.94
kalista,jarvan iv,881,719.0,162.0,54.94,16.49,-54.94
kalista,jax,881,719.0,162.0,54.94,5.06,2.2
kalista,jayce,881,719.0,162.0,54.94,20.06,-8.79
kalista,jhin,881,719.0,162.0,54.94,0.0,11.73
kalista,kaisa,881,719.0,162.0,54.94,0.0,-4.94
kalista,karma,881,719.0,162.0,54.94,0.0,-8.27
kalista,kayle,881,719.0,162.0,54.94,0.0,-54.94
kalista,kennen,881,719.0,162.0,54.94,45.06,-4.94
kalista,khazix,881,719.0,162.0,54.94,-54.94,0.0
kalista,kindred,881,719.0,162.0,54.94,-54.94,0.0
kalista,kog,881,719.0,162.0,54.94,0.0,45.06
kalista,ksante,881,719.0,162.0,54.94,-14.94,-4.94
kalista,leblanc,881,719.0,162.0,54.94,-54.94,-4.94
kalista,lee sin,881,719.0,162.0,54.94,-4.94,45.06
kalista,leona,881,719.0,162.0,54.94,20.06,17.79
kalista,lillia,881,719.0,162.0,54.94,-14.94,5.06
kalista,lissandra,881,719.0,162.0,54.94,45.06,-54.94
kalista,lucian,881,719.0,162.0,54.94,45.06,14.29
kalista,lulu,881,719.0,162.0,54.94,0.0,45.06
kalista,maokai,881,719.0,162.0,54.94,-14.94,-17.44
kalista,milio,881,719.0,162.0,54.94,0.0,45.06
kalista,miss fortune,881,719.0,162.0,54.94,0.0,11.73
kalista,mordekaiser,881,719.0,162.0,54.94,-54.94,0.0
kalista,mundo,881,719.0,162.0,54.94,-54.94,0.0
kalista,naafiri,881,719.0,162.0,54.94,9.35,3.39
kalista,nami,881,719.0,162.0,54.94,0.0,7.56
kalista,nautilus,881,719.0,162.0,54.94,-54.94,17.79
kalista,neeko,881,719.0,162.0,54.94,4.44,-15.81
kalista,nidalee,881,719.0,162.0,54.94,25.06,-4.94
kalista,nocturne,881,719.0,162.0,54.94,30.77,5.06
kalista,olaf,881,719.0,162.0,54.94,20.06,11.73
kalista,orianna,881,719.0,162.0,54.94,-9.49,7.56
kalista,ornn,881,719.0,162.0,54.94,25.06,7.56
kalista,pantheon,881,719.0,162.0,54.94,11.73,0.06
kalista,poppy,881,719.0,162.0,54.94,-4.94,-39.56
kalista,pyke,881,719.0,162.0,54.94,0.0,-54.94
kalista,qiyana,881,719.0,162.0,54.94,45.06,0.0
kalista,rakan,881,719.0,162.0,54.94,11.73,-8.27
kalista,reksai,881,719.0,162.0,54.94,0.0,45.06
kalista,rell,881,719.0,162.0,54.94,7.56,-14.94
kalista,renata glasc,881,719.0,162.0,54.94,-1.45,11.73
kalista,renekton,881,719.0,162.0,54.94,-21.61,2.2
kalista,rumble,881,719.0,162.0,54.94,-4.94,-4.94
kalista,ryze,881,719.0,162.0,54.94,21.98,-2.31
kalista,sejuani,881,719.0,162.0,54.94,-1.61,-9.49
kalista,senna,881,719.0,162.0,54.94,-54.94,25.06
kalista,seraphine,881,719.0,162.0,54.94,-54.94,-4.94
kalista,shen,881,719.0,162.0,54.94,-54.94,45.06
kalista,singed,881,719.0,162.0,54.94,0.0,45.06
kalista,sion,881,719.0,162.0,54.94,7.56,1.58
kalista,sivir,881,719.0,162.0,54.94,0.0,-54.94
kalista,skarner,881,719.0,162.0,54.94,5.06,9.35
kalista,smolder,881,719.0,162.0,54.94,45.06,45.06
kalista,soraka,881,719.0,162.0,54.94,-4.94,45.06
kalista,sylas,881,719.0,162.0,54.94,2.2,-21.61
kalista,syndra,881,719.0,162.0,54.94,0.0,-54.94
kalista,tahm kench,881,719.0,162.0,54.94,0.0,-54.94
kalista,taliyah,881,719.0,162.0,54.94,16.49,-1.09
kalista,talon,881,719.0,162.0,54.94,-54.94,0.0
kalista,taric,881,719.0,162.0,54.94,-54.94,0.0
kalista,thresh,881,719.0,162.0,54.94,0.0,-54.94
kalista,tristana,881,719.0,162.0,54.94,0.0,-54.94
kalista,trundle,881,719.0,162.0,54.94,-4.94,11.73
kalista,twisted fate,881,719.0,162.0,54.94,-54.94,45.06
kalista,udyr,881,719.0,162.0,54.94,0.0,-4.94
kalista,varus,881,719.0,162.0,54.94,0.0,10.69
kalista,vex,881,719.0,162.0,54.94,0.0,45.06
kalista,vi,881,719.0,162.0,54.94,-14.94,-1.09
kalista,viego,881,719.0,162.0,54.94,-21.61,5.06
kalista,viktor,881,719.0,162.0,54.94,-26.37,2.2
kalista,vladimir,881,719.0,162.0,54.94,45.06,45.06
kalista,warwick,881,719.0,162.0,54.94,-4.94,0.0
kalista,wukong,881,719.0,162.0,54.94,-29.94,11.73
kalista,xayah,881,719.0,162.0,54.94,0.0,0.62
kalista,xin zhao,881,719.0,162.0,54.94,2.2,-4.94
kalista,yasuo,881,719.0,162.0,54.94,-54.94,-4.94
kalista,yone,881,719.0,162.0,54.94,15.06,-21.61
kalista,yorick,881,719.0,162.0,54.94,5.06,-0.39
kalista,zed,881,719.0,162.0,54.94,-4.94,0.0
kalista,zeri,881,719.0,162.0,54.94,0.0,45.06
kalista,ziggs,881,719.0,162.0,54.94,-54.94,25.06
kalista,zoe,881,719.0,162.0,54.94,0.0,-4.94
kalista,zyra,881,719.0,162.0,54.94,45.06,-4.94
vi,aatrox,1144,795.0,349.0,51.86,-6.41,1.47
vi,ahri,1144,795.0,349.0,51.86,-1.86,16.89
vi,akali,1144,795.0,349.0,51.86,4.39,20.87
vi,alistar,1144,795.0,349.0,51.86,6.96,10.89
vi,ambessa,1144,795.0,349.0,51.86,-0.3,0.52
vi,anivia,1144,795.0,349.0,51.86,0.0,-51.86
vi,annie,1144,795.0,349.0,51.86,6.03,-30.43
vi,aphelios,1144,795.0,349.0,51.86,-18.53,-1.86
vi,ashe,1144,795.0,349.0,51.86,-6.86,8.14
vi,aurelion sol,1144,795.0,349.0,51.86,14.81,0.0
vi,aurora,1144,795.0,349.0,51.86,-10.59,5.83
vi,azir,1144,795.0,349.0,51.86,6.96,-1.86
vi,bard,1144,795.0,349.0,51.86,8.14,-5.19
vi,blitzcrank,1144,795.0,349.0,51.86,-1.86,0.0
vi,brand,1144,795.0,349.0,51.86,0.0,48.14
vi,braum,1144,795.0,349.0,51.86,-0.25,1.99
vi,caitlyn,1144,795.0,349.0,51.86,28.14,-11.86
vi,camille,1144,795.0,349.0,51.86,31.47,-18.53
vi,cassiopeia,1144,795.0,349.0,51.86,-51.86,-1.86
vi,chogath,1144,795.0,349.0,51.86,14.81,14.81
vi,corki,1144,795.0,349.0,51.86,-0.51,-1.86
vi,draven,1144,795.0,349.0,51.86,-18.53,48.14
vi,elise,1144,795.0,349.0,51.86,14.81,-8.11
vi,ezreal,1144,795.0,349.0,51.86,-1.86,8.52
vi,fiddlesticks,1144,795.0,349.0,51.86,48.14,0.0
vi,fiora,1144,795.0,349.0,51.86,0.0,48.14
vi,galio,1144,795.0,349.0,51.86,8.14,-1.86
vi,gangplank,1144,795.0,349.0,51.86,-51.86,48.14
vi,garen,1144,795.0,349.0,51.86,0.0,-51.86
vi,gnar,1144,795.0,349.0,51.86,-8.11,2.69
vi,gragas,1144,795.0,349.0,51.86,-1.86,-51.86
vi,gwen,1144,795.0,349.0,51.86,-0.25,4.81
vi,hwei,1144,795.0,349.0,51.86,-31.86,48.14
vi,jarvan iv,1144,795.0,349.0,51.86,0.0,-31.86
vi,jax,1144,795.0,349.0,51.86,-11.86,10.64
vi,jayce,1144,795.0,349.0,51.86,-11.86,-3.71
vi,jhin,1144,795.0,349.0,51.86,-16.86,17.11
vi,jinx,1144,795.0,349.0,51.86,-1.86,-51.86
vi,kaisa,1144,795.0,349.0,51.86,5.52,-11.12
vi,kalista,1144,795.0,349.0,51.86,-11.86,-5.71
vi,karma,1144,795.0,349.0,51.86,-1.86,5.28
vi,kassadin,1144,795.0,349.0,51.86,48.14,0.0
vi,kayle,1144,795.0,349.0,51.86,48.14,0.0
vi,kennen,1144,795.0,349.0,51.86,14.81,-1.86
vi,kindred,1144,795.0,349.0,51.86,0.0,14.81
vi,ksante,1144,795.0,349.0,51.86,-6.03,2.9
vi,leblanc,1144,795.0,349.0,51.86,-51.86,-51.86
vi,lee sin,1144,795.0,349.0,51.86,0.0,-1.86
vi,leona,1144,795.0,349.0,51.86,-11.86,8.67
vi,lillia,1144,795.0,349.0,51.86,0.0,-18.53
vi,lissandra,1144,795.0,349.0,51.86,0.0,-26.86
vi,lucian,1144,795.0,349.0,51.86,-21.86,-5.71
vi,lulu,1144,795.0,349.0,51.86,-11.86,31.47
vi,maokai,1144,795.0,349.0,51.86,-18.53,-12.97
vi,miss fortune,1144,795.0,349.0,51.86,8.14,1.99
vi,mordekaiser,1144,795.0,349.0,51.86,-1.86,-51.86
vi,naafiri,1144,795.0,349.0,51.86,0.0,2.19
vi,nami,1144,795.0,349.0,51.86,-26.86,-51.86
vi,nasus,1144,795.0,349.0,51.86,0.0,-51.86
vi,nautilus,1144,795.0,349.0,51.86,-1.86,-5.19
vi,neeko,1144,795.0,349.0,51.86,6.96,-31.86
vi,nidalee,1144,795.0,349.0,51.86,-51.86,5.28
vi,nilah,1144,795.0,349.0,51.86,0.0,-51.86
vi,nocturne,1144,795.0,349.0,51.86,0.0,6.47
vi,orianna,1144,795.0,349.0,51.86,-13.4,10.04
vi,ornn,1144,795.0,349.0,51.86,-5.71,-16.15
vi,pantheon,1144,795.0,349.0,51.86,-18.53,9.43
vi,poppy,1144,795.0,349.0,51.86,8.14,16.71
vi,pyke,1144,795.0,349.0,51.86,-11.86,0.0
vi,rakan,1144,795.0,349.0,51.86,0.41,-6.21
vi,reksai,1144,795.0,349.0,51.86,-18.53,0.0
vi,rell,1144,795.0,349.0,51.86,5.83,1.63
vi,renata glasc,1144,795.0,349.0,51.86,-20.04,7.23
vi,renekton,1144,795.0,349.0,51.86,-9.0,-8.38
vi,rumble,1144,795.0,349.0,51.86,9.25,-9.75
vi,ryze,1144,795.0,349.0,51.86,16.89,6.96
vi,sejuani,1144,795.0,349.0,51.86,0.0,-0.25
vi,senna,1144,795.0,349.0,51.86,-1.86,-14.36
vi,seraphine,1144,795.0,349.0,51.86,-51.86,-18.53
vi,sett,1144,795.0,349.0,51.86,0.0,-51.86
vi,shen,1144,795.0,349.0,51.86,-1.86,23.14
vi,singed,1144,795.0,349.0,51.86,-51.86,0.0
vi,sion,1144,795.0,349.0,51.86,5.28,-1.86
vi,sivir,1144,795.0,349.0,51.86,5.28,-23.29
vi,skarner,1144,795.0,349.0,51.86,0.0,-20.04
vi,smolder,1144,795.0,349.0,51.86,14.81,48.14
vi,swain,1144,795.0,349.0,51.86,48.14,-1.86
vi,sylas,1144,795.0,349.0,51.86,11.3,10.04
vi,syndra,1144,795.0,349.0,51.86,48.14,0.0
vi,tahm kench,1144,795.0,349.0,51.86,0.0,14.81
vi,taliyah,1144,795.0,349.0,51.86,-0.88,1.47
vi,taric,1144,795.0,349.0,51.86,48.14,-1.86
vi,thresh,1144,795.0,349.0,51.86,-51.86,-51.86
vi,tristana,1144,795.0,349.0,51.86,-31.86,-10.19
vi,trundle,1144,795.0,349.0,51.86,0.0,-8.11
vi,tryndamere,1144,795.0,349.0,51.86,-51.86,0.0
vi,twisted fate,1144,795.0,349.0,51.86,-51.86,-18.53
vi,twitch,1144,795.0,349.0,51.86,0.0,-51.86
vi,udyr,1144,795.0,349.0,51.86,48.14,48.14
vi,varus,1144,795.0,349.0,51.86,4.81,-5.86
vi,vex,1144,795.0,349.0,51.86,48.14,0.0
vi,viego,1144,795.0,349.0,51.86,0.0,-18.53
vi,viktor,1144,795.0,349.0,51.86,12.43,-15.02
vi,vladimir,1144,795.0,349.0,51.86,14.81,23.14
vi,volibear,1144,795.0,349.0,51.86,0.0,48.14
vi,warwick,1144,795.0,349.0,51.86,-51.86,-51.86
vi,wukong,1144,795.0,349.0,51.86,0.0,-0.8
vi,xayah,1144,795.0,349.0,51.86,12.43,4.55
vi,xerath,1144,795.0,349.0,51.86,-51.86,0.0
vi,xin zhao,1144,795.0,349.0,51.86,0.0,4.96
vi,yasuo,1144,795.0,349.0,51.86,48.14,-51.86
vi,yone,1144,795.0,349.0,51.86,8.14,-7.42
vi,yorick,1144,795.0,349.0,51.86,23.14,9.68
vi,yunara,1144,795.0,349.0,51.86,10.64,-11.86
vi,zed,1144,795.0,349.0,51.86,0.0,-51.86
vi,zeri,1144,795.0,349.0,51.86,3.7,35.64
vi,ziggs,1144,795.0,349.0,51.86,14.81,3.7
vi,zilean,1144,795.0,349.0,51.86,0.0,-51.86
vi,zyra,1144,795.0,349.0,51.86,0.0,-9.0
sejuani,aatrox,487,191.0,296.0,43.24,-4.78,56.76
sejuani,ahri,487,191.0,296.0,43.24,0.0,13.9
sejuani,akali,487,191.0,296.0,43.24,-9.91,15.58
sejuani,alistar,487,191.0,296.0,43.24,3.19,-9.91
sejuani,ambessa,487,191.0,296.0,43.24,-1.73,11.05
sejuani,anivia,487,191.0,296.0,43.24,56.76,0.0
sejuani,annie,487,191.0,296.0,43.24,0.0,-18.24
sejuani,aphelios,487,191.0,296.0,43.24,16.76,-43.24
sejuani,ashe,487,191.0,296.0,43.24,-1.57,-16.57
sejuani,aurelion sol,487,191.0,296.0,43.24,-43.24,6.76
sejuani,aurora,487,191.0,296.0,43.24,16.76,-2.21
sejuani,azir,487,191.0,296.0,43.24,-9.91,2.91
sejuani,bard,487,191.0,296.0,43.24,19.26,-9.91
sejuani,blitzcrank,487,191.0,296.0,43.24,6.76,-43.24
sejuani,brand,487,191.0,296.0,43.24,0.0,56.76
sejuani,braum,487,191.0,296.0,43.24,-8.62,-0.93
sejuani,caitlyn,487,191.0,296.0,43.24,-3.24,-9.91
sejuani,camille,487,191.0,296.0,43.24,28.19,-23.24
sejuani,cassiopeia,487,191.0,296.0,43.24,-18.24,23.43
sejuani,chogath,487,191.0,296.0,43.24,-43.24,-43.24
sejuani,corki,487,191.0,296.0,43.24,-12.29,14.34
sejuani,draven,487,191.0,296.0,43.24,6.76,-43.24
sejuani,elise,487,191.0,296.0,43.24,-1.57,16.76
sejuani,ezreal,487,191.0,296.0,43.24,4.13,-3.24
sejuani,fiddlesticks,487,191.0,296.0,43.24,56.76,0.0
sejuani,fiora,487,191.0,296.0,43.24,0.0,-43.24
sejuani,galio,487,191.0,296.0,43.24,-18.24,-4.78
sejuani,gangplank,487,191.0,296.0,43.24,-43.24,-43.24
sejuani,garen,487,191.0,296.0,43.24,0.0,-43.24
sejuani,gnar,487,191.0,296.0,43.24,-18.24,-12.47
sejuani,gragas,487,191.0,296.0,43.24,6.76,-5.74
sejuani,gwen,487,191.0,296.0,43.24,8.76,-21.81
sejuani,hwei,487,191.0,296.0,43.24,6.76,-9.91
sejuani,irelia,487,191.0,296.0,43.24,-43.24,0.0
sejuani,ivern,487,191.0,296.0,43.24,0.0,-43.24
sejuani,jarvan iv,487,191.0,296.0,43.24,0.0,6.76
sejuani,jax,487,191.0,296.0,43.24,-9.91,9.39
sejuani,jayce,487,191.0,296.0,43.24,2.21,-1.57
sejuani,jhin,487,191.0,296.0,43.24,-16.92,0.76
sejuani,jinx,487,191.0,296.0,43.24,-3.24,-28.95
sejuani,kaisa,487,191.0,296.0,43.24,0.76,-0.38
sejuani,kalista,487,191.0,296.0,43.24,10.09,11.31
sejuani,karma,487,191.0,296.0,43.24,19.26,1.2
sejuani,kassadin,487,191.0,296.0,43.24,0.0,-43.24
sejuani,kennen,487,191.0,296.0,43.24,31.76,56.76
sejuani,kled,487,191.0,296.0,43.24,0.0,56.76
sejuani,kog,487,191.0,296.0,43.24,56.76,-9.91
sejuani,ksante,487,191.0,296.0,43.24,-23.24,-0.82
sejuani,leblanc,487,191.0,296.0,43.24,-43.24,56.76
sejuani,lee sin,487,191.0,296.0,43.24,-43.24,-18.24
sejuani,leona,487,191.0,296.0,43.24,-6.4,10.42
sejuani,lillia,487,191.0,296.0,43.24,0.0,-14.67
sejuani,lucian,487,191.0,296.0,43.24,-9.91,28.19
sejuani,lulu,487,191.0,296.0,43.24,19.26,-18.24
sejuani,lux,487,191.0,296.0,43.24,0.0,-43.24
sejuani,malphite,487,191.0,296.0,43.24,0.0,56.76
sejuani,maokai,487,191.0,296.0,43.24,-43.24,-2.33
sejuani,mel,487,191.0,296.0,43.24,-43.24,-43.24
sejuani,milio,487,191.0,296.0,43.24,-43.24,56.76
sejuani,miss fortune,487,191.0,296.0,43.24,-6.1,3.82
sejuani,mordekaiser,487,191.0,296.0,43.24,0.0,56.76
sejuani,morgana,487,191.0,296.0,43.24,56.76,-43.24
sejuani,mundo,487,191.0,296.0,43.24,56.76,6.76
sejuani,naafiri,487,191.0,296.0,43.24,56.76,3.43
sejuani,nami,487,191.0,296.0,43.24,-43.24,6.76
sejuani,nautilus,487,191.0,296.0,43.24,-14.21,3.43
sejuani,neeko,487,191.0,296.0,43.24,2.91,-4.35
sejuani,nidalee,487,191.0,296.0,43.24,-9.91,2.91
sejuani,nocturne,487,191.0,296.0,43.24,0.0,-3.24
sejuani,olaf,487,191.0,296.0,43.24,-43.24,23.43
sejuani,orianna,487,191.0,296.0,43.24,1.2,-2.06
sejuani,ornn,487,191.0,296.0,43.24,-43.24,15.09
sejuani,pantheon,487,191.0,296.0,43.24,31.76,6.76
sejuani,poppy,487,191.0,296.0,43.24,10.09,-28.95
sejuani,pyke,487,191.0,296.0,43.24,6.76,-43.24
sejuani,rakan,487,191.0,296.0,43.24,9.89,-3.24
sejuani,rell,487,191.0,296.0,43.24,-3.24,0.24
sejuani,renata glasc,487,191.0,296.0,43.24,-15.97,13.01
sejuani,renekton,487,191.0,296.0,43.24,-2.33,-21.02
sejuani,rumble,487,191.0,296.0,43.24,17.37,1.2
sejuani,ryze,487,191.0,296.0,43.24,20.4,4.76
sejuani,senna,487,191.0,296.0,43.24,-18.24,-18.24
sejuani,seraphine,487,191.0,296.0,43.24,6.76,56.76
sejuani,sett,487,191.0,296.0,43.24,0.0,6.76
sejuani,shen,487,191.0,296.0,43.24,13.9,56.76
sejuani,sion,487,191.0,296.0,43.24,6.76,13.9
sejuani,sivir,487,191.0,296.0,43.24,23.43,19.26
sejuani,skarner,487,191.0,296.0,43.24,0.0,-3.85
sejuani,smolder,487,191.0,296.0,43.24,6.76,6.76
sejuani,swain,487,191.0,296.0,43.24,-43.24,-43.24
sejuani,sylas,487,191.0,296.0,43.24,-12.47,0.51
sejuani,syndra,487,191.0,296.0,43.24,0.0,-43.24
sejuani,tahm kench,487,191.0,296.0,43.24,6.76,0.0
sejuani,taliyah,487,191.0,296.0,43.24,16.76,-18.24
sejuani,taric,487,191.0,296.0,43.24,6.76,0.0
sejuani,thresh,487,191.0,296.0,43.24,6.76,-9.91
sejuani,tristana,487,191.0,296.0,43.24,-13.24,12.32
sejuani,trundle,487,191.0,296.0,43.24,0.0,6.76
sejuani,twisted fate,487,191.0,296.0,43.24,56.76,6.76
sejuani,twitch,487,191.0,296.0,43.24,-43.24,0.0
sejuani,udyr,487,191.0,296.0,43.24,-9.91,6.76
sejuani,varus,487,191.0,296.0,43.24,11.6,-3.24
sejuani,vayne,487,191.0,296.0,43.24,0.0,56.76
sejuani,vex,487,191.0,296.0,43.24,0.0,-43.24
sejuani,vi,487,191.0,296.0,43.24,0.0,5.15
sejuani,viego,487,191.0,296.0,43.24,56.76,6.76
sejuani,viktor,487,191.0,296.0,43.24,-18.92,11.76
sejuani,vladimir,487,191.0,296.0,43.24,-43.24,-43.24
sejuani,volibear,487,191.0,296.0,43.24,0.0,-43.24
sejuani,warwick,487,191.0,296.0,43.24,0.0,56.76
sejuani,wukong,487,191.0,296.0,43.24,6.76,22.28
sejuani,xayah,487,191.0,296.0,43.24,6.76,-5.74
sejuani,xin zhao,487,191.0,296.0,43.24,-43.24,-7.34
sejuani,yasuo,487,191.0,296.0,43.24,0.0,-43.24
sejuani,yone,487,191.0,296.0,43.24,10.3,-2.33
sejuani,yorick,487,191.0,296.0,43.24,-7.53,2.91
sejuani,yunara,487,191.0,296.0,43.24,56.76,-43.24
sejuani,yuumi,487,191.0,296.0,43.24,-9.91,0.0
sejuani,zac,487,191.0,296.0,43.24,0.0,56.76
sejuani,zed,487,191.0,296.0,43.24,0.0,23.43
sejuani,zeri,487,191.0,296.0,43.24,6.76,-23.24
sejuani,ziggs,487,191.0,296.0,43.24,-13.24,11.31
sejuani,zoe,487,191.0,296.0,43.24,-43.24,0.0
sejuani,zyra,487,191.0,296.0,43.24,0.0,1.2
skarner,aatrox,737,491.0,246.0,49.19,-4.75,28.59
skarner,ahri,737,491.0,246.0,49.19,-7.52,5.81
skarner,akali,737,491.0,246.0,49.19,7.95,-15.86
skarner,alistar,737,491.0,246.0,49.19,5.98,-3.95
skarner,ambessa,737,491.0,246.0,49.19,-2.76,18.55
skarner,amumu,737,491.0,246.0,49.19,0.0,0.81
skarner,anivia,737,491.0,246.0,49.19,-49.19,50.81
skarner,annie,737,491.0,246.0,49.19,-29.19,-19.78
skarner,aphelios,737,491.0,246.0,49.19,50.81,50.81
skarner,ashe,737,491.0,246.0,49.19,0.81,5.36
skarner,aurelion sol,737,491.0,246.0,49.19,0.81,0.0
skarner,aurora,737,491.0,246.0,49.19,-9.19,9.9
skarner,azir,737,491.0,246.0,49.19,5.16,-10.73
skarner,bard,737,491.0,246.0,49.19,-12.83,-15.86
skarner,blitzcrank,737,491.0,246.0,49.19,50.81,-6.33
skarner,brand,737,491.0,246.0,49.19,0.0,0.81
skarner,braum,737,491.0,246.0,49.19,-5.44,-29.19
skarner,caitlyn,737,491.0,246.0,49.19,0.81,-15.86
skarner,camille,737,491.0,246.0,49.19,25.81,-6.33
skarner,cassiopeia,737,491.0,246.0,49.19,-24.19,0.81
skarner,chogath,737,491.0,246.0,49.19,0.81,0.0
skarner,corki,737,491.0,246.0,49.19,-1.57,17.48
skarner,draven,737,491.0,246.0,49.19,-49.19,50.81
skarner,elise,737,491.0,246.0,49.19,-29.19,-49.19
skarner,ezreal,737,491.0,246.0,49.19,-0.71,-2.76
skarner,fiora,737,491.0,246.0,49.19,-15.86,0.0
skarner,galio,737,491.0,246.0,49.19,39.7,-19.78
skarner,gangplank,737,491.0,246.0,49.19,-49.19,0.0
skarner,garen,737,491.0,246.0,49.19,-49.19,0.0
skarner,gnar,737,491.0,246.0,49.19,5.36,6.37
skarner,gragas,737,491.0,246.0,49.19,0.81,50.81
skarner,gwen,737,491.0,246.0,49.19,8.5,-3.74
skarner,hecarim,737,491.0,246.0,49.19,0.0,-49.19
skarner,hwei,737,491.0,246.0,49.19,-6.33,10.81
skarner,ivern,737,491.0,246.0,49.19,0.0,13.31
skarner,jarvan iv,737,491.0,246.0,49.19,0.0,-20.62
skarner,jax,737,491.0,246.0,49.19,0.81,0.81
skarner,jayce,737,491.0,246.0,49.19,9.9,2.81
skarner,jhin,737,491.0,246.0,49.19,-1.57,-15.86
skarner,jinx,737,491.0,246.0,49.19,7.95,50.81
skarner,kaisa,737,491.0,246.0,49.19,11.92,-1.19
skarner,kalista,737,491.0,246.0,49.19,10.81,-13.48
skarner,karma,737,491.0,246.0,49.19,15.1,10.81
skarner,kassadin,737,491.0,246.0,49.19,50.81,-49.19
skarner,kennen,737,491.0,246.0,49.19,50.81,-15.86
skarner,kled,737,491.0,246.0,49.19,0.0,50.81
skarner,ksante,737,491.0,246.0,49.19,-19.78,-9.19
skarner,leblanc,737,491.0,246.0,49.19,-49.19,0.81
skarner,lee sin,737,491.0,246.0,49.19,0.0,50.81
skarner,leona,737,491.0,246.0,49.19,15.1,16.19
skarner,lillia,737,491.0,246.0,49.19,0.0,-15.86
skarner,lissandra,737,491.0,246.0,49.19,0.0,50.81
skarner,lucian,737,491.0,246.0,49.19,-22.52,-5.44
skarner,lulu,737,491.0,246.0,49.19,7.95,-24.19
skarner,maokai,737,491.0,246.0,49.19,0.0,15.1
skarner,mel,737,491.0,246.0,49.19,-49.19,50.81
skarner,milio,737,491.0,246.0,49.19,0.81,0.81
skarner,miss fortune,737,491.0,246.0,49.19,-11.69,-1.57
skarner,mordekaiser,737,491.0,246.0,49.19,0.81,0.0
skarner,mundo,737,491.0,246.0,49.19,-49.19,50.81
skarner,naafiri,737,491.0,246.0,49.19,0.0,-35.86
skarner,nami,737,491.0,246.0,49.19,-32.52,-9.19
skarner,nautilus,737,491.0,246.0,49.19,-6.88,12.71
skarner,neeko,737,491.0,246.0,49.19,5.36,-19.19
skarner,nidalee,737,491.0,246.0,49.19,0.81,-29.19
skarner,nilah,737,491.0,246.0,49.19,0.0,-49.19
skarner,nocturne,737,491.0,246.0,49.19,0.0,22.24
skarner,olaf,737,491.0,246.0,49.19,0.0,0.81
skarner,orianna,737,491.0,246.0,49.19,17.48,34.14
skarner,ornn,737,491.0,246.0,49.19,-49.19,0.81
skarner,pantheon,737,491.0,246.0,49.19,-49.19,2.66
skarner,poppy,737,491.0,246.0,49.19,4.66,6.37
skarner,pyke,737,491.0,246.0,49.19,-49.19,0.0
skarner,rakan,737,491.0,246.0,49.19,-1.82,-2.52
skarner,reksai,737,491.0,246.0,49.19,0.0,50.81
skarner,rell,737,491.0,246.0,49.19,0.81,7.95
skarner,renata glasc,737,491.0,246.0,49.19,22.24,5.36
skarner,renekton,737,491.0,246.0,49.19,-9.19,-12.83
skarner,rumble,737,491.0,246.0,49.19,2.03,-0.62
skarner,ryze,737,491.0,246.0,49.19,0.81,-22.87
skarner,sejuani,737,491.0,246.0,49.19,0.0,11.42
skarner,senna,737,491.0,246.0,49.19,-24.19,6.37
skarner,seraphine,737,491.0,246.0,49.19,0.0,50.81
skarner,sett,737,491.0,246.0,49.19,0.0,0.81
skarner,shen,737,491.0,246.0,49.19,-24.19,0.0
skarner,sion,737,491.0,246.0,49.19,8.7,-13.9
skarner,sivir,737,491.0,246.0,49.19,0.81,-3.04
skarner,smolder,737,491.0,246.0,49.19,50.81,-49.19
skarner,soraka,737,491.0,246.0,49.19,-49.19,0.0
skarner,sylas,737,491.0,246.0,49.19,-4.75,6.37
skarner,syndra,737,491.0,246.0,49.19,17.48,50.81
skarner,tahm kench,737,491.0,246.0,49.19,0.81,0.0
skarner,taliyah,737,491.0,246.0,49.19,-0.71,0.81
skarner,taric,737,491.0,246.0,49.19,-49.19,0.0
skarner,thresh,737,491.0,246.0,49.19,-49.19,0.0
skarner,tristana,737,491.0,246.0,49.19,-9.19,22.24
skarner,trundle,737,491.0,246.0,49.19,0.0,-49.19
skarner,twisted fate,737,491.0,246.0,49.19,17.48,30.81
skarner,udyr,737,491.0,246.0,49.19,0.0,50.81
skarner,varus,737,491.0,246.0,49.19,9.63,-2.13
skarner,vi,737,491.0,246.0,49.19,0.0,18.99
skarner,viego,737,491.0,246.0,49.19,0.0,-24.19
skarner,viktor,737,491.0,246.0,49.19,-15.86,25.81
skarner,vladimir,737,491.0,246.0,49.19,0.0,50.81
skarner,volibear,737,491.0,246.0,49.19,0.0,-49.19
skarner,wukong,737,491.0,246.0,49.19,0.0,-2.52
skarner,xayah,737,491.0,246.0,49.19,6.37,-13.48
skarner,xin zhao,737,491.0,246.0,49.19,0.0,-4.19
skarner,yasuo,737,491.0,246.0,49.19,-49.19,-49.19
skarner,yone,737,491.0,246.0,49.19,0.81,0.81
skarner,yorick,737,491.0,246.0,49.19,-15.86,-13.9
skarner,yunara,737,491.0,246.0,49.19,10.81,50.81
skarner,yuumi,737,491.0,246.0,49.19,-49.19,0.0
skarner,zed,737,491.0,246.0,49.19,50.81,50.81
skarner,zeri,737,491.0,246.0,49.19,0.81,-19.19
skarner,ziggs,737,491.0,246.0,49.19,0.81,50.81
skarner,zoe,737,491.0,246.0,49.19,-49.19,-49.19
skarner,zyra,737,491.0,246.0,49.19,0.0,10.81
varus,aatrox,1197,779.0,418.0,55.26,2.63,11.41
varus,ahri,1197,779.0,418.0,55.26,-18.59,16.17
varus,akali,1197,779.0,418.0,55.26,-5.26,5.85
varus,alistar,1197,779.0,418.0,55.26,7.08,-1.16
varus,ambessa,1197,779.0,418.0,55.26,-1.09,7.04
varus,annie,1197,779.0,418.0,55.26,3.56,-9.81
varus,aphelios,1197,779.0,418.0,55.26,0.0,44.74
varus,ashe,1197,779.0,418.0,55.26,0.0,13.16
varus,aurelion sol,1197,779.0,418.0,55.26,44.74,-55.26
varus,aurora,1197,779.0,418.0,55.26,8.63,4.74
varus,azir,1197,779.0,418.0,55.26,-5.26,-1.93
varus,bard,1197,779.0,418.0,55.26,-26.69,-5.26
varus,blitzcrank,1197,779.0,418.0,55.26,-5.26,-55.26
varus,brand,1197,779.0,418.0,55.26,-30.26,44.74
varus,braum,1197,779.0,418.0,55.26,-5.26,8.07
varus,caitlyn,1197,779.0,418.0,55.26,0.0,44.74
varus,camille,1197,779.0,418.0,55.26,16.17,7.24
varus,cassiopeia,1197,779.0,418.0,55.26,19.74,24.74
varus,chogath,1197,779.0,418.0,55.26,-5.26,-5.26
varus,corki,1197,779.0,418.0,55.26,-15.26,3.44
varus,diana,1197,779.0,418.0,55.26,-55.26,0.0
varus,draven,1197,779.0,418.0,55.26,0.0,44.74
varus,ekko,1197,779.0,418.0,55.26,44.74,0.0
varus,elise,1197,779.0,418.0,55.26,0.3,-5.26
varus,ezreal,1197,779.0,418.0,55.26,44.74,5.85
varus,fiora,1197,779.0,418.0,55.26,-55.26,0.0
varus,galio,1197,779.0,418.0,55.26,-2.76,-17.16
varus,gangplank,1197,779.0,418.0,55.26,0.0,-55.26
varus,garen,1197,779.0,418.0,55.26,44.74,44.74
varus,gnar,1197,779.0,418.0,55.26,3.83,7.24
varus,gragas,1197,779.0,418.0,55.26,16.17,6.28
varus,gwen,1197,779.0,418.0,55.26,0.3,-11.36
varus,hwei,1197,779.0,418.0,55.26,-12.4,4.74
varus,irelia,1197,779.0,418.0,55.26,0.0,44.74
varus,ivern,1197,779.0,418.0,55.26,44.74,24.74
varus,jarvan iv,1197,779.0,418.0,55.26,11.41,11.41
varus,jax,1197,779.0,418.0,55.26,1.26,13.49
varus,jayce,1197,779.0,418.0,55.26,-0.5,-3.98
varus,jhin,1197,779.0,418.0,55.26,0.0,-2.88
varus,jinx,1197,779.0,418.0,55.26,0.0,44.74
varus,kaisa,1197,779.0,418.0,55.26,0.0,5.45
varus,kalista,1197,779.0,418.0,55.26,0.0,-20.88
varus,karma,1197,779.0,418.0,55.26,-5.26,0.3
varus,karthus,1197,779.0,418.0,55.26,-21.93,0.0
varus,kassadin,1197,779.0,418.0,55.26,44.74,0.0
varus,kennen,1197,779.0,418.0,55.26,44.74,-55.26
varus,kindred,1197,779.0,418.0,55.26,-21.93,44.74
varus,ksante,1197,779.0,418.0,55.26,3.07,9.45
varus,leblanc,1197,779.0,418.0,55.26,-5.26,44.74
varus,lee sin,1197,779.0,418.0,55.26,16.17,-21.93
varus,leona,1197,779.0,418.0,55.26,9.96,-1.69
varus,lillia,1197,779.0,418.0,55.26,16.96,-10.82
varus,lissandra,1197,779.0,418.0,55.26,0.0,44.74
varus,lucian,1197,779.0,418.0,55.26,0.0,1.88
varus,lulu,1197,779.0,418.0,55.26,-55.26,-5.26
varus,malzahar,1197,779.0,418.0,55.26,0.0,44.74
varus,maokai,1197,779.0,418.0,55.26,-5.26,7.24
varus,mel,1197,779.0,418.0,55.26,0.0,44.74
varus,milio,1197,779.0,418.0,55.26,0.0,44.74
varus,miss fortune,1197,779.0,418.0,55.26,0.0,5.85
varus,mordekaiser,1197,779.0,418.0,55.26,0.0,-55.26
varus,morgana,1197,779.0,418.0,55.26,-5.26,-55.26
varus,mundo,1197,779.0,418.0,55.26,44.74,0.0
varus,naafiri,1197,779.0,418.0,55.26,7.24,-12.84
varus,nami,1197,779.0,418.0,55.26,0.0,11.41
varus,nautilus,1197,779.0,418.0,55.26,-3.34,1.6
varus,neeko,1197,779.0,418.0,55.26,-28.59,-5.26
varus,nidalee,1197,779.0,418.0,55.26,16.96,-26.69
varus,nilah,1197,779.0,418.0,55.26,0.0,-55.26
varus,nocturne,1197,779.0,418.0,55.26,-44.15,2.63
varus,olaf,1197,779.0,418.0,55.26,44.74,11.41
varus,orianna,1197,779.0,418.0,55.26,-3.26,-14.52
varus,ornn,1197,779.0,418.0,55.26,-8.2,-13.15
varus,pantheon,1197,779.0,418.0,55.26,7.24,0.3
varus,poppy,1197,779.0,418.0,55.26,10.45,-20.26
varus,pyke,1197,779.0,418.0,55.26,44.74,0.0
varus,quinn,1197,779.0,418.0,55.26,0.0,44.74
varus,rakan,1197,779.0,418.0,55.26,-3.65,5.21
varus,reksai,1197,779.0,418.0,55.26,-55.26,0.0
varus,rell,1197,779.0,418.0,55.26,2.63,3.41
varus,renata glasc,1197,779.0,418.0,55.26,-5.26,-10.26
varus,renekton,1197,779.0,418.0,55.26,-1.09,-1.93
varus,rengar,1197,779.0,418.0,55.26,-55.26,0.0
varus,rumble,1197,779.0,418.0,55.26,3.36,0.48
varus,ryze,1197,779.0,418.0,55.26,22.52,-0.97
varus,sejuani,1197,779.0,418.0,55.26,-0.42,4.74
varus,senna,1197,779.0,418.0,55.26,0.0,-5.26
varus,seraphine,1197,779.0,418.0,55.26,44.74,44.74
varus,sett,1197,779.0,418.0,55.26,44.74,-21.93
varus,shen,1197,779.0,418.0,55.26,-15.26,-5.26
varus,shyvana,1197,779.0,418.0,55.26,44.74,0.0
varus,singed,1197,779.0,418.0,55.26,-55.26,0.0
varus,sion,1197,779.0,418.0,55.26,0.3,-5.26
varus,sivir,1197,779.0,418.0,55.26,0.0,-11.51
varus,skarner,1197,779.0,418.0,55.26,3.56,-2.32
varus,smolder,1197,779.0,418.0,55.26,4.74,-21.93
varus,soraka,1197,779.0,418.0,55.26,0.0,-55.26
varus,swain,1197,779.0,418.0,55.26,-55.26,44.74
varus,sylas,1197,779.0,418.0,55.26,-1.09,-3.41
varus,syndra,1197,779.0,418.0,55.26,44.74,-5.26
varus,tahm kench,1197,779.0,418.0,55.26,-5.26,0.0
varus,taliyah,1197,779.0,418.0,55.26,10.19,-6.05
varus,taric,1197,779.0,418.0,55.26,0.0,44.74
varus,tristana,1197,779.0,418.0,55.26,3.07,11.41
varus,trundle,1197,779.0,418.0,55.26,0.99,16.17
varus,twisted fate,1197,779.0,418.0,55.26,-55.26,44.74
varus,udyr,1197,779.0,418.0,55.26,-55.26,11.41
varus,urgot,1197,779.0,418.0,55.26,-55.26,44.74
varus,vex,1197,779.0,418.0,55.26,-55.26,0.0
varus,vi,1197,779.0,418.0,55.26,1.41,-1.26
varus,viego,1197,779.0,418.0,55.26,-5.26,-12.4
varus,viktor,1197,779.0,418.0,55.26,-14.52,3.56
varus,vladimir,1197,779.0,418.0,55.26,-55.26,-5.26
varus,volibear,1197,779.0,418.0,55.26,0.0,44.74
varus,warwick,1197,779.0,418.0,55.26,0.0,-55.26
varus,wukong,1197,779.0,418.0,55.26,-1.69,-2.48
varus,xayah,1197,779.0,418.0,55.26,-55.26,4.74
varus,xerath,1197,779.0,418.0,55.26,0.0,44.74
varus,xin zhao,1197,779.0,418.0,55.26,-9.43,4.44
varus,yasuo,1197,779.0,418.0,55.26,-55.26,11.41
varus,yone,1197,779.0,418.0,55.26,-3.65,5.45
varus,yorick,1197,779.0,418.0,55.26,-11.51,-8.59
varus,yunara,1197,779.0,418.0,55.26,0.0,1.88
varus,zac,1197,779.0,418.0,55.26,44.74,0.0
varus,zed,1197,779.0,418.0,55.26,44.74,-5.26
varus,zeri,1197,779.0,418.0,55.26,0.0,-5.26
varus,ziggs,1197,779.0,418.0,55.26,44.74,-15.26
varus,zyra,1197,779.0,418.0,55.26,19.74,-1.41
ksante,aatrox,421,147.0,274.0,47.81,0.0,-4.95
ksante,ahri,421,147.0,274.0,47.81,-40.12,-0.75
ksante,akali,421,147.0,274.0,47.81,-6.14,27.19
ksante,alistar,421,147.0,274.0,47.81,-3.37,-8.79
ksante,ambessa,421,147.0,274.0,47.81,52.19,3.3
ksante,annie,421,147.0,274.0,47.81,33.44,-14.48
ksante,aphelios,421,147.0,274.0,47.81,-7.81,-47.81
ksante,ashe,421,147.0,274.0,47.81,-7.81,-1.66
ksante,aurelion sol,421,147.0,274.0,47.81,0.0,52.19
ksante,aurora,421,147.0,274.0,47.81,0.34,14.69
ksante,azir,421,147.0,274.0,47.81,-1.38,-5.7
ksante,bard,421,147.0,274.0,47.81,18.86,7.75
ksante,blitzcrank,421,147.0,274.0,47.81,-4.95,-47.81
ksante,brand,421,147.0,274.0,47.81,2.19,52.19
ksante,braum,421,147.0,274.0,47.81,-2.98,-2.65
ksante,caitlyn,421,147.0,274.0,47.81,-19.24,18.86
ksante,camille,421,147.0,274.0,47.81,0.0,-27.81
ksante,cassiopeia,421,147.0,274.0,47.81,18.86,18.86
ksante,chogath,421,147.0,274.0,47.81,0.0,52.19
ksante,corki,421,147.0,274.0,47.81,-7.27,5.13
ksante,draven,421,147.0,274.0,47.81,-7.81,-22.81
ksante,elise,421,147.0,274.0,47.81,-19.24,-14.48
ksante,ezreal,421,147.0,274.0,47.81,-6.14,13.73
ksante,fiora,421,147.0,274.0,47.81,0.0,52.19
ksante,galio,421,147.0,274.0,47.81,-4.95,-7.81
ksante,garen,421,147.0,274.0,47.81,0.0,-14.48
ksante,gnar,421,147.0,274.0,47.81,0.0,4.57
ksante,gragas,421,147.0,274.0,47.81,0.0,-14.48
ksante,gwen,421,147.0,274.0,47.81,0.0,52.19
ksante,hecarim,421,147.0,274.0,47.81,52.19,0.0
ksante,hwei,421,147.0,274.0,47.81,-14.48,52.19
ksante,ivern,421,147.0,274.0,47.81,52.19,2.19
ksante,jarvan iv,421,147.0,274.0,47.81,-3.37,-6.14
ksante,jax,421,147.0,274.0,47.81,0.0,9.33
ksante,jayce,421,147.0,274.0,47.81,-22.81,6.04
ksante,jhin,421,147.0,274.0,47.81,-17.81,12.19
ksante,jinx,421,147.0,274.0,47.81,-14.48,-14.48
ksante,kaisa,421,147.0,274.0,47.81,8.19,-20.78
ksante,kalista,421,147.0,274.0,47.81,-7.81,2.19
ksante,karma,421,147.0,274.0,47.81,2.19,15.83
ksante,kassadin,421,147.0,274.0,47.81,27.19,52.19
ksante,kayle,421,147.0,274.0,47.81,0.0,-47.81
ksante,kindred,421,147.0,274.0,47.81,-47.81,-7.81
ksante,leblanc,421,147.0,274.0,47.81,52.19,-14.48
ksante,lee sin,421,147.0,274.0,47.81,22.19,-7.81
ksante,leona,421,147.0,274.0,47.81,-4.33,8.71
ksante,lillia,421,147.0,274.0,47.81,18.86,-14.48
ksante,lissandra,421,147.0,274.0,47.81,18.86,0.0
ksante,lucian,421,147.0,274.0,47.81,-12.52,14.69
ksante,lulu,421,147.0,274.0,47.81,-22.81,-10.31
ksante,lux,421,147.0,274.0,47.81,-47.81,0.0
ksante,maokai,421,147.0,274.0,47.81,6.04,-4.06
ksante,milio,421,147.0,274.0,47.81,0.0,52.19
ksante,miss fortune,421,147.0,274.0,47.81,28.66,-7.81
ksante,mordekaiser,421,147.0,274.0,47.81,0.0,52.19
ksante,morgana,421,147.0,274.0,47.81,0.0,52.19
ksante,mundo,421,147.0,274.0,47.81,0.0,52.19
ksante,naafiri,421,147.0,274.0,47.81,22.19,-3.37
ksante,nami,421,147.0,274.0,47.81,-7.81,35.52
ksante,nautilus,421,147.0,274.0,47.81,-5.5,5.52
ksante,neeko,421,147.0,274.0,47.81,6.36,5.52
ksante,nidalee,421,147.0,274.0,47.81,-14.48,-6.14
ksante,nilah,421,147.0,274.0,47.81,52.19,0.0
ksante,nocturne,421,147.0,274.0,47.81,-7.81,9.33
ksante,olaf,421,147.0,274.0,47.81,0.0,-7.81
ksante,orianna,421,147.0,274.0,47.81,4.57,-5.7
ksante,ornn,421,147.0,274.0,47.81,0.0,2.19
ksante,pantheon,421,147.0,274.0,47.81,-10.31,-9.35
ksante,poppy,421,147.0,274.0,47.81,10.52,-23.81
ksante,pyke,421,147.0,274.0,47.81,52.19,-47.81
ksante,qiyana,421,147.0,274.0,47.81,2.19,-47.81
ksante,rakan,421,147.0,274.0,47.81,20.05,-5.5
ksante,reksai,421,147.0,274.0,47.81,0.0,-14.48
ksante,rell,421,147.0,274.0,47.81,-1.3,6.24
ksante,renata glasc,421,147.0,274.0,47.81,2.19,-1.14
ksante,renekton,421,147.0,274.0,47.81,0.0,9.33
ksante,rengar,421,147.0,274.0,47.81,0.0,52.19
ksante,rumble,421,147.0,274.0,47.81,0.0,-9.97
ksante,ryze,421,147.0,274.0,47.81,12.19,-15.81
ksante,sejuani,421,147.0,274.0,47.81,-27.81,9.77
ksante,senna,421,147.0,274.0,47.81,9.33,-22.81
ksante,seraphine,421,147.0,274.0,47.81,2.19,52.19
ksante,sett,421,147.0,274.0,47.81,2.19,0.0
ksante,shen,421,147.0,274.0,47.81,0.0,52.19
ksante,shyvana,421,147.0,274.0,47.81,0.0,-47.81
ksante,sion,421,147.0,274.0,47.81,0.0,-10.77
ksante,sivir,421,147.0,274.0,47.81,-6.63,25.52
ksante,skarner,421,147.0,274.0,47.81,-18.4,12.19
ksante,smolder,421,147.0,274.0,47.81,12.19,5.52
ksante,swain,421,147.0,274.0,47.81,-47.81,-47.81
ksante,sylas,421,147.0,274.0,47.81,-47.81,2.19
ksante,syndra,421,147.0,274.0,47.81,2.19,-47.81
ksante,tahm kench,421,147.0,274.0,47.81,-14.48,2.19
ksante,taliyah,421,147.0,274.0,47.81,-12.1,-3.37
ksante,talon,421,147.0,274.0,47.81,-47.81,0.0
ksante,taric,421,147.0,274.0,47.81,0.0,-47.81
ksante,thresh,421,147.0,274.0,47.81,2.19,52.19
ksante,tristana,421,147.0,274.0,47.81,12.19,2.19
ksante,trundle,421,147.0,274.0,47.81,29.97,-7.81
ksante,tryndamere,421,147.0,274.0,47.81,-47.81,0.0
ksante,twisted fate,421,147.0,274.0,47.81,2.19,2.19
ksante,udyr,421,147.0,274.0,47.81,0.0,-47.81
ksante,varus,421,147.0,274.0,47.81,10.52,-12.52
ksante,veigar,421,147.0,274.0,47.81,0.0,-47.81
ksante,vex,421,147.0,274.0,47.81,-47.81,0.0
ksante,vi,421,147.0,274.0,47.81,-1.98,-2.57
ksante,viego,421,147.0,274.0,47.81,27.19,10.52
ksante,viktor,421,147.0,274.0,47.81,6.04,15.05
ksante,vladimir,421,147.0,274.0,47.81,52.19,52.19
ksante,volibear,421,147.0,274.0,47.81,-47.81,-47.81
ksante,wukong,421,147.0,274.0,47.81,-11.45,6.04
ksante,xayah,421,147.0,274.0,47.81,15.35,-7.81
ksante,xerath,421,147.0,274.0,47.81,0.0,52.19
ksante,xin zhao,421,147.0,274.0,47.81,-0.31,6.74
ksante,yasuo,421,147.0,274.0,47.81,0.0,2.19
ksante,yone,421,147.0,274.0,47.81,9.33,-11.45
ksante,yorick,421,147.0,274.0,47.81,0.0,-14.48
ksante,yunara,421,147.0,274.0,47.81,-3.37,-7.81
ksante,yuumi,421,147.0,274.0,47.81,0.0,52.19
ksante,zac,421,147.0,274.0,47.81,52.19,0.0
ksante,zed,421,147.0,274.0,47.81,2.19,2.19
ksante,zeri,421,147.0,274.0,47.81,-3.37,-2.36
ksante,ziggs,421,147.0,274.0,47.81,-19.24,9.33
ksante,zoe,421,147.0,274.0,47.81,0.0,52.19
ksante,zyra,421,147.0,274.0,47.81,8.44,-7.81
braum,aatrox,586,265.0,321.0,51.4,20.03,-1.4
braum,ahri,586,265.0,321.0,51.4,5.74,9.71
braum,akali,586,265.0,321.0,51.4,-13.9,-1.4
braum,alistar,586,265.0,321.0,51.4,0.0,-2.15
braum,ambessa,586,265.0,321.0,51.4,-7.92,5.36
braum,anivia,586,265.0,321.0,51.4,-1.4,0.0
braum,annie,586,265.0,321.0,51.4,-1.4,-5.25
braum,aphelios,586,265.0,321.0,51.4,48.6,-1.4
braum,ashe,586,265.0,321.0,51.4,-8.22,48.6
braum,aurelion sol,586,265.0,321.0,51.4,48.6,48.6
braum,aurora,586,265.0,321.0,51.4,5.36,-8.98
braum,azir,586,265.0,321.0,51.4,-0.24,-4.97
braum,bard,586,265.0,321.0,51.4,0.0,10.14
braum,blitzcrank,586,265.0,321.0,51.4,0.0,15.27
braum,brand,586,265.0,321.0,51.4,-51.4,48.6
braum,caitlyn,586,265.0,321.0,51.4,21.93,-51.4
braum,camille,586,265.0,321.0,51.4,48.6,-1.4
braum,cassiopeia,586,265.0,321.0,51.4,0.0,48.6
braum,chogath,586,265.0,321.0,51.4,23.6,-8.54
braum,corki,586,265.0,321.0,51.4,-26.4,5.2
braum,diana,586,265.0,321.0,51.4,-51.4,48.6
braum,draven,586,265.0,321.0,51.4,0.0,-1.4
braum,ekko,586,265.0,321.0,51.4,0.0,48.6
braum,elise,586,265.0,321.0,51.4,0.0,15.27
braum,ezreal,586,265.0,321.0,51.4,-4.34,11.46
braum,galio,586,265.0,321.0,51.4,-24.13,3.44
braum,gangplank,586,265.0,321.0,51.4,-51.4,0.0
braum,gnar,586,265.0,321.0,51.4,8.6,-8.54
braum,gragas,586,265.0,321.0,51.4,31.93,-18.07
braum,gwen,586,265.0,321.0,51.4,-13.9,0.21
braum,hwei,586,265.0,321.0,51.4,8.6,15.27
braum,ivern,586,265.0,321.0,51.4,48.6,48.6
braum,jarvan iv,586,265.0,321.0,51.4,25.07,-11.4
braum,jax,586,265.0,321.0,51.4,-18.07,-10.22
braum,jayce,586,265.0,321.0,51.4,-7.65,-1.4
braum,jhin,586,265.0,321.0,51.4,-18.07,2.65
braum,jinx,586,265.0,321.0,51.4,-11.4,-1.4
braum,kaisa,586,265.0,321.0,51.4,48.6,2.65
braum,kalista,586,265.0,321.0,51.4,48.6,-18.07
braum,karma,586,265.0,321.0,51.4,0.0,-1.4
braum,kassadin,586,265.0,321.0,51.4,48.6,48.6
braum,kennen,586,265.0,321.0,51.4,-51.4,-1.4
braum,kindred,586,265.0,321.0,51.4,15.27,15.27
braum,kled,586,265.0,321.0,51.4,0.0,-51.4
braum,kog,586,265.0,321.0,51.4,48.6,0.0
braum,ksante,586,265.0,321.0,51.4,-6.57,3.44
braum,leblanc,586,265.0,321.0,51.4,-1.4,-1.4
braum,lee sin,586,265.0,321.0,51.4,11.1,26.38
braum,leona,586,265.0,321.0,51.4,0.0,5.36
braum,lillia,586,265.0,321.0,51.4,-9.73,2.45
braum,lissandra,586,265.0,321.0,51.4,48.6,48.6
braum,lucian,586,265.0,321.0,51.4,0.64,31.93
braum,lulu,586,265.0,321.0,51.4,0.0,23.6
braum,maokai,586,265.0,321.0,51.4,-1.4,5.74
braum,mel,586,265.0,321.0,51.4,48.6,0.0
braum,milio,586,265.0,321.0,51.4,0.0,48.6
braum,miss fortune,586,265.0,321.0,51.4,-18.07,-3.25
braum,mundo,586,265.0,321.0,51.4,0.0,-51.4
braum,naafiri,586,265.0,321.0,51.4,1.93,-31.4
braum,nami,586,265.0,321.0,51.4,0.0,28.6
braum,nautilus,586,265.0,321.0,51.4,0.0,3.86
braum,neeko,586,265.0,321.0,51.4,0.0,-11.4
braum,nidalee,586,265.0,321.0,51.4,-11.4,-31.4
braum,nilah,586,265.0,321.0,51.4,0.0,48.6
braum,nocturne,586,265.0,321.0,51.4,48.6,-5.95
braum,olaf,586,265.0,321.0,51.4,0.0,48.6
braum,orianna,586,265.0,321.0,51.4,-6.4,7.42
braum,ornn,586,265.0,321.0,51.4,-6.96,-11.4
braum,pantheon,586,265.0,321.0,51.4,-16.62,7.98
braum,poppy,586,265.0,321.0,51.4,20.82,-4.03
braum,pyke,586,265.0,321.0,51.4,0.0,-18.07
braum,qiyana,586,265.0,321.0,51.4,48.6,-51.4
braum,rakan,586,265.0,321.0,51.4,0.0,-20.97
braum,reksai,586,265.0,321.0,51.4,0.0,-1.4
braum,rell,586,265.0,321.0,51.4,0.0,-5.37
braum,renata glasc,586,265.0,321.0,51.4,0.0,8.6
braum,renekton,586,265.0,321.0,51.4,10.5,12.24
braum,rumble,586,265.0,321.0,51.4,4.85,0.21
braum,ryze,586,265.0,321.0,51.4,22.67,3.44
braum,sejuani,586,265.0,321.0,51.4,-16.78,6.29
braum,senna,586,265.0,321.0,51.4,10.14,-19.82
braum,seraphine,586,265.0,321.0,51.4,0.0,48.6
braum,sett,586,265.0,321.0,51.4,0.0,-1.4
braum,shen,586,265.0,321.0,51.4,-1.4,15.27
braum,sion,586,265.0,321.0,51.4,11.39,8.6
braum,sivir,586,265.0,321.0,51.4,12.89,2.45
braum,skarner,586,265.0,321.0,51.4,-7.65,28.6
braum,smolder,586,265.0,321.0,51.4,31.93,23.6
braum,swain,586,265.0,321.0,51.4,48.6,-51.4
braum,sylas,586,265.0,321.0,51.4,-1.4,10.14
braum,syndra,586,265.0,321.0,51.4,-51.4,15.27
braum,taliyah,586,265.0,321.0,51.4,8.06,-15.04
braum,thresh,586,265.0,321.0,51.4,0.0,-1.4
braum,tristana,586,265.0,321.0,51.4,-1.4,48.6
braum,trundle,586,265.0,321.0,51.4,4.85,11.76
braum,twisted fate,586,265.0,321.0,51.4,-26.4,-1.4
braum,udyr,586,265.0,321.0,51.4,-1.4,0.0
braum,varus,586,265.0,321.0,51.4,-1.4,-14.73
braum,veigar,586,265.0,321.0,51.4,0.0,-51.4
braum,vi,586,265.0,321.0,51.4,0.21,-5.25
braum,viego,586,265.0,321.0,51.4,-8.54,18.6
braum,viktor,586,265.0,321.0,51.4,-14.56,-4.34
braum,vladimir,586,265.0,321.0,51.4,-51.4,-51.4
braum,volibear,586,265.0,321.0,51.4,-26.4,48.6
braum,wukong,586,265.0,321.0,51.4,-9.73,-6.96
braum,xayah,586,265.0,321.0,51.4,-13.9,-18.07
braum,xin zhao,586,265.0,321.0,51.4,3.77,-2.34
braum,yasuo,586,265.0,321.0,51.4,0.0,15.27
braum,yone,586,265.0,321.0,51.4,3.15,-14.56
braum,yorick,586,265.0,321.0,51.4,-11.4,10.14
braum,yunara,586,265.0,321.0,51.4,11.1,-51.4
braum,yuumi,586,265.0,321.0,51.4,0.0,48.6
braum,zac,586,265.0,321.0,51.4,48.6,0.0
braum,zed,586,265.0,321.0,51.4,23.6,28.6
braum,zeri,586,265.0,321.0,51.4,-11.4,-8.54
braum,ziggs,586,265.0,321.0,51.4,15.27,-4.03
braum,zoe,586,265.0,321.0,51.4,48.6,48.6
braum,zyra,586,265.0,321.0,51.4,-18.07,15.27
leblanc,ahri,54,33.0,21.0,47.62,0.0,52.38
leblanc,akali,54,33.0,21.0,47.62,0.0,52.38
leblanc,alistar,54,33.0,21.0,47.62,2.38,52.38
leblanc,ambessa,54,33.0,21.0,47.62,0.0,-22.62
leblanc,aphelios,54,33.0,21.0,47.62,0.0,52.38
leblanc,ashe,54,33.0,21.0,47.62,-47.62,52.38
leblanc,aurora,54,33.0,21.0,47.62,0.0,52.38
leblanc,azir,54,33.0,21.0,47.62,0.0,19.05
leblanc,bard,54,33.0,21.0,47.62,52.38,-47.62
leblanc,braum,54,33.0,21.0,47.62,2.38,2.38
leblanc,caitlyn,54,33.0,21.0,47.62,52.38,0.0
leblanc,camille,54,33.0,21.0,47.62,52.38,0.0
leblanc,corki,54,33.0,21.0,47.62,52.38,-47.62
leblanc,elise,54,33.0,21.0,47.62,52.38,0.0
leblanc,ezreal,54,33.0,21.0,47.62,2.38,2.38
leblanc,galio,54,33.0,21.0,47.62,52.38,0.0
leblanc,gangplank,54,33.0,21.0,47.62,0.0,-47.62
leblanc,gnar,54,33.0,21.0,47.62,2.38,2.38
leblanc,gwen,54,33.0,21.0,47.62,0.0,2.38
leblanc,irelia,54,33.0,21.0,47.62,-47.62,0.0
leblanc,jarvan iv,54,33.0,21.0,47.62,0.0,2.38
leblanc,jax,54,33.0,21.0,47.62,2.38,52.38
leblanc,jayce,54,33.0,21.0,47.62,52.38,-47.62
leblanc,jhin,54,33.0,21.0,47.62,0.0,2.38
leblanc,kaisa,54,33.0,21.0,47.62,2.38,-47.62
leblanc,kalista,54,33.0,21.0,47.62,-47.62,2.38
leblanc,karma,54,33.0,21.0,47.62,0.0,-47.62
leblanc,kennen,54,33.0,21.0,47.62,0.0,-47.62
leblanc,khazix,54,33.0,21.0,47.62,-47.62,0.0
leblanc,kled,54,33.0,21.0,47.62,-47.62,0.0
leblanc,ksante,54,33.0,21.0,47.62,52.38,19.05
leblanc,lee sin,54,33.0,21.0,47.62,0.0,2.38
leblanc,leona,54,33.0,21.0,47.62,52.38,19.05
leblanc,lucian,54,33.0,21.0,47.62,2.38,-47.62
leblanc,lulu,54,33.0,21.0,47.62,52.38,0.0
leblanc,maokai,54,33.0,21.0,47.62,-47.62,0.0
leblanc,mel,54,33.0,21.0,47.62,-47.62,0.0
leblanc,miss fortune,54,33.0,21.0,47.62,-14.29,52.38
leblanc,naafiri,54,33.0,21.0,47.62,-47.62,52.38
leblanc,nami,54,33.0,21.0,47.62,2.38,-47.62
leblanc,nautilus,54,33.0,21.0,47.62,0.0,-47.62
leblanc,neeko,54,33.0,21.0,47.62,-47.62,52.38
leblanc,nidalee,54,33.0,21.0,47.62,2.38,-47.62
leblanc,nocturne,54,33.0,21.0,47.62,52.38,-47.62
leblanc,orianna,54,33.0,21.0,47.62,0.0,-14.29
leblanc,ornn,54,33.0,21.0,47.62,52.38,0.0
leblanc,pantheon,54,33.0,21.0,47.62,2.38,-47.62
leblanc,poppy,54,33.0,21.0,47.62,2.38,-47.62
leblanc,reksai,54,33.0,21.0,47.62,-47.62,0.0
leblanc,rell,54,33.0,21.0,47.62,-7.62,52.38
leblanc,renata glasc,54,33.0,21.0,47.62,0.0,2.38
leblanc,renekton,54,33.0,21.0,47.62,-47.62,52.38
leblanc,rumble,54,33.0,21.0,47.62,0.0,27.38
leblanc,ryze,54,33.0,21.0,47.62,0.0,-47.62
leblanc,sejuani,54,33.0,21.0,47.62,-47.62,-47.62
leblanc,sion,54,33.0,21.0,47.62,52.38,-47.62
leblanc,sivir,54,33.0,21.0,47.62,0.0,52.38
leblanc,skarner,54,33.0,21.0,47.62,-47.62,2.38
leblanc,smolder,54,33.0,21.0,47.62,-47.62,0.0
leblanc,sylas,54,33.0,21.0,47.62,0.0,2.38
leblanc,taliyah,54,33.0,21.0,47.62,0.0,-47.62
leblanc,talon,54,33.0,21.0,47.62,0.0,52.38
leblanc,taric,54,33.0,21.0,47.62,0.0,52.38
leblanc,trundle,54,33.0,21.0,47.62,2.38,0.0
leblanc,twisted fate,54,33.0,21.0,47.62,0.0,-47.62
leblanc,varus,54,33.0,21.0,47.62,2.38,-47.62
leblanc,vi,54,33.0,21.0,47.62,-47.62,52.38
leblanc,viego,54,33.0,21.0,47.62,52.38,52.38
leblanc,viktor,54,33.0,21.0,47.62,0.0,-47.62
leblanc,volibear,54,33.0,21.0,47.62,-47.62,0.0
leblanc,wukong,54,33.0,21.0,47.62,2.38,0.0
leblanc,xayah,54,33.0,21.0,47.62,0.0,52.38
leblanc,xin zhao,54,33.0,21.0,47.62,52.38,-47.62
leblanc,yasuo,54,33.0,21.0,47.62,0.0,2.38
leblanc,yorick,54,33.0,21.0,47.62,-47.62,0.0
leblanc,zac,54,33.0,21.0,47.62,0.0,52.38
leblanc,zeri,54,33.0,21.0,47.62,52.38,-47.62
leblanc,ziggs,54,33.0,21.0,47.62,0.0,-47.62
leblanc,zyra,54,33.0,21.0,47.62,0.0,-47.62
poppy,aatrox,960,679.0,281.0,60.5,-5.95,12.23
poppy,ahri,960,679.0,281.0,60.5,-8.5,3.5
poppy,akali,960,679.0,281.0,60.5,-16.06,-27.17
poppy,alistar,960,679.0,281.0,60.5,-12.88,-4.25
poppy,ambessa,960,679.0,281.0,60.5,-5.33,8.25
poppy,annie,960,679.0,281.0,60.5,12.83,24.12
poppy,aphelios,960,679.0,281.0,60.5,-10.5,-10.5
poppy,ashe,960,679.0,281.0,60.5,14.5,-0.5
poppy,aurora,960,679.0,281.0,60.5,9.5,14.5
poppy,azir,960,679.0,281.0,60.5,-9.44,-5.5
poppy,bard,960,679.0,281.0,60.5,-10.5,14.5
poppy,blitzcrank,960,679.0,281.0,60.5,19.5,19.5
poppy,brand,960,679.0,281.0,60.5,0.0,-10.5
poppy,braum,960,679.0,281.0,60.5,11.72,-7.87
poppy,caitlyn,960,679.0,281.0,60.5,22.83,-60.5
poppy,camille,960,679.0,281.0,60.5,6.17,-10.5
poppy,cassiopeia,960,679.0,281.0,60.5,39.5,6.17
poppy,chogath,960,679.0,281.0,60.5,-35.5,0.0
poppy,corki,960,679.0,281.0,60.5,-26.12,6.17
poppy,diana,960,679.0,281.0,60.5,-60.5,0.0
poppy,draven,960,679.0,281.0,60.5,6.17,39.5
poppy,ekko,960,679.0,281.0,60.5,0.0,39.5
poppy,elise,960,679.0,281.0,60.5,6.17,6.17
poppy,ezreal,960,679.0,281.0,60.5,-19.87,1.66
poppy,fiddlesticks,960,679.0,281.0,60.5,39.5,0.0
poppy,fiora,960,679.0,281.0,60.5,39.5,0.0
poppy,galio,960,679.0,281.0,60.5,24.12,-6.65
poppy,gangplank,960,679.0,281.0,60.5,-10.5,-60.5
poppy,gnar,960,679.0,281.0,60.5,30.41,6.17
poppy,gragas,960,679.0,281.0,60.5,14.5,-4.94
poppy,graves,960,679.0,281.0,60.5,0.0,39.5
poppy,gwen,960,679.0,281.0,60.5,-13.13,-1.12
poppy,hwei,960,679.0,281.0,60.5,6.17,22.83
poppy,irelia,960,679.0,281.0,60.5,39.5,0.0
poppy,ivern,960,679.0,281.0,60.5,-60.5,39.5
poppy,jarvan iv,960,679.0,281.0,60.5,14.5,-10.5
poppy,jax,960,679.0,281.0,60.5,-19.32,-10.5
poppy,jayce,960,679.0,281.0,60.5,14.5,6.17
poppy,jhin,960,679.0,281.0,60.5,-1.41,9.2
poppy,jinx,960,679.0,281.0,60.5,9.5,-6.65
poppy,kaisa,960,679.0,281.0,60.5,13.69,3.79
poppy,kalista,960,679.0,281.0,60.5,-10.5,24.12
poppy,karma,960,679.0,281.0,60.5,-10.5,-16.06
poppy,kassadin,960,679.0,281.0,60.5,-60.5,39.5
poppy,kennen,960,679.0,281.0,60.5,39.5,39.5
poppy,khazix,960,679.0,281.0,60.5,0.0,39.5
poppy,kindred,960,679.0,281.0,60.5,0.0,39.5
poppy,kled,960,679.0,281.0,60.5,-60.5,0.0
poppy,ksante,960,679.0,281.0,60.5,-2.17,15.5
poppy,leblanc,960,679.0,281.0,60.5,-10.5,39.5
poppy,lee sin,960,679.0,281.0,60.5,0.0,6.17
poppy,leona,960,679.0,281.0,60.5,6.17,15.26
poppy,lillia,960,679.0,281.0,60.5,25.21,-10.5
poppy,lissandra,960,679.0,281.0,60.5,-60.5,0.0
poppy,lucian,960,679.0,281.0,60.5,14.5,9.5
poppy,lulu,960,679.0,281.0,60.5,39.5,-5.95
poppy,lux,960,679.0,281.0,60.5,39.5,0.0
poppy,malzahar,960,679.0,281.0,60.5,0.0,39.5
poppy,maokai,960,679.0,281.0,60.5,14.5,-4.25
poppy,mel,960,679.0,281.0,60.5,39.5,39.5
poppy,milio,960,679.0,281.0,60.5,0.0,39.5
poppy,miss fortune,960,679.0,281.0,60.5,7.92,-1.41
poppy,mordekaiser,960,679.0,281.0,60.5,-10.5,-27.17
poppy,morgana,960,679.0,281.0,60.5,0.0,-60.5
poppy,mundo,960,679.0,281.0,60.5,39.5,-10.5
poppy,naafiri,960,679.0,281.0,60.5,-4.94,-1.41
poppy,nami,960,679.0,281.0,60.5,6.17,39.5
poppy,nautilus,960,679.0,281.0,60.5,-27.17,-1.68
poppy,neeko,960,679.0,281.0,60.5,9.5,-10.5
poppy,nidalee,960,679.0,281.0,60.5,14.5,3.14
poppy,nilah,960,679.0,281.0,60.5,0.0,-60.5
poppy,nocturne,960,679.0,281.0,60.5,-27.17,-10.5
poppy,olaf,960,679.0,281.0,60.5,-60.5,39.5
poppy,orianna,960,679.0,281.0,60.5,2.0,-10.5
poppy,ornn,960,679.0,281.0,60.5,-20.5,25.21
poppy,pantheon,960,679.0,281.0,60.5,6.17,0.21
poppy,pyke,960,679.0,281.0,60.5,0.0,39.5
poppy,qiyana,960,679.0,281.0,60.5,-60.5,-60.5
poppy,rakan,960,679.0,281.0,60.5,29.5,-12.35
poppy,rell,960,679.0,281.0,60.5,6.17,7.24
poppy,renata glasc,960,679.0,281.0,60.5,-15.05,17.28
poppy,renekton,960,679.0,281.0,60.5,-4.94,-13.44
poppy,rumble,960,679.0,281.0,60.5,7.92,-17.17
poppy,ryze,960,679.0,281.0,60.5,12.58,-17.02
poppy,sejuani,960,679.0,281.0,60.5,-7.17,25.21
poppy,senna,960,679.0,281.0,60.5,-31.93,-27.17
poppy,seraphine,960,679.0,281.0,60.5,-10.5,0.0
poppy,sett,960,679.0,281.0,60.5,39.5,-60.5
poppy,shen,960,679.0,281.0,60.5,0.0,39.5
poppy,shyvana,960,679.0,281.0,60.5,39.5,0.0
poppy,sion,960,679.0,281.0,60.5,-5.5,-20.5
poppy,sivir,960,679.0,281.0,60.5,19.5,-20.5
poppy,skarner,960,679.0,281.0,60.5,-6.65,-16.06
poppy,smolder,960,679.0,281.0,60.5,10.93,-10.5
poppy,sylas,960,679.0,281.0,60.5,-0.5,6.17
poppy,syndra,960,679.0,281.0,60.5,0.0,39.5
poppy,taliyah,960,679.0,281.0,60.5,-2.44,-4.94
poppy,talon,960,679.0,281.0,60.5,0.0,39.5
poppy,taric,960,679.0,281.0,60.5,-60.5,39.5
poppy,thresh,960,679.0,281.0,60.5,0.0,-60.5
poppy,tristana,960,679.0,281.0,60.5,39.5,14.5
poppy,trundle,960,679.0,281.0,60.5,-3.36,6.17
poppy,tryndamere,960,679.0,281.0,60.5,-10.5,0.0
poppy,twisted fate,960,679.0,281.0,60.5,-60.5,19.5
poppy,twitch,960,679.0,281.0,60.5,0.0,39.5
poppy,udyr,960,679.0,281.0,60.5,0.0,-60.5
poppy,varus,960,679.0,281.0,60.5,5.21,4.5
poppy,veigar,960,679.0,281.0,60.5,39.5,0.0
poppy,vi,960,679.0,281.0,60.5,-0.5,-29.07
poppy,viego,960,679.0,281.0,60.5,2.0,27.0
poppy,viktor,960,679.0,281.0,60.5,-1.88,10.09
poppy,vladimir,960,679.0,281.0,60.5,0.0,-60.5
poppy,volibear,960,679.0,281.0,60.5,0.0,39.5
poppy,warwick,960,679.0,281.0,60.5,-60.5,0.0
poppy,wukong,960,679.0,281.0,60.5,2.0,7.5
poppy,xayah,960,679.0,281.0,60.5,10.93,-16.75
poppy,xin zhao,960,679.0,281.0,60.5,-12.5,5.13
poppy,yasuo,960,679.0,281.0,60.5,0.0,39.5
poppy,yone,960,679.0,281.0,60.5,1.04,-10.5
poppy,yorick,960,679.0,281.0,60.5,21.32,1.04
poppy,yunara,960,679.0,281.0,60.5,6.17,-10.5
poppy,zed,960,679.0,281.0,60.5,-10.5,-60.5
poppy,zeri,960,679.0,281.0,60.5,-3.36,-10.5
poppy,ziggs,960,679.0,281.0,60.5,-43.83,10.93
poppy,zoe,960,679.0,281.0,60.5,0.0,-10.5
poppy,zyra,960,679.0,281.0,60.5,39.5,19.5
jax,aatrox,359,169.0,190.0,49.47,-49.47,17.2
jax,ahri,359,169.0,190.0,49.47,9.35,4.38
jax,akali,359,169.0,190.0,49.47,-6.61,25.53
jax,alistar,359,169.0,190.0,49.47,11.24,7.67
jax,ambessa,359,169.0,190.0,49.47,-49.47,0.53
jax,anivia,359,169.0,190.0,49.47,0.0,0.53
jax,annie,359,169.0,190.0,49.47,0.53,0.53
jax,aphelios,359,169.0,190.0,49.47,-49.47,-49.47
jax,ashe,359,169.0,190.0,49.47,17.2,17.2
jax,aurelion sol,359,169.0,190.0,49.47,-49.47,0.53
jax,aurora,359,169.0,190.0,49.47,-3.32,0.53
jax,azir,359,169.0,190.0,49.47,5.53,13.03
jax,bard,359,169.0,190.0,49.47,0.53,-9.47
jax,blitzcrank,359,169.0,190.0,49.47,-16.14,25.53
jax,braum,359,169.0,190.0,49.47,-16.14,9.35
jax,caitlyn,359,169.0,190.0,49.47,17.2,-16.14
jax,camille,359,169.0,190.0,49.47,50.53,-49.47
jax,cassiopeia,359,169.0,190.0,49.47,-49.47,50.53
jax,chogath,359,169.0,190.0,49.47,0.0,17.2
jax,corki,359,169.0,190.0,49.47,-4.47,14.17
jax,diana,359,169.0,190.0,49.47,0.0,50.53
jax,draven,359,169.0,190.0,49.47,-49.47,-49.47
jax,elise,359,169.0,190.0,49.47,17.2,-16.14
jax,ezreal,359,169.0,190.0,49.47,-14.47,2.7
jax,galio,359,169.0,190.0,49.47,0.53,-6.61
jax,gangplank,359,169.0,190.0,49.47,0.0,6.09
jax,garen,359,169.0,190.0,49.47,0.0,50.53
jax,gnar,359,169.0,190.0,49.47,0.0,-2.8
jax,gragas,359,169.0,190.0,49.47,17.2,8.42
jax,gwen,359,169.0,190.0,49.47,50.53,-4.02
jax,hwei,359,169.0,190.0,49.47,0.53,-24.47
jax,ivern,359,169.0,190.0,49.47,0.53,50.53
jax,jarvan iv,359,169.0,190.0,49.47,7.67,13.03
jax,jayce,359,169.0,190.0,49.47,10.53,-11.97
jax,jhin,359,169.0,190.0,49.47,-4.02,-8.56
jax,jinx,359,169.0,190.0,49.47,30.53,-16.14
jax,kaisa,359,169.0,190.0,49.47,-4.02,-13.76
jax,kalista,359,169.0,190.0,49.47,10.53,-6.61
jax,karma,359,169.0,190.0,49.47,0.53,-49.47
jax,kassadin,359,169.0,190.0,49.47,0.0,-49.47
jax,kennen,359,169.0,190.0,49.47,0.0,-16.14
jax,kindred,359,169.0,190.0,49.47,0.53,0.0
jax,kled,359,169.0,190.0,49.47,0.0,50.53
jax,kog,359,169.0,190.0,49.47,0.53,0.0
jax,ksante,359,169.0,190.0,49.47,0.0,-6.61
jax,leblanc,359,169.0,190.0,49.47,0.53,-49.47
jax,lee sin,359,169.0,190.0,49.47,-24.47,-16.14
jax,leona,359,169.0,190.0,49.47,-9.47,4.7
jax,lillia,359,169.0,190.0,49.47,10.53,-16.14
jax,lucian,359,169.0,190.0,49.47,-9.47,17.2
jax,lulu,359,169.0,190.0,49.47,10.53,-9.47
jax,malphite,359,169.0,190.0,49.47,0.0,50.53
jax,maokai,359,169.0,190.0,49.47,21.12,-4.02
jax,mel,359,169.0,190.0,49.47,-49.47,17.2
jax,milio,359,169.0,190.0,49.47,0.0,50.53
jax,miss fortune,359,169.0,190.0,49.47,4.38,28.79
jax,morgana,359,169.0,190.0,49.47,-49.47,0.0
jax,mundo,359,169.0,190.0,49.47,0.0,-49.47
jax,naafiri,359,169.0,190.0,49.47,-5.03,30.53
jax,nami,359,169.0,190.0,49.47,0.0,17.2
jax,nautilus,359,169.0,190.0,49.47,0.53,-2.1
jax,neeko,359,169.0,190.0,49.47,-16.14,-2.8
jax,nidalee,359,169.0,190.0,49.47,30.53,-20.9
jax,nilah,359,169.0,190.0,49.47,50.53,0.0
jax,nocturne,359,169.0,190.0,49.47,-29.47,-6.61
jax,nunu,359,169.0,190.0,49.47,0.0,50.53
jax,olaf,359,169.0,190.0,49.47,0.53,0.0
jax,orianna,359,169.0,190.0,49.47,10.53,0.53
jax,ornn,359,169.0,190.0,49.47,0.0,17.2
jax,pantheon,359,169.0,190.0,49.47,29.48,0.53
jax,poppy,359,169.0,190.0,49.47,-8.29,0.53
jax,pyke,359,169.0,190.0,49.47,0.53,-49.47
jax,qiyana,359,169.0,190.0,49.47,0.0,50.53
jax,rakan,359,169.0,190.0,49.47,11.24,-13.47
jax,rammus,359,169.0,190.0,49.47,-49.47,0.0
jax,rell,359,169.0,190.0,49.47,-22.8,8.22
jax,renata glasc,359,169.0,190.0,49.47,5.08,-24.47
jax,renekton,359,169.0,190.0,49.47,50.53,-11.01
jax,rumble,359,169.0,190.0,49.47,0.53,50.53
jax,ryze,359,169.0,190.0,49.47,3.47,-10.58
jax,sejuani,359,169.0,190.0,49.47,-16.14,-2.1
jax,senna,359,169.0,190.0,49.47,0.53,0.53
jax,seraphine,359,169.0,190.0,49.47,50.53,0.0
jax,sett,359,169.0,190.0,49.47,50.53,0.0
jax,shen,359,169.0,190.0,49.47,0.0,0.53
jax,sion,359,169.0,190.0,49.47,50.53,0.53
jax,sivir,359,169.0,190.0,49.47,-4.02,-38.36
jax,skarner,359,169.0,190.0,49.47,0.53,0.53
jax,smolder,359,169.0,190.0,49.47,17.2,0.0
jax,swain,359,169.0,190.0,49.47,0.0,-49.47
jax,sylas,359,169.0,190.0,49.47,10.53,-4.02
jax,syndra,359,169.0,190.0,49.47,0.0,-49.47
jax,tahm kench,359,169.0,190.0,49.47,50.53,50.53
jax,taliyah,359,169.0,190.0,49.47,-2.1,-8.29
jax,talon,359,169.0,190.0,49.47,50.53,0.0
jax,taric,359,169.0,190.0,49.47,0.53,50.53
jax,thresh,359,169.0,190.0,49.47,-49.47,0.0
jax,tristana,359,169.0,190.0,49.47,-29.47,10.53
jax,trundle,359,169.0,190.0,49.47,-9.47,23.26
jax,tryndamere,359,169.0,190.0,49.47,-49.47,0.0
jax,twisted fate,359,169.0,190.0,49.47,0.53,17.2
jax,twitch,359,169.0,190.0,49.47,50.53,0.0
jax,udyr,359,169.0,190.0,49.47,0.0,-16.14
jax,urgot,359,169.0,190.0,49.47,0.0,50.53
jax,varus,359,169.0,190.0,49.47,7.05,-18.22
jax,vi,359,169.0,190.0,49.47,-9.47,-11.97
jax,viego,359,169.0,190.0,49.47,-29.47,-49.47
jax,viktor,359,169.0,190.0,49.47,-14.18,0.53
jax,vladimir,359,169.0,190.0,49.47,50.53,0.0
jax,volibear,359,169.0,190.0,49.47,-16.14,0.0
jax,wukong,359,169.0,190.0,49.47,-9.47,0.53
jax,xayah,359,169.0,190.0,49.47,5.08,-16.14
jax,xin zhao,359,169.0,190.0,49.47,14.17,3.03
jax,yasuo,359,169.0,190.0,49.47,0.0,50.53
jax,yone,359,169.0,190.0,49.47,-16.14,-5.72
jax,yorick,359,169.0,190.0,49.47,50.53,0.53
jax,yunara,359,169.0,190.0,49.47,0.53,50.53
jax,yuumi,359,169.0,190.0,49.47,0.0,50.53
jax,zed,359,169.0,190.0,49.47,0.53,0.0
jax,zeri,359,169.0,190.0,49.47,50.53,33.86
jax,ziggs,359,169.0,190.0,49.47,-11.97,0.53
jax,zoe,359,169.0,190.0,49.47,0.0,0.53
jax,zyra,359,169.0,190.0,49.47,-24.47,10.53
maokai,aatrox,383,213.0,170.0,49.41,-4.97,-16.08
maokai,ahri,383,213.0,170.0,49.41,-16.08,4.44
maokai,akali,383,213.0,170.0,49.41,0.59,17.26
maokai,alistar,383,213.0,170.0,49.41,-2.04,-3.58
maokai,ambessa,383,213.0,170.0,49.41,-9.41,-7.3
maokai,anivia,383,213.0,170.0,49.41,-49.41,0.0
maokai,annie,383,213.0,170.0,49.41,-49.41,-32.74
maokai,aphelios,383,213.0,170.0,49.41,-49.41,0.59
maokai,ashe,383,213.0,170.0,49.41,-32.74,17.26
maokai,aurelion sol,383,213.0,170.0,49.41,0.0,-49.41
maokai,aurora,383,213.0,170.0,49.41,6.15,9.41
maokai,azir,383,213.0,170.0,49.41,7.73,15.81
maokai,bard,383,213.0,170.0,49.41,0.59,-4.97
maokai,blitzcrank,383,213.0,170.0,49.41,23.32,0.59
maokai,brand,383,213.0,170.0,49.41,0.0,-49.41
maokai,braum,383,213.0,170.0,49.41,0.59,-6.55
maokai,caitlyn,383,213.0,170.0,49.41,50.59,0.0
maokai,camille,383,213.0,170.0,49.41,50.59,0.0
maokai,cassiopeia,383,213.0,170.0,49.41,17.26,0.59
maokai,chogath,383,213.0,170.0,49.41,0.59,-29.41
maokai,corki,383,213.0,170.0,49.41,-16.08,13.75
maokai,draven,383,213.0,170.0,49.41,50.59,-49.41
maokai,elise,383,213.0,170.0,49.41,-49.41,-49.41
maokai,ezreal,383,213.0,170.0,49.41,19.82,2.31
maokai,galio,383,213.0,170.0,49.41,-49.41,50.59
maokai,gangplank,383,213.0,170.0,49.41,50.59,50.59
maokai,garen,383,213.0,170.0,49.41,50.59,50.59
maokai,gnar,383,213.0,170.0,49.41,-4.97,0.59
maokai,gragas,383,213.0,170.0,49.41,0.59,0.59
maokai,gwen,383,213.0,170.0,49.41,-27.19,-11.91
maokai,hwei,383,213.0,170.0,49.41,36.3,10.59
maokai,ivern,383,213.0,170.0,49.41,0.0,-9.41
maokai,jarvan iv,383,213.0,170.0,49.41,0.0,17.26
maokai,jax,383,213.0,170.0,49.41,21.18,5.14
maokai,jayce,383,213.0,170.0,49.41,-4.41,17.26
maokai,jhin,383,213.0,170.0,49.41,0.59,-16.08
maokai,jinx,383,213.0,170.0,49.41,25.59,0.59
maokai,kaisa,383,213.0,170.0,49.41,-24.41,2.97
maokai,kalista,383,213.0,170.0,49.41,-9.41,13.09
maokai,karma,383,213.0,170.0,49.41,-6.55,10.59
maokai,karthus,383,213.0,170.0,49.41,0.0,-49.41
maokai,kennen,383,213.0,170.0,49.41,0.0,-49.41
maokai,kled,383,213.0,170.0,49.41,-49.41,-49.41
maokai,kog,383,213.0,170.0,49.41,50.59,0.0
maokai,ksante,383,213.0,170.0,49.41,4.44,6.84
maokai,leblanc,383,213.0,170.0,49.41,-49.41,0.0
maokai,lee sin,383,213.0,170.0,49.41,50.59,0.59
maokai,leona,383,213.0,170.0,49.41,10.59,-5.93
maokai,lillia,383,213.0,170.0,49.41,0.59,-20.84
maokai,lissandra,383,213.0,170.0,49.41,50.59,0.0
maokai,lucian,383,213.0,170.0,49.41,-16.08,17.26
maokai,lulu,383,213.0,170.0,49.41,0.59,0.59
maokai,mel,383,213.0,170.0,49.41,-49.41,50.59
maokai,milio,383,213.0,170.0,49.41,-16.08,50.59
maokai,miss fortune,383,213.0,170.0,49.41,-2.74,0.59
maokai,mordekaiser,383,213.0,170.0,49.41,0.0,-49.41
maokai,morgana,383,213.0,170.0,49.41,0.0,-49.41
maokai,mundo,383,213.0,170.0,49.41,0.0,17.26
maokai,naafiri,383,213.0,170.0,49.41,50.59,50.59
maokai,nami,383,213.0,170.0,49.41,-49.41,0.0
maokai,nautilus,383,213.0,170.0,49.41,14.88,12.13
maokai,neeko,383,213.0,170.0,49.41,-16.08,0.59
maokai,nidalee,383,213.0,170.0,49.41,50.59,-16.08
maokai,nilah,383,213.0,170.0,49.41,50.59,0.0
maokai,nocturne,383,213.0,170.0,49.41,10.59,-24.41
maokai,olaf,383,213.0,170.0,49.41,0.0,50.59
maokai,orianna,383,213.0,170.0,49.41,0.59,-16.08
maokai,ornn,383,213.0,170.0,49.41,0.59,-20.84
maokai,pantheon,383,213.0,170.0,49.41,-49.41,-25.88
maokai,poppy,383,213.0,170.0,49.41,25.59,-5.66
maokai,pyke,383,213.0,170.0,49.41,50.59,0.0
maokai,quinn,383,213.0,170.0,49.41,0.0,50.59
maokai,rakan,383,213.0,170.0,49.41,5.59,-9.41
maokai,rell,383,213.0,170.0,49.41,-1.26,17.26
maokai,renata glasc,383,213.0,170.0,49.41,-32.74,7.73
maokai,renekton,383,213.0,170.0,49.41,4.44,14.88
maokai,rumble,383,213.0,170.0,49.41,-10.52,-18.64
maokai,ryze,383,213.0,170.0,49.41,22.02,-32.74
maokai,sejuani,383,213.0,170.0,49.41,-49.41,9.68
maokai,senna,383,213.0,170.0,49.41,-32.74,0.59
maokai,seraphine,383,213.0,170.0,49.41,-49.41,50.59
maokai,sett,383,213.0,170.0,49.41,0.0,-49.41
maokai,shen,383,213.0,170.0,49.41,-49.41,0.0
maokai,sion,383,213.0,170.0,49.41,-16.08,-2.04
maokai,sivir,383,213.0,170.0,49.41,7.73,-20.84
maokai,skarner,383,213.0,170.0,49.41,0.0,-13.7
maokai,smolder,383,213.0,170.0,49.41,-29.41,-16.08
maokai,swain,383,213.0,170.0,49.41,50.59,0.0
maokai,sylas,383,213.0,170.0,49.41,-20.84,0.59
maokai,syndra,383,213.0,170.0,49.41,0.0,50.59
maokai,tahm kench,383,213.0,170.0,49.41,-49.41,0.0
maokai,taliyah,383,213.0,170.0,49.41,20.59,7.73
maokai,thresh,383,213.0,170.0,49.41,0.0,50.59
maokai,tristana,383,213.0,170.0,49.41,14.88,-16.08
maokai,trundle,383,213.0,170.0,49.41,-16.08,6.15
maokai,tryndamere,383,213.0,170.0,49.41,0.0,-49.41
maokai,twisted fate,383,213.0,170.0,49.41,0.0,10.59
maokai,udyr,383,213.0,170.0,49.41,0.0,0.59
maokai,urgot,383,213.0,170.0,49.41,-49.41,0.0
maokai,varus,383,213.0,170.0,49.41,0.59,-11.91
maokai,vayne,383,213.0,170.0,49.41,0.0,50.59
maokai,vex,383,213.0,170.0,49.41,0.0,-49.41
maokai,vi,383,213.0,170.0,49.41,-16.08,11.7
maokai,viego,383,213.0,170.0,49.41,0.0,25.59
maokai,viktor,383,213.0,170.0,49.41,6.15,0.59
maokai,vladimir,383,213.0,170.0,49.41,50.59,0.0
maokai,volibear,383,213.0,170.0,49.41,0.0,-49.41
maokai,wukong,383,213.0,170.0,49.41,-16.08,5.14
maokai,xayah,383,213.0,170.0,49.41,28.37,-16.08
maokai,xin zhao,383,213.0,170.0,49.41,17.26,15.59
maokai,yasuo,383,213.0,170.0,49.41,-16.08,25.59
maokai,yone,383,213.0,170.0,49.41,4.08,-13.7
maokai,yorick,383,213.0,170.0,49.41,-3.96,-49.41
maokai,yunara,383,213.0,170.0,49.41,0.59,-49.41
maokai,yuumi,383,213.0,170.0,49.41,-49.41,0.59
maokai,zed,383,213.0,170.0,49.41,0.0,-49.41
maokai,zeri,383,213.0,170.0,49.41,-49.41,10.59
maokai,ziggs,383,213.0,170.0,49.41,0.59,-20.84
maokai,zyra,383,213.0,170.0,49.41,0.59,25.59
azir,aatrox,1025,682.0,343.0,48.98,-36.48,-15.65
azir,ahri,1025,682.0,343.0,48.98,0.0,11.44
azir,akali,1025,682.0,343.0,48.98,51.02,11.02
azir,alistar,1025,682.0,343.0,48.98,-3.53,8.16
azir,ambessa,1025,682.0,343.0,48.98,-13.08,14.18
azir,annie,1025,682.0,343.0,48.98,0.0,-7.8
azir,aphelios,1025,682.0,343.0,48.98,-48.98,51.02
azir,ashe,1025,682.0,343.0,48.98,-15.65,1.02
azir,aurelion sol,1025,682.0,343.0,48.98,0.0,51.02
azir,aurora,1025,682.0,343.0,48.98,1.02,-3.27
azir,bard,1025,682.0,343.0,48.98,13.52,17.69
azir,blitzcrank,1025,682.0,343.0,48.98,51.02,1.02
azir,brand,1025,682.0,343.0,48.98,0.0,-48.98
azir,braum,1025,682.0,343.0,48.98,2.18,4.59
azir,caitlyn,1025,682.0,343.0,48.98,22.45,-48.98
azir,camille,1025,682.0,343.0,48.98,51.02,1.02
azir,chogath,1025,682.0,343.0,48.98,1.02,26.02
azir,corki,1025,682.0,343.0,48.98,2.54,28.16
azir,diana,1025,682.0,343.0,48.98,0.0,51.02
azir,draven,1025,682.0,343.0,48.98,51.02,-48.98
azir,ekko,1025,682.0,343.0,48.98,0.0,51.02
azir,elise,1025,682.0,343.0,48.98,-8.98,26.02
azir,ezreal,1025,682.0,343.0,48.98,1.02,1.02
azir,fiddlesticks,1025,682.0,343.0,48.98,0.0,-48.98
azir,fiora,1025,682.0,343.0,48.98,51.02,0.0
azir,galio,1025,682.0,343.0,48.98,36.73,6.58
azir,gangplank,1025,682.0,343.0,48.98,51.02,51.02
azir,gnar,1025,682.0,343.0,48.98,-2.83,15.31
azir,gragas,1025,682.0,343.0,48.98,8.16,11.02
azir,gwen,1025,682.0,343.0,48.98,20.25,3.52
azir,hwei,1025,682.0,343.0,48.98,0.0,1.02
azir,ivern,1025,682.0,343.0,48.98,1.02,1.02
azir,jarvan iv,1025,682.0,343.0,48.98,17.69,1.02
azir,jax,1025,682.0,343.0,48.98,6.02,-11.48
azir,jayce,1025,682.0,343.0,48.98,-3.82,-0.83
azir,jhin,1025,682.0,343.0,48.98,1.02,-2.1
azir,jinx,1025,682.0,343.0,48.98,1.02,-18.21
azir,kaisa,1025,682.0,343.0,48.98,11.02,-11.84
azir,kalista,1025,682.0,343.0,48.98,1.02,-7.31
azir,karma,1025,682.0,343.0,48.98,1.02,-23.98
azir,kennen,1025,682.0,343.0,48.98,51.02,51.02
azir,kindred,1025,682.0,343.0,48.98,-48.98,-48.98
azir,kled,1025,682.0,343.0,48.98,0.0,-48.98
azir,ksante,1025,682.0,343.0,48.98,-2.55,8.91
azir,leblanc,1025,682.0,343.0,48.98,0.0,-15.65
azir,lee sin,1025,682.0,343.0,48.98,1.02,26.02
azir,leona,1025,682.0,343.0,48.98,-3.53,17.69
azir,lillia,1025,682.0,343.0,48.98,1.02,1.02
azir,lucian,1025,682.0,343.0,48.98,-2.83,8.91
azir,lulu,1025,682.0,343.0,48.98,-15.65,17.69
azir,lux,1025,682.0,343.0,48.98,51.02,0.0
azir,maokai,1025,682.0,343.0,48.98,8.16,-14.2
azir,mel,1025,682.0,343.0,48.98,0.0,51.02
azir,milio,1025,682.0,343.0,48.98,51.02,-48.98
azir,miss fortune,1025,682.0,343.0,48.98,-13.27,5.07
azir,morgana,1025,682.0,343.0,48.98,51.02,0.0
azir,mundo,1025,682.0,343.0,48.98,0.0,51.02
azir,naafiri,1025,682.0,343.0,48.98,32.84,-1.92
azir,nami,1025,682.0,343.0,48.98,-48.98,8.16
azir,nautilus,1025,682.0,343.0,48.98,-6.12,-8.98
azir,neeko,1025,682.0,343.0,48.98,7.54,-22.66
azir,nidalee,1025,682.0,343.0,48.98,-7.31,-23.98
azir,nocturne,1025,682.0,343.0,48.98,8.16,-15.65
azir,olaf,1025,682.0,343.0,48.98,0.0,-48.98
azir,orianna,1025,682.0,343.0,48.98,0.0,-6.12
azir,ornn,1025,682.0,343.0,48.98,-2.31,-7.31
azir,pantheon,1025,682.0,343.0,48.98,-2.31,3.96
azir,poppy,1025,682.0,343.0,48.98,2.08,-3.98
azir,pyke,1025,682.0,343.0,48.98,51.02,51.02
azir,rakan,1025,682.0,343.0,48.98,14.18,-8.55
azir,rell,1025,682.0,343.0,48.98,-2.17,11.44
azir,renata glasc,1025,682.0,343.0,48.98,3.4,-7.8
azir,renekton,1025,682.0,343.0,48.98,-3.98,-10.09
azir,rumble,1025,682.0,343.0,48.98,3.1,-1.61
azir,ryze,1025,682.0,343.0,48.98,0.0,-6.12
azir,sejuani,1025,682.0,343.0,48.98,-15.65,4.87
azir,senna,1025,682.0,343.0,48.98,-32.31,-11.48
azir,seraphine,1025,682.0,343.0,48.98,-48.98,-48.98
azir,sett,1025,682.0,343.0,48.98,0.0,-48.98
azir,shen,1025,682.0,343.0,48.98,-32.31,1.02
azir,sion,1025,682.0,343.0,48.98,3.96,-5.23
azir,sivir,1025,682.0,343.0,48.98,-12.62,9.35
azir,skarner,1025,682.0,343.0,48.98,5.37,12.56
azir,smolder,1025,682.0,343.0,48.98,0.0,11.02
azir,soraka,1025,682.0,343.0,48.98,-48.98,0.0
azir,sylas,1025,682.0,343.0,48.98,-48.98,-15.65
azir,syndra,1025,682.0,343.0,48.98,0.0,51.02
azir,taliyah,1025,682.0,343.0,48.98,0.0,-7.74
azir,talon,1025,682.0,343.0,48.98,1.02,0.0
azir,taric,1025,682.0,343.0,48.98,-48.98,0.0
azir,thresh,1025,682.0,343.0,48.98,-48.98,0.0
azir,tristana,1025,682.0,343.0,48.98,-48.98,51.02
azir,trundle,1025,682.0,343.0,48.98,-4.98,3.65
azir,twisted fate,1025,682.0,343.0,48.98,0.0,51.02
azir,twitch,1025,682.0,343.0,48.98,0.0,51.02
azir,udyr,1025,682.0,343.0,48.98,-48.98,-15.65
azir,urgot,1025,682.0,343.0,48.98,-48.98,51.02
azir,varus,1025,682.0,343.0,48.98,1.02,-2.31
azir,vi,1025,682.0,343.0,48.98,9.84,1.02
azir,viego,1025,682.0,343.0,48.98,11.02,1.02
azir,viktor,1025,682.0,343.0,48.98,0.0,19.77
azir,vladimir,1025,682.0,343.0,48.98,-48.98,0.0
azir,volibear,1025,682.0,343.0,48.98,0.0,-23.98
azir,warwick,1025,682.0,343.0,48.98,51.02,51.02
azir,wukong,1025,682.0,343.0,48.98,-9.85,-4.98
azir,xayah,1025,682.0,343.0,48.98,22.45,-15.65
azir,xerath,1025,682.0,343.0,48.98,0.0,51.02
azir,xin zhao,1025,682.0,343.0,48.98,-4.86,4.21
azir,yasuo,1025,682.0,343.0,48.98,-48.98,0.0
azir,yone,1025,682.0,343.0,48.98,0.0,-14.89
azir,yorick,1025,682.0,343.0,48.98,1.02,-15.65
azir,yunara,1025,682.0,343.0,48.98,26.02,-4.54
azir,yuumi,1025,682.0,343.0,48.98,51.02,0.0
azir,zed,1025,682.0,343.0,48.98,-48.98,0.0
azir,zeri,1025,682.0,343.0,48.98,8.16,-6.12
azir,ziggs,1025,682.0,343.0,48.98,0.0,-4.54
azir,zoe,1025,682.0,343.0,48.98,0.0,51.02
azir,zyra,1025,682.0,343.0,48.98,51.02,34.35
aurora,aatrox,635,281.0,354.0,47.18,-5.51,2.82
aurora,ahri,635,281.0,354.0,47.18,-27.18,-15.6
aurora,akali,635,281.0,354.0,47.18,19.49,14.36
aurora,alistar,635,281.0,354.0,47.18,1.76,-6.8
aurora,ambessa,635,281.0,354.0,47.18,-16.75,22.59
aurora,anivia,635,281.0,354.0,47.18,0.0,19.49
aurora,annie,635,281.0,354.0,47.18,24.25,-13.85
aurora,aphelios,635,281.0,354.0,47.18,-13.85,0.0
aurora,ashe,635,281.0,354.0,47.18,36.15,9.96
aurora,azir,635,281.0,354.0,47.18,2.82,7.11
aurora,bard,635,281.0,354.0,47.18,6.15,-4.32
aurora,blitzcrank,635,281.0,354.0,47.18,-47.18,-13.85
aurora,brand,635,281.0,354.0,47.18,0.0,52.82
aurora,braum,635,281.0,354.0,47.18,9.58,10.4
aurora,caitlyn,635,281.0,354.0,47.18,2.82,-7.18
aurora,camille,635,281.0,354.0,47.18,52.82,-4.32
aurora,cassiopeia,635,281.0,354.0,47.18,19.49,0.0
aurora,chogath,635,281.0,354.0,47.18,-47.18,-47.18
aurora,corki,635,281.0,354.0,47.18,-3.28,7.37
aurora,draven,635,281.0,354.0,47.18,-47.18,52.82
aurora,elise,635,281.0,354.0,47.18,19.49,-22.18
aurora,ezreal,635,281.0,354.0,47.18,-12.97,-9.08
aurora,fiddlesticks,635,281.0,354.0,47.18,52.82,0.0
aurora,galio,635,281.0,354.0,47.18,6.15,7.66
aurora,garen,635,281.0,354.0,47.18,-47.18,-47.18
aurora,gnar,635,281.0,354.0,47.18,-9.68,11.15
aurora,gragas,635,281.0,354.0,47.18,-13.85,-7.18
aurora,gwen,635,281.0,354.0,47.18,-3.43,5.45
aurora,hwei,635,281.0,354.0,47.18,-47.18,19.49
aurora,irelia,635,281.0,354.0,47.18,0.0,-47.18
aurora,ivern,635,281.0,354.0,47.18,0.0,52.82
aurora,janna,635,281.0,354.0,47.18,52.82,0.0
aurora,jarvan iv,635,281.0,354.0,47.18,14.72,-13.85
aurora,jax,635,281.0,354.0,47.18,-1.03,2.82
aurora,jayce,635,281.0,354.0,47.18,-22.18,-2.35
aurora,jhin,635,281.0,354.0,47.18,-2.35,15.32
aurora,jinx,635,281.0,354.0,47.18,15.32,-27.18
aurora,kaisa,635,281.0,354.0,47.18,-4.63,-6.64
aurora,kalista,635,281.0,354.0,47.18,-16.41,-24.1
aurora,karma,635,281.0,354.0,47.18,-7.18,-13.85
aurora,kennen,635,281.0,354.0,47.18,-47.18,-13.85
aurora,kindred,635,281.0,354.0,47.18,2.82,52.82
aurora,ksante,635,281.0,354.0,47.18,0.97,-9.68
aurora,leblanc,635,281.0,354.0,47.18,0.0,-47.18
aurora,lee sin,635,281.0,354.0,47.18,2.82,-4.32
aurora,leona,635,281.0,354.0,47.18,-9.68,5.6
aurora,lillia,635,281.0,354.0,47.18,2.82,-47.18
aurora,lucian,635,281.0,354.0,47.18,-1.03,5.76
aurora,lulu,635,281.0,354.0,47.18,32.82,-4.32
aurora,lux,635,281.0,354.0,47.18,-47.18,0.0
aurora,malphite,635,281.0,354.0,47.18,-47.18,0.0
aurora,maokai,635,281.0,354.0,47.18,8.38,-6.0
aurora,mel,635,281.0,354.0,47.18,0.0,52.82
aurora,milio,635,281.0,354.0,47.18,0.0,2.82
aurora,miss fortune,635,281.0,354.0,47.18,0.65,9.49
aurora,mordekaiser,635,281.0,354.0,47.18,-47.18,-47.18
aurora,morgana,635,281.0,354.0,47.18,0.0,52.82
aurora,naafiri,635,281.0,354.0,47.18,-7.18,-6.0
aurora,nami,635,281.0,354.0,47.18,-22.18,52.82
aurora,nasus,635,281.0,354.0,47.18,0.0,-47.18
aurora,nautilus,635,281.0,354.0,47.18,-6.0,9.96
aurora,neeko,635,281.0,354.0,47.18,-18.01,-0.75
aurora,nidalee,635,281.0,354.0,47.18,36.15,-13.85
aurora,nocturne,635,281.0,354.0,47.18,-15.6,24.25
aurora,orianna,635,281.0,354.0,47.18,8.38,14.72
aurora,ornn,635,281.0,354.0,47.18,-16.41,-6.0
aurora,pantheon,635,281.0,354.0,47.18,-12.8,-20.86
aurora,poppy,635,281.0,354.0,47.18,22.82,-22.18
aurora,pyke,635,281.0,354.0,47.18,19.49,52.82
aurora,qiyana,635,281.0,354.0,47.18,0.0,-47.18
aurora,rakan,635,281.0,354.0,47.18,4.1,0.32
aurora,reksai,635,281.0,354.0,47.18,52.82,0.0
aurora,rell,635,281.0,354.0,47.18,4.9,-3.32
aurora,renata glasc,635,281.0,354.0,47.18,-3.43,2.82
aurora,renekton,635,281.0,354.0,47.18,23.41,2.82
aurora,rumble,635,281.0,354.0,47.18,7.37,-10.19
aurora,ryze,635,281.0,354.0,47.18,27.82,-5.88
aurora,sejuani,635,281.0,354.0,47.18,12.82,11.79
aurora,senna,635,281.0,354.0,47.18,-1.73,-9.68
aurora,seraphine,635,281.0,354.0,47.18,-47.18,2.82
aurora,sett,635,281.0,354.0,47.18,-47.18,0.0
aurora,shen,635,281.0,354.0,47.18,0.0,36.15
aurora,sion,635,281.0,354.0,47.18,6.67,-10.82
aurora,sivir,635,281.0,354.0,47.18,0.19,-2.74
aurora,skarner,635,281.0,354.0,47.18,-7.18,-6.27
aurora,smolder,635,281.0,354.0,47.18,2.82,-47.18
aurora,swain,635,281.0,354.0,47.18,0.0,52.82
aurora,sylas,635,281.0,354.0,47.18,-2.74,19.49
aurora,syndra,635,281.0,354.0,47.18,0.0,-47.18
aurora,tahm kench,635,281.0,354.0,47.18,2.82,52.82
aurora,taliyah,635,281.0,354.0,47.18,19.49,-12.3
aurora,taric,635,281.0,354.0,47.18,0.0,19.49
aurora,thresh,635,281.0,354.0,47.18,-13.85,0.0
aurora,tristana,635,281.0,354.0,47.18,-47.18,12.82
aurora,trundle,635,281.0,354.0,47.18,27.82,12.28
aurora,twisted fate,635,281.0,354.0,47.18,-47.18,-47.18
aurora,twitch,635,281.0,354.0,47.18,0.0,-47.18
aurora,udyr,635,281.0,354.0,47.18,52.82,52.82
aurora,varus,635,281.0,354.0,47.18,16.71,-7.18
aurora,vi,635,281.0,354.0,47.18,-5.91,-4.87
aurora,viego,635,281.0,354.0,47.18,-1.73,2.82
aurora,viktor,635,281.0,354.0,47.18,-13.85,4.17
aurora,vladimir,635,281.0,354.0,47.18,0.0,-4.32
aurora,volibear,635,281.0,354.0,47.18,52.82,52.82
aurora,wukong,635,281.0,354.0,47.18,-5.51,4.34
aurora,xayah,635,281.0,354.0,47.18,10.71,14.72
aurora,xin zhao,635,281.0,354.0,47.18,3.93,-2.89
aurora,yasuo,635,281.0,354.0,47.18,0.0,-47.18
aurora,yone,635,281.0,354.0,47.18,7.37,12.82
aurora,yorick,635,281.0,354.0,47.18,-7.18,-6.0
aurora,yunara,635,281.0,354.0,47.18,-2.74,-31.8
aurora,yuumi,635,281.0,354.0,47.18,-47.18,0.0
aurora,zac,635,281.0,354.0,47.18,-47.18,0.0
aurora,zed,635,281.0,354.0,47.18,19.49,2.82
aurora,zeri,635,281.0,354.0,47.18,2.82,-4.32
aurora,ziggs,635,281.0,354.0,47.18,12.82,-1.73
aurora,zoe,635,281.0,354.0,47.18,0.0,52.82
aurora,zyra,635,281.0,354.0,47.18,52.82,15.32
nocturne,aatrox,343,218.0,125.0,46.4,-13.07,-3.54
nocturne,ahri,343,218.0,125.0,46.4,-6.4,13.6
nocturne,akali,343,218.0,125.0,46.4,36.93,-17.83
nocturne,alistar,343,218.0,125.0,46.4,3.6,-16.99
nocturne,ambessa,343,218.0,125.0,46.4,-6.4,-17.83
nocturne,annie,343,218.0,125.0,46.4,-6.4,20.27
nocturne,aphelios,343,218.0,125.0,46.4,53.6,0.0
nocturne,ashe,343,218.0,125.0,46.4,33.6,-6.4
nocturne,aurelion sol,343,218.0,125.0,46.4,0.0,-46.4
nocturne,aurora,343,218.0,125.0,46.4,-14.82,-17.83
nocturne,azir,343,218.0,125.0,46.4,10.74,20.27
nocturne,bard,343,218.0,125.0,46.4,33.6,28.6
nocturne,blitzcrank,343,218.0,125.0,46.4,3.6,-6.4
nocturne,brand,343,218.0,125.0,46.4,0.0,53.6
nocturne,braum,343,218.0,125.0,46.4,53.6,8.15
nocturne,caitlyn,343,218.0,125.0,46.4,3.6,13.6
nocturne,camille,343,218.0,125.0,46.4,3.6,-13.07
nocturne,cassiopeia,343,218.0,125.0,46.4,0.0,-46.4
nocturne,chogath,343,218.0,125.0,46.4,0.0,-46.4
nocturne,corki,343,218.0,125.0,46.4,-29.73,13.6
nocturne,draven,343,218.0,125.0,46.4,-46.4,53.6
nocturne,elise,343,218.0,125.0,46.4,53.6,-6.4
nocturne,ezreal,343,218.0,125.0,46.4,-21.4,36.93
nocturne,fiora,343,218.0,125.0,46.4,0.0,53.6
nocturne,galio,343,218.0,125.0,46.4,17.24,11.93
nocturne,gangplank,343,218.0,125.0,46.4,3.6,0.0
nocturne,gnar,343,218.0,125.0,46.4,-21.4,16.1
nocturne,gragas,343,218.0,125.0,46.4,-6.4,-13.07
nocturne,gwen,343,218.0,125.0,46.4,-6.4,-6.4
nocturne,hwei,343,218.0,125.0,46.4,0.0,53.6
nocturne,irelia,343,218.0,125.0,46.4,0.0,-46.4
nocturne,jarvan iv,343,218.0,125.0,46.4,0.0,-7.94
nocturne,jax,343,218.0,125.0,46.4,-26.4,10.74
nocturne,jayce,343,218.0,125.0,46.4,-26.4,-8.9
nocturne,jhin,343,218.0,125.0,46.4,3.6,16.1
nocturne,jinx,343,218.0,125.0,46.4,-29.73,13.6
nocturne,kaisa,343,218.0,125.0,46.4,-8.9,-29.73
nocturne,kalista,343,218.0,125.0,46.4,39.31,-6.4
nocturne,karma,343,218.0,125.0,46.4,53.6,3.6
nocturne,kassadin,343,218.0,125.0,46.4,-46.4,-46.4
nocturne,kennen,343,218.0,125.0,46.4,20.27,53.6
nocturne,kindred,343,218.0,125.0,46.4,0.0,3.6
nocturne,ksante,343,218.0,125.0,46.4,-6.4,-3.54
nocturne,leblanc,343,218.0,125.0,46.4,53.6,53.6
nocturne,lee sin,343,218.0,125.0,46.4,0.0,-21.4
nocturne,leona,343,218.0,125.0,46.4,-21.4,20.27
nocturne,lillia,343,218.0,125.0,46.4,0.0,28.6
nocturne,lucian,343,218.0,125.0,46.4,36.93,-6.4
nocturne,lulu,343,218.0,125.0,46.4,-46.4,20.27
nocturne,maokai,343,218.0,125.0,46.4,13.6,28.6
nocturne,miss fortune,343,218.0,125.0,46.4,3.6,-13.07
nocturne,mordekaiser,343,218.0,125.0,46.4,-46.4,0.0
nocturne,naafiri,343,218.0,125.0,46.4,0.0,3.6
nocturne,nami,343,218.0,125.0,46.4,53.6,53.6
nocturne,nautilus,343,218.0,125.0,46.4,0.27,-8.9
nocturne,neeko,343,218.0,125.0,46.4,-24.18,-3.54
nocturne,nidalee,343,218.0,125.0,46.4,53.6,-13.07
nocturne,olaf,343,218.0,125.0,46.4,0.0,53.6
nocturne,orianna,343,218.0,125.0,46.4,7.65,-26.4
nocturne,ornn,343,218.0,125.0,46.4,31.38,-6.4
nocturne,pantheon,343,218.0,125.0,46.4,0.0,-19.13
nocturne,poppy,343,218.0,125.0,46.4,-13.07,3.6
nocturne,qiyana,343,218.0,125.0,46.4,0.0,53.6
nocturne,rakan,343,218.0,125.0,46.4,18.82,-21.4
nocturne,rell,343,218.0,125.0,46.4,-26.4,6.93
nocturne,renata glasc,343,218.0,125.0,46.4,28.6,-17.83
nocturne,renekton,343,218.0,125.0,46.4,23.6,-8.9
nocturne,rengar,343,218.0,125.0,46.4,0.0,53.6
nocturne,rumble,343,218.0,125.0,46.4,-24.18,13.6
nocturne,ryze,343,218.0,125.0,46.4,-17.83,-32.11
nocturne,sejuani,343,218.0,125.0,46.4,0.0,13.6
nocturne,senna,343,218.0,125.0,46.4,20.27,53.6
nocturne,seraphine,343,218.0,125.0,46.4,53.6,-46.4
nocturne,shen,343,218.0,125.0,46.4,-13.07,0.0
nocturne,sion,343,218.0,125.0,46.4,16.1,-8.9
nocturne,sivir,343,218.0,125.0,46.4,-6.4,-29.73
nocturne,skarner,343,218.0,125.0,46.4,0.0,-17.83
nocturne,smolder,343,218.0,125.0,46.4,-46.4,3.6
nocturne,sylas,343,218.0,125.0,46.4,-21.4,3.6
nocturne,syndra,343,218.0,125.0,46.4,53.6,0.0
nocturne,tahm kench,343,218.0,125.0,46.4,0.0,-21.4
nocturne,taliyah,343,218.0,125.0,46.4,-8.9,-3.54
nocturne,thresh,343,218.0,125.0,46.4,53.6,0.0
nocturne,tristana,343,218.0,125.0,46.4,53.6,-46.4
nocturne,trundle,343,218.0,125.0,46.4,0.0,3.6
nocturne,twisted fate,343,218.0,125.0,46.4,0.0,3.6
nocturne,twitch,343,218.0,125.0,46.4,53.6,0.0
nocturne,udyr,343,218.0,125.0,46.4,-46.4,53.6
nocturne,urgot,343,218.0,125.0,46.4,0.0,53.6
nocturne,varus,343,218.0,125.0,46.4,-35.29,-4.29
nocturne,vex,343,218.0,125.0,46.4,53.6,0.0
nocturne,vi,343,218.0,125.0,46.4,0.0,-4.73
nocturne,viego,343,218.0,125.0,46.4,0.0,17.89
nocturne,viktor,343,218.0,125.0,46.4,-8.9,15.14
nocturne,vladimir,343,218.0,125.0,46.4,53.6,0.0
nocturne,wukong,343,218.0,125.0,46.4,0.0,13.6
nocturne,xayah,343,218.0,125.0,46.4,28.6,0.27
nocturne,xin zhao,343,218.0,125.0,46.4,0.0,3.6
nocturne,yone,343,218.0,125.0,46.4,3.6,53.6
nocturne,yorick,343,218.0,125.0,46.4,-21.4,-46.4
nocturne,yunara,343,218.0,125.0,46.4,-46.4,3.6
nocturne,yuumi,343,218.0,125.0,46.4,0.0,53.6
nocturne,zac,343,218.0,125.0,46.4,0.0,-46.4
nocturne,zed,343,218.0,125.0,46.4,0.0,53.6
nocturne,zeri,343,218.0,125.0,46.4,-26.4,-13.07
nocturne,ziggs,343,218.0,125.0,46.4,-13.07,-13.07
nocturne,zilean,343,218.0,125.0,46.4,0.0,53.6
nocturne,zoe,343,218.0,125.0,46.4,53.6,0.0
elise,aatrox,142,75.0,67.0,47.76,-7.76,52.24
elise,ahri,142,75.0,67.0,47.76,12.24,18.91
elise,akali,142,75.0,67.0,47.76,-14.43,-47.76
elise,alistar,142,75.0,67.0,47.76,0.0,-47.76
elise,ambessa,142,75.0,67.0,47.76,-10.26,2.24
elise,anivia,142,75.0,67.0,47.76,18.91,0.0
elise,annie,142,75.0,67.0,47.76,2.24,2.24
elise,ashe,142,75.0,67.0,47.76,12.24,2.24
elise,aurora,142,75.0,67.0,47.76,18.91,27.24
elise,azir,142,75.0,67.0,47.76,-7.76,-22.76
elise,blitzcrank,142,75.0,67.0,47.76,0.0,52.24
elise,braum,142,75.0,67.0,47.76,0.0,-14.43
elise,caitlyn,142,75.0,67.0,47.76,12.24,-31.09
elise,camille,142,75.0,67.0,47.76,18.91,-47.76
elise,corki,142,75.0,67.0,47.76,-14.43,2.24
elise,diana,142,75.0,67.0,47.76,-47.76,0.0
elise,draven,142,75.0,67.0,47.76,52.24,-14.43
elise,ezreal,142,75.0,67.0,47.76,-3.32,10.57
elise,galio,142,75.0,67.0,47.76,23.67,-14.43
elise,gnar,142,75.0,67.0,47.76,-47.76,32.24
elise,gragas,142,75.0,67.0,47.76,0.0,27.24
elise,gwen,142,75.0,67.0,47.76,2.24,0.0
elise,hwei,142,75.0,67.0,47.76,2.24,2.24
elise,ivern,142,75.0,67.0,47.76,52.24,-47.76
elise,jarvan iv,142,75.0,67.0,47.76,0.0,-47.76
elise,jax,142,75.0,67.0,47.76,18.91,18.91
elise,jayce,142,75.0,67.0,47.76,2.24,-14.43
elise,jhin,142,75.0,67.0,47.76,-47.76,32.24
elise,jinx,142,75.0,67.0,47.76,-47.76,2.24
elise,kaisa,142,75.0,67.0,47.76,-31.09,-22.76
elise,kalista,142,75.0,67.0,47.76,2.24,-10.26
elise,karma,142,75.0,67.0,47.76,0.0,-19.19
elise,kennen,142,75.0,67.0,47.76,-47.76,-47.76
elise,kog,142,75.0,67.0,47.76,0.0,-47.76
elise,ksante,142,75.0,67.0,47.76,-19.19,18.91
elise,leblanc,142,75.0,67.0,47.76,52.24,0.0
elise,lee sin,142,75.0,67.0,47.76,-14.43,-47.76
elise,leona,142,75.0,67.0,47.76,0.0,2.24
elise,lillia,142,75.0,67.0,47.76,-47.76,2.24
elise,lucian,142,75.0,67.0,47.76,-47.76,52.24
elise,lulu,142,75.0,67.0,47.76,0.0,-47.76
elise,maokai,142,75.0,67.0,47.76,-47.76,52.24
elise,mel,142,75.0,67.0,47.76,52.24,0.0
elise,milio,142,75.0,67.0,47.76,0.0,52.24
elise,miss fortune,142,75.0,67.0,47.76,-7.76,18.91
elise,mordekaiser,142,75.0,67.0,47.76,52.24,52.24
elise,naafiri,142,75.0,67.0,47.76,-47.76,2.24
elise,nautilus,142,75.0,67.0,47.76,0.0,23.67
elise,neeko,142,75.0,67.0,47.76,0.0,2.24
elise,nidalee,142,75.0,67.0,47.76,-47.76,-47.76
elise,nocturne,142,75.0,67.0,47.76,52.24,12.24
elise,olaf,142,75.0,67.0,47.76,0.0,-47.76
elise,orianna,142,75.0,67.0,47.76,-47.76,2.24
elise,ornn,142,75.0,67.0,47.76,0.0,-19.19
elise,pantheon,142,75.0,67.0,47.76,22.24,9.38
elise,poppy,142,75.0,67.0,47.76,18.91,-14.43
elise,pyke,142,75.0,67.0,47.76,0.0,2.24
elise,rakan,142,75.0,67.0,47.76,0.0,18.91
elise,rell,142,75.0,67.0,47.76,0.0,2.24
elise,renata glasc,142,75.0,67.0,47.76,0.0,2.24
elise,renekton,142,75.0,67.0,47.76,52.24,-33.47
elise,rumble,142,75.0,67.0,47.76,27.24,-19.19
elise,ryze,142,75.0,67.0,47.76,-27.76,2.24
elise,sejuani,142,75.0,67.0,47.76,-6.09,-7.76
elise,sett,142,75.0,67.0,47.76,-47.76,0.0
elise,sion,142,75.0,67.0,47.76,-27.76,-14.43
elise,sivir,142,75.0,67.0,47.76,0.0,-14.43
elise,skarner,142,75.0,67.0,47.76,-27.76,52.24
elise,smolder,142,75.0,67.0,47.76,2.24,0.0
elise,swain,142,75.0,67.0,47.76,52.24,52.24
elise,sylas,142,75.0,67.0,47.76,18.91,-47.76
elise,syndra,142,75.0,67.0,47.76,-47.76,-47.76
elise,taliyah,142,75.0,67.0,47.76,2.24,-14.43
elise,tristana,142,75.0,67.0,47.76,0.0,2.24
elise,tryndamere,142,75.0,67.0,47.76,-47.76,0.0
elise,twisted fate,142,75.0,67.0,47.76,-47.76,52.24
elise,twitch,142,75.0,67.0,47.76,52.24,0.0
elise,varus,142,75.0,67.0,47.76,7.8,2.24
elise,vi,142,75.0,67.0,47.76,18.91,8.49
elise,viego,142,75.0,67.0,47.76,-22.76,-47.76
elise,viktor,142,75.0,67.0,47.76,-14.43,9.38
elise,vladimir,142,75.0,67.0,47.76,-47.76,0.0
elise,wukong,142,75.0,67.0,47.76,0.0,-3.32
elise,xayah,142,75.0,67.0,47.76,52.24,2.24
elise,xerath,142,75.0,67.0,47.76,0.0,52.24
elise,xin zhao,142,75.0,67.0,47.76,12.24,-27.76
elise,yasuo,142,75.0,67.0,47.76,-47.76,0.0
elise,yone,142,75.0,67.0,47.76,9.38,-22.76
elise,yorick,142,75.0,67.0,47.76,2.24,18.91
elise,zac,142,75.0,67.0,47.76,0.0,52.24
elise,ziggs,142,75.0,67.0,47.76,0.0,2.24
elise,zilean,142,75.0,67.0,47.76,52.24,0.0
elise,zyra,142,75.0,67.0,47.76,52.24,0.0
caitlyn,aatrox,162,92.0,70.0,62.86,3.81,3.81
caitlyn,ahri,162,92.0,70.0,62.86,-12.86,12.14
caitlyn,akali,162,92.0,70.0,62.86,37.14,-12.86
caitlyn,alistar,162,92.0,70.0,62.86,0.0,-62.86
caitlyn,ambessa,162,92.0,70.0,62.86,8.57,8.57
caitlyn,anivia,162,92.0,70.0,62.86,37.14,-62.86
caitlyn,annie,162,92.0,70.0,62.86,37.14,17.14
caitlyn,ashe,162,92.0,70.0,62.86,0.0,-29.53
caitlyn,aurelion sol,162,92.0,70.0,62.86,37.14,37.14
caitlyn,aurora,162,92.0,70.0,62.86,-12.86,-2.86
caitlyn,azir,162,92.0,70.0,62.86,8.57,37.14
caitlyn,bard,162,92.0,70.0,62.86,-37.86,-12.86
caitlyn,blitzcrank,162,92.0,70.0,62.86,0.0,3.81
caitlyn,braum,162,92.0,70.0,62.86,10.47,37.14
caitlyn,camille,162,92.0,70.0,62.86,12.14,0.0
caitlyn,chogath,162,92.0,70.0,62.86,37.14,37.14
caitlyn,corki,162,92.0,70.0,62.86,-62.86,37.14
caitlyn,diana,162,92.0,70.0,62.86,0.0,37.14
caitlyn,draven,162,92.0,70.0,62.86,0.0,37.14
caitlyn,elise,162,92.0,70.0,62.86,-2.86,20.47
caitlyn,ezreal,162,92.0,70.0,62.86,0.0,8.57
caitlyn,fiora,162,92.0,70.0,62.86,0.0,37.14
caitlyn,galio,162,92.0,70.0,62.86,17.14,-12.86
caitlyn,gnar,162,92.0,70.0,62.86,-12.86,-12.86
caitlyn,gragas,162,92.0,70.0,62.86,-12.86,37.14
caitlyn,graves,162,92.0,70.0,62.86,0.0,37.14
caitlyn,gwen,162,92.0,70.0,62.86,-12.86,12.14
caitlyn,hwei,162,92.0,70.0,62.86,-2.86,-37.86
caitlyn,ivern,162,92.0,70.0,62.86,0.0,-62.86
caitlyn,jarvan iv,162,92.0,70.0,62.86,37.14,-12.86
caitlyn,jax,162,92.0,70.0,62.86,3.81,3.81
caitlyn,jayce,162,92.0,70.0,62.86,3.81,-37.86
caitlyn,jhin,162,92.0,70.0,62.86,0.0,9.87
caitlyn,jinx,162,92.0,70.0,62.86,0.0,37.14
caitlyn,kaisa,162,92.0,70.0,62.86,0.0,-12.86
caitlyn,kalista,162,92.0,70.0,62.86,0.0,-20.0
caitlyn,karma,162,92.0,70.0,62.86,-6.61,-62.86
caitlyn,kennen,162,92.0,70.0,62.86,-62.86,0.0
caitlyn,ksante,162,92.0,70.0,62.86,-34.29,-29.53
caitlyn,leblanc,162,92.0,70.0,62.86,37.14,0.0
caitlyn,lee sin,162,92.0,70.0,62.86,-12.86,0.0
caitlyn,leona,162,92.0,70.0,62.86,37.14,3.81
caitlyn,lillia,162,92.0,70.0,62.86,-37.86,-12.86
caitlyn,lucian,162,92.0,70.0,62.86,0.0,-12.86
caitlyn,lulu,162,92.0,70.0,62.86,0.0,37.14
caitlyn,lux,162,92.0,70.0,62.86,3.81,0.0
caitlyn,maokai,162,92.0,70.0,62.86,37.14,0.0
caitlyn,mel,162,92.0,70.0,62.86,37.14,0.0
caitlyn,miss fortune,162,92.0,70.0,62.86,0.0,-2.86
caitlyn,mordekaiser,162,92.0,70.0,62.86,37.14,37.14
caitlyn,morgana,162,92.0,70.0,62.86,-62.86,0.0
caitlyn,mundo,162,92.0,70.0,62.86,37.14,0.0
caitlyn,naafiri,162,92.0,70.0,62.86,-62.86,3.81
caitlyn,nami,162,92.0,70.0,62.86,0.0,-2.86
caitlyn,nautilus,162,92.0,70.0,62.86,-12.86,37.14
caitlyn,neeko,162,92.0,70.0,62.86,22.85,8.57
caitlyn,nidalee,162,92.0,70.0,62.86,-62.86,-62.86
caitlyn,nocturne,162,92.0,70.0,62.86,-12.86,-22.86
caitlyn,olaf,162,92.0,70.0,62.86,0.0,-62.86
caitlyn,orianna,162,92.0,70.0,62.86,37.14,-2.86
caitlyn,ornn,162,92.0,70.0,62.86,3.81,3.81
caitlyn,pantheon,162,92.0,70.0,62.86,-12.86,-7.3
caitlyn,poppy,162,92.0,70.0,62.86,20.47,37.14
caitlyn,pyke,162,92.0,70.0,62.86,0.0,-29.53
caitlyn,rakan,162,92.0,70.0,62.86,0.0,-2.86
caitlyn,rell,162,92.0,70.0,62.86,0.0,-0.36
caitlyn,renata glasc,162,92.0,70.0,62.86,37.14,-12.86
caitlyn,renekton,162,92.0,70.0,62.86,17.14,-37.86
caitlyn,rumble,162,92.0,70.0,62.86,12.14,-5.72
caitlyn,ryze,162,92.0,70.0,62.86,-5.72,3.81
caitlyn,sejuani,162,92.0,70.0,62.86,-22.86,3.81
caitlyn,senna,162,92.0,70.0,62.86,0.0,3.81
caitlyn,seraphine,162,92.0,70.0,62.86,0.0,-12.86
caitlyn,sett,162,92.0,70.0,62.86,37.14,0.0
caitlyn,shen,162,92.0,70.0,62.86,-12.86,-12.86
caitlyn,sion,162,92.0,70.0,62.86,-5.72,3.81
caitlyn,sivir,162,92.0,70.0,62.86,0.0,-62.86
caitlyn,skarner,162,92.0,70.0,62.86,-12.86,3.81
caitlyn,smolder,162,92.0,70.0,62.86,0.0,-12.86
caitlyn,swain,162,92.0,70.0,62.86,37.14,0.0
caitlyn,sylas,162,92.0,70.0,62.86,-2.86,37.14
caitlyn,syndra,162,92.0,70.0,62.86,0.0,-62.86
caitlyn,tahm kench,162,92.0,70.0,62.86,37.14,-62.86
caitlyn,taliyah,162,92.0,70.0,62.86,-12.86,-29.53
caitlyn,thresh,162,92.0,70.0,62.86,-62.86,37.14
caitlyn,tristana,162,92.0,70.0,62.86,-62.86,37.14
caitlyn,trundle,162,92.0,70.0,62.86,37.14,37.14
caitlyn,twisted fate,162,92.0,70.0,62.86,-62.86,37.14
caitlyn,udyr,162,92.0,70.0,62.86,37.14,0.0
caitlyn,urgot,162,92.0,70.0,62.86,-62.86,0.0
caitlyn,varus,162,92.0,70.0,62.86,0.0,-62.86
caitlyn,vi,162,92.0,70.0,62.86,17.14,-2.86
caitlyn,viego,162,92.0,70.0,62.86,-29.53,3.81
caitlyn,viktor,162,92.0,70.0,62.86,-2.86,20.47
caitlyn,volibear,162,92.0,70.0,62.86,37.14,37.14
caitlyn,wukong,162,92.0,70.0,62.86,-0.36,-2.86
caitlyn,xayah,162,92.0,70.0,62.86,0.0,-62.86
caitlyn,xin zhao,162,92.0,70.0,62.86,12.14,3.81
caitlyn,yasuo,162,92.0,70.0,62.86,0.0,37.14
caitlyn,yone,162,92.0,70.0,62.86,12.14,-62.86
caitlyn,yorick,162,92.0,70.0,62.86,37.14,12.14
caitlyn,zac,162,92.0,70.0,62.86,37.14,37.14
caitlyn,zed,162,92.0,70.0,62.86,0.0,37.14
caitlyn,zeri,162,92.0,70.0,62.86,37.14,3.81
caitlyn,ziggs,162,92.0,70.0,62.86,0.0,37.14
caitlyn,zyra,162,92.0,70.0,62.86,-37.86,-12.86
kaisa,aatrox,698,326.0,372.0,54.3,5.7,-20.97
kaisa,ahri,698,326.0,372.0,54.3,-8.35,14.45
kaisa,akali,698,326.0,372.0,54.3,-25.73,9.99
kaisa,alistar,698,326.0,372.0,54.3,2.6,3.11
kaisa,ambessa,698,326.0,372.0,54.3,-1.11,15.14
kaisa,anivia,698,326.0,372.0,54.3,-54.3,45.7
kaisa,annie,698,326.0,372.0,54.3,24.65,-16.2
kaisa,aphelios,698,326.0,372.0,54.3,0.0,20.7
kaisa,ashe,698,326.0,372.0,54.3,0.0,4.03
kaisa,aurora,698,326.0,372.0,54.3,-11.75,5.16
kaisa,azir,698,326.0,372.0,54.3,5.7,8.56
kaisa,bard,698,326.0,372.0,54.3,12.37,-9.86
kaisa,blitzcrank,698,326.0,372.0,54.3,-29.3,-14.3
kaisa,brand,698,326.0,372.0,54.3,0.0,45.7
kaisa,braum,698,326.0,372.0,54.3,45.7,-8.35
kaisa,caitlyn,698,326.0,372.0,54.3,0.0,-4.3
kaisa,camille,698,326.0,372.0,54.3,45.7,45.7
kaisa,cassiopeia,698,326.0,372.0,54.3,-20.97,-4.3
kaisa,chogath,698,326.0,372.0,54.3,-4.3,29.03
kaisa,corki,698,326.0,372.0,54.3,-20.97,11.74
kaisa,diana,698,326.0,372.0,54.3,-54.3,0.0
kaisa,draven,698,326.0,372.0,54.3,0.0,20.7
kaisa,elise,698,326.0,372.0,54.3,-37.63,20.7
kaisa,ezreal,698,326.0,372.0,54.3,0.0,5.35
kaisa,fiddlesticks,698,326.0,372.0,54.3,0.0,-54.3
kaisa,fiora,698,326.0,372.0,54.3,45.7,-54.3
kaisa,galio,698,326.0,372.0,54.3,-9.56,-8.85
kaisa,gangplank,698,326.0,372.0,54.3,-4.3,45.7
kaisa,gnar,698,326.0,372.0,54.3,-6.93,20.7
kaisa,gragas,698,326.0,372.0,54.3,17.13,12.37
kaisa,gwen,698,326.0,372.0,54.3,12.37,2.52
kaisa,hecarim,698,326.0,372.0,54.3,45.7,0.0
kaisa,hwei,698,326.0,372.0,54.3,12.37,12.37
kaisa,irelia,698,326.0,372.0,54.3,0.0,-54.3
kaisa,ivern,698,326.0,372.0,54.3,-4.3,45.7
kaisa,jarvan iv,698,326.0,372.0,54.3,7.24,19.38
kaisa,jax,698,326.0,372.0,54.3,-8.85,9.99
kaisa,jayce,698,326.0,372.0,54.3,-11.44,-15.41
kaisa,jhin,698,326.0,372.0,54.3,0.0,7.6
kaisa,jinx,698,326.0,372.0,54.3,0.0,-20.97
kaisa,kalista,698,326.0,372.0,54.3,0.0,-4.3
kaisa,karma,698,326.0,372.0,54.3,0.0,9.34
kaisa,karthus,698,326.0,372.0,54.3,0.0,-54.3
kaisa,kassadin,698,326.0,372.0,54.3,0.0,45.7
kaisa,kennen,698,326.0,372.0,54.3,0.0,-54.3
kaisa,kindred,698,326.0,372.0,54.3,0.0,-4.3
kaisa,kled,698,326.0,372.0,54.3,-4.3,0.0
kaisa,kog,698,326.0,372.0,54.3,0.0,-54.3
kaisa,ksante,698,326.0,372.0,54.3,1.7,18.67
kaisa,leblanc,698,326.0,372.0,54.3,-4.3,45.7
kaisa,lee sin,698,326.0,372.0,54.3,-4.3,-4.3
kaisa,leona,698,326.0,372.0,54.3,-6.02,17.13
kaisa,lillia,698,326.0,372.0,54.3,-32.08,-29.3
kaisa,lissandra,698,326.0,372.0,54.3,0.0,-4.3
kaisa,lucian,698,326.0,372.0,54.3,-54.3,-4.3
kaisa,lulu,698,326.0,372.0,54.3,-54.3,8.2
kaisa,lux,698,326.0,372.0,54.3,0.0,45.7
kaisa,maokai,698,326.0,372.0,54.3,-29.3,-6.68
kaisa,mel,698,326.0,372.0,54.3,-54.3,45.7
kaisa,miss fortune,698,326.0,372.0,54.3,0.0,0.25
kaisa,mordekaiser,698,326.0,372.0,54.3,0.0,45.7
kaisa,morgana,698,326.0,372.0,54.3,45.7,-54.3
kaisa,mundo,698,326.0,372.0,54.3,-20.97,0.0
kaisa,naafiri,698,326.0,372.0,54.3,7.6,4.03
kaisa,nami,698,326.0,372.0,54.3,0.0,5.7
kaisa,nautilus,698,326.0,372.0,54.3,-6.38,1.26
kaisa,neeko,698,326.0,372.0,54.3,4.03,-6.93
kaisa,nidalee,698,326.0,372.0,54.3,23.48,15.7
kaisa,nilah,698,326.0,372.0,54.3,0.0,-54.3
kaisa,nocturne,698,326.0,372.0,54.3,-16.8,29.03
kaisa,olaf,698,326.0,372.0,54.3,-4.3,45.7
kaisa,orianna,698,326.0,372.0,54.3,3.39,-11.44
kaisa,ornn,698,326.0,372.0,54.3,0.7,-0.97
kaisa,pantheon,698,326.0,372.0,54.3,-2.3,-10.97
kaisa,poppy,698,326.0,372.0,54.3,19.89,-18.59
kaisa,pyke,698,326.0,372.0,54.3,20.7,0.0
kaisa,qiyana,698,326.0,372.0,54.3,45.7,-29.3
kaisa,rakan,698,326.0,372.0,54.3,3.7,-13.39
kaisa,reksai,698,326.0,372.0,54.3,-54.3,-54.3
kaisa,rell,698,326.0,372.0,54.3,-3.45,7.7
kaisa,renata glasc,698,326.0,372.0,54.3,45.7,2.84
kaisa,renekton,698,326.0,372.0,54.3,20.7,-9.86
kaisa,rumble,698,326.0,372.0,54.3,6.08,-8.69
kaisa,ryze,698,326.0,372.0,54.3,4.03,-18.4
kaisa,sejuani,698,326.0,372.0,54.3,-10.3,2.84
kaisa,senna,698,326.0,372.0,54.3,0.0,45.7
kaisa,seraphine,698,326.0,372.0,54.3,0.0,45.7
kaisa,sett,698,326.0,372.0,54.3,-20.97,-54.3
kaisa,shen,698,326.0,372.0,54.3,-4.3,20.7
kaisa,sion,698,326.0,372.0,54.3,-0.45,-8.35
kaisa,sivir,698,326.0,372.0,54.3,0.0,7.77
kaisa,skarner,698,326.0,372.0,54.3,6.81,-2.3
kaisa,smolder,698,326.0,372.0,54.3,0.0,-54.3
kaisa,swain,698,326.0,372.0,54.3,-4.3,0.0
kaisa,sylas,698,326.0,372.0,54.3,14.93,-0.97
kaisa,syndra,698,326.0,372.0,54.3,0.0,45.7
kaisa,tahm kench,698,326.0,372.0,54.3,0.0,-54.3
kaisa,taliyah,698,326.0,372.0,54.3,9.03,4.52
kaisa,taric,698,326.0,372.0,54.3,0.0,45.7
kaisa,tristana,698,326.0,372.0,54.3,12.37,18.43
kaisa,trundle,698,326.0,372.0,54.3,15.7,0.25
kaisa,tryndamere,698,326.0,372.0,54.3,-4.3,45.7
kaisa,twisted fate,698,326.0,372.0,54.3,-29.3,45.7
kaisa,udyr,698,326.0,372.0,54.3,0.0,-54.3
kaisa,varus,698,326.0,372.0,54.3,0.0,-15.01
kaisa,veigar,698,326.0,372.0,54.3,45.7,0.0
kaisa,vex,698,326.0,372.0,54.3,0.0,-54.3
kaisa,vi,698,326.0,372.0,54.3,3.08,4.96
kaisa,viego,698,326.0,372.0,54.3,-29.3,12.37
kaisa,viktor,698,326.0,372.0,54.3,4.52,0.7
kaisa,vladimir,698,326.0,372.0,54.3,45.7,45.7
kaisa,volibear,698,326.0,372.0,54.3,-4.3,-54.3
kaisa,warwick,698,326.0,372.0,54.3,-4.3,0.0
kaisa,wukong,698,326.0,372.0,54.3,-0.81,5.7
kaisa,xayah,698,326.0,372.0,54.3,0.0,-7.87
kaisa,xin zhao,698,326.0,372.0,54.3,2.52,-6.61
kaisa,yasuo,698,326.0,372.0,54.3,-4.3,-20.97
kaisa,yone,698,326.0,372.0,54.3,1.26,-13.67
kaisa,yorick,698,326.0,372.0,54.3,-16.2,14.93
kaisa,yunara,698,326.0,372.0,54.3,0.0,-13.12
kaisa,zed,698,326.0,372.0,54.3,-20.97,-4.3
kaisa,zeri,698,326.0,372.0,54.3,0.0,-20.97
kaisa,ziggs,698,326.0,372.0,54.3,0.0,20.7
kaisa,zyra,698,326.0,372.0,54.3,12.37,12.37
xayah,aatrox,435,194.0,241.0,54.77,-54.77,7.73
xayah,ahri,435,194.0,241.0,54.77,0.79,11.9
xayah,akali,435,194.0,241.0,54.77,-34.77,-0.22
xayah,alistar,435,194.0,241.0,54.77,-8.1,6.34
xayah,ambessa,435,194.0,241.0,54.77,-15.64,5.23
xayah,annie,435,194.0,241.0,54.77,9.23,6.34
xayah,aphelios,435,194.0,241.0,54.77,0.0,-4.77
xayah,ashe,435,194.0,241.0,54.77,0.0,-4.77
xayah,aurelion sol,435,194.0,241.0,54.77,45.23,0.0
xayah,aurora,435,194.0,241.0,54.77,3.12,-16.67
xayah,azir,435,194.0,241.0,54.77,16.66,11.9
xayah,bard,435,194.0,241.0,54.77,-4.77,25.23
xayah,blitzcrank,435,194.0,241.0,54.77,30.94,11.9
xayah,braum,435,194.0,241.0,54.77,-17.27,11.9
xayah,caitlyn,435,194.0,241.0,54.77,0.0,45.23
xayah,camille,435,194.0,241.0,54.77,45.23,-29.77
xayah,cassiopeia,435,194.0,241.0,54.77,11.9,45.23
xayah,chogath,435,194.0,241.0,54.77,-54.77,0.0
xayah,corki,435,194.0,241.0,54.77,2.37,5.23
xayah,draven,435,194.0,241.0,54.77,0.0,45.23
xayah,elise,435,194.0,241.0,54.77,45.23,-4.77
xayah,ezreal,435,194.0,241.0,54.77,0.0,3.29
xayah,fiora,435,194.0,241.0,54.77,-54.77,0.0
xayah,galio,435,194.0,241.0,54.77,-4.77,-7.89
xayah,gangplank,435,194.0,241.0,54.77,0.0,45.23
xayah,garen,435,194.0,241.0,54.77,0.0,45.23
xayah,gnar,435,194.0,241.0,54.77,-29.77,5.23
xayah,gragas,435,194.0,241.0,54.77,-4.77,-21.44
xayah,gwen,435,194.0,241.0,54.77,-7.15,-0.22
xayah,hwei,435,194.0,241.0,54.77,0.0,45.23
xayah,irelia,435,194.0,241.0,54.77,45.23,0.0
xayah,ivern,435,194.0,241.0,54.77,-4.77,45.23
xayah,janna,435,194.0,241.0,54.77,0.0,-54.77
xayah,jarvan iv,435,194.0,241.0,54.77,-24.77,-17.27
xayah,jax,435,194.0,241.0,54.77,-0.22,11.9
xayah,jayce,435,194.0,241.0,54.77,8.19,0.79
xayah,jhin,435,194.0,241.0,54.77,0.0,4.05
xayah,jinx,435,194.0,241.0,54.77,0.0,-19.48
xayah,kaisa,435,194.0,241.0,54.77,0.0,-1.2
xayah,kalista,435,194.0,241.0,54.77,0.0,-10.33
xayah,karma,435,194.0,241.0,54.77,0.0,-17.27
xayah,karthus,435,194.0,241.0,54.77,0.0,-54.77
xayah,kennen,435,194.0,241.0,54.77,45.23,45.23
xayah,kindred,435,194.0,241.0,54.77,-21.44,-54.77
xayah,kled,435,194.0,241.0,54.77,45.23,45.23
xayah,ksante,435,194.0,241.0,54.77,8.39,5.23
xayah,leblanc,435,194.0,241.0,54.77,0.0,-54.77
xayah,lee sin,435,194.0,241.0,54.77,20.23,0.0
xayah,leona,435,194.0,241.0,54.77,-11.91,5.23
xayah,lillia,435,194.0,241.0,54.77,-11.91,-26.2
xayah,lucian,435,194.0,241.0,54.77,0.0,9.52
xayah,lulu,435,194.0,241.0,54.77,-29.77,8.87
xayah,maokai,435,194.0,241.0,54.77,23.01,11.9
xayah,miss fortune,435,194.0,241.0,54.77,0.0,11.9
xayah,morgana,435,194.0,241.0,54.77,0.0,11.9
xayah,mundo,435,194.0,241.0,54.77,45.23,0.0
xayah,naafiri,435,194.0,241.0,54.77,-9.32,28.56
xayah,nami,435,194.0,241.0,54.77,0.0,-29.77
xayah,nasus,435,194.0,241.0,54.77,-54.77,0.0
xayah,nautilus,435,194.0,241.0,54.77,-27.5,16.2
xayah,neeko,435,194.0,241.0,54.77,-54.77,-31.69
xayah,nidalee,435,194.0,241.0,54.77,-14.77,-14.77
xayah,nocturne,435,194.0,241.0,54.77,20.23,-1.44
xayah,nunu,435,194.0,241.0,54.77,0.0,45.23
xayah,orianna,435,194.0,241.0,54.77,3.56,-25.36
xayah,ornn,435,194.0,241.0,54.77,-4.77,-4.77
xayah,pantheon,435,194.0,241.0,54.77,-0.22,5.94
xayah,poppy,435,194.0,241.0,54.77,16.66,1.48
xayah,pyke,435,194.0,241.0,54.77,45.23,45.23
xayah,qiyana,435,194.0,241.0,54.77,45.23,-54.77
xayah,rakan,435,194.0,241.0,54.77,7.82,-13.59
xayah,rell,435,194.0,241.0,54.77,-24.0,2.81
xayah,renata glasc,435,194.0,241.0,54.77,-4.77,-8.62
xayah,renekton,435,194.0,241.0,54.77,-1.44,3.56
xayah,rumble,435,194.0,241.0,54.77,-7.27,-4.77
xayah,ryze,435,194.0,241.0,54.77,-8.62,-4.77
xayah,sejuani,435,194.0,241.0,54.77,-4.77,7.73
xayah,senna,435,194.0,241.0,54.77,0.0,-14.77
xayah,seraphine,435,194.0,241.0,54.77,0.0,45.23
xayah,sett,435,194.0,241.0,54.77,0.0,45.23
xayah,shen,435,194.0,241.0,54.77,-4.77,28.56
xayah,sion,435,194.0,241.0,54.77,6.34,1.75
xayah,sivir,435,194.0,241.0,54.77,0.0,-18.41
xayah,skarner,435,194.0,241.0,54.77,0.79,9.52
xayah,smolder,435,194.0,241.0,54.77,0.0,11.9
xayah,swain,435,194.0,241.0,54.77,0.0,45.23
xayah,sylas,435,194.0,241.0,54.77,5.23,0.23
xayah,syndra,435,194.0,241.0,54.77,-54.77,-21.44
xayah,tahm kench,435,194.0,241.0,54.77,0.0,-4.77
xayah,taliyah,435,194.0,241.0,54.77,-1.64,13.23
xayah,talon,435,194.0,241.0,54.77,45.23,0.0
xayah,taric,435,194.0,241.0,54.77,-54.77,45.23
xayah,thresh,435,194.0,241.0,54.77,0.0,-54.77
xayah,tristana,435,194.0,241.0,54.77,-54.77,20.23
xayah,trundle,435,194.0,241.0,54.77,-9.32,-8.62
xayah,tryndamere,435,194.0,241.0,54.77,-54.77,45.23
xayah,twisted fate,435,194.0,241.0,54.77,11.9,11.9
xayah,udyr,435,194.0,241.0,54.77,-54.77,-54.77
xayah,varus,435,194.0,241.0,54.77,-54.77,-14.77
xayah,vi,435,194.0,241.0,54.77,9.52,-11.18
xayah,viego,435,194.0,241.0,54.77,-21.44,-4.77
xayah,viktor,435,194.0,241.0,54.77,-9.32,4.05
xayah,vladimir,435,194.0,241.0,54.77,-54.77,-4.77
xayah,volibear,435,194.0,241.0,54.77,-54.77,-54.77
xayah,wukong,435,194.0,241.0,54.77,8.87,-0.22
xayah,xin zhao,435,194.0,241.0,54.77,-4.77,10.35
xayah,yasuo,435,194.0,241.0,54.77,-21.44,0.0
xayah,yone,435,194.0,241.0,54.77,11.9,-18.41
xayah,yorick,435,194.0,241.0,54.77,30.94,-7.4
xayah,yunara,435,194.0,241.0,54.77,0.0,11.9
xayah,zed,435,194.0,241.0,54.77,45.23,20.23
xayah,zeri,435,194.0,241.0,54.77,0.0,15.23
xayah,ziggs,435,194.0,241.0,54.77,-4.77,-34.77
xayah,zilean,435,194.0,241.0,54.77,0.0,45.23
xayah,zoe,435,194.0,241.0,54.77,0.0,-21.44
xayah,zyra,435,194.0,241.0,54.77,-21.44,-54.77
gnar,aatrox,252,106.0,146.0,47.95,0.0,16.34
gnar,ahri,252,106.0,146.0,47.95,12.05,-1.8
gnar,akali,252,106.0,146.0,47.95,23.48,-14.62
gnar,alistar,252,106.0,146.0,47.95,-1.28,-7.95
gnar,ambessa,252,106.0,146.0,47.95,0.0,-19.38
gnar,annie,252,106.0,146.0,47.95,27.05,18.72
gnar,aphelios,252,106.0,146.0,47.95,52.05,32.05
gnar,ashe,252,106.0,146.0,47.95,-20.68,-5.09
gnar,aurelion sol,252,106.0,146.0,47.95,0.0,-47.95
gnar,aurora,252,106.0,146.0,47.95,-10.45,-6.28
gnar,azir,252,106.0,146.0,47.95,-1.8,-12.24
gnar,bard,252,106.0,146.0,47.95,0.0,12.05
gnar,blitzcrank,252,106.0,146.0,47.95,52.05,-47.95
gnar,brand,252,106.0,146.0,47.95,0.0,52.05
gnar,braum,252,106.0,146.0,47.95,12.05,9.19
gnar,caitlyn,252,106.0,146.0,47.95,2.05,2.05
gnar,camille,252,106.0,146.0,47.95,0.0,2.05
gnar,cassiopeia,252,106.0,146.0,47.95,-47.95,52.05
gnar,chogath,252,106.0,146.0,47.95,-47.95,0.0
gnar,corki,252,106.0,146.0,47.95,7.61,36.26
gnar,diana,252,106.0,146.0,47.95,0.0,52.05
gnar,elise,252,106.0,146.0,47.95,-47.95,-27.95
gnar,ezreal,252,106.0,146.0,47.95,9.19,7.61
gnar,fiddlesticks,252,106.0,146.0,47.95,52.05,-47.95
gnar,galio,252,106.0,146.0,47.95,-3.51,-47.95
gnar,gangplank,252,106.0,146.0,47.95,0.0,-14.62
gnar,gragas,252,106.0,146.0,47.95,-47.95,2.05
gnar,gwen,252,106.0,146.0,47.95,0.0,-10.45
gnar,hwei,252,106.0,146.0,47.95,-47.95,52.05
gnar,irelia,252,106.0,146.0,47.95,0.0,52.05
gnar,ivern,252,106.0,146.0,47.95,-47.95,-22.95
gnar,jarvan iv,252,106.0,146.0,47.95,18.72,12.05
gnar,jax,252,106.0,146.0,47.95,0.0,5.38
gnar,jayce,252,106.0,146.0,47.95,-22.95,2.05
gnar,jhin,252,106.0,146.0,47.95,-3.51,2.05
gnar,jinx,252,106.0,146.0,47.95,2.05,-14.62
gnar,kaisa,252,106.0,146.0,47.95,-0.58,-22.95
gnar,kalista,252,106.0,146.0,47.95,27.05,-27.95
gnar,karma,252,106.0,146.0,47.95,2.05,-14.62
gnar,karthus,252,106.0,146.0,47.95,-47.95,-47.95
gnar,kassadin,252,106.0,146.0,47.95,-47.95,0.0
gnar,kennen,252,106.0,146.0,47.95,0.0,2.05
gnar,kindred,252,106.0,146.0,47.95,0.0,2.05
gnar,kog,252,106.0,146.0,47.95,0.0,2.05
gnar,ksante,252,106.0,146.0,47.95,0.0,-0.33
gnar,leblanc,252,106.0,146.0,47.95,2.05,2.05
gnar,lee sin,252,106.0,146.0,47.95,52.05,-7.95
gnar,leona,252,106.0,146.0,47.95,-5.84,2.05
gnar,lillia,252,106.0,146.0,47.95,-5.09,32.05
gnar,lissandra,252,106.0,146.0,47.95,0.0,52.05
gnar,lucian,252,106.0,146.0,47.95,-7.95,-5.09
gnar,lulu,252,106.0,146.0,47.95,2.05,12.05
gnar,maokai,252,106.0,146.0,47.95,-3.51,2.05
gnar,mel,252,106.0,146.0,47.95,-47.95,52.05
gnar,miss fortune,252,106.0,146.0,47.95,-6.77,9.19
gnar,mundo,252,106.0,146.0,47.95,52.05,2.05
gnar,naafiri,252,106.0,146.0,47.95,7.61,-2.5
gnar,nami,252,106.0,146.0,47.95,-47.95,-22.95
gnar,nautilus,252,106.0,146.0,47.95,-1.8,-14.62
gnar,neeko,252,106.0,146.0,47.95,-9.49,0.0
gnar,nidalee,252,106.0,146.0,47.95,2.05,-27.95
gnar,nilah,252,106.0,146.0,47.95,0.0,52.05
gnar,nocturne,252,106.0,146.0,47.95,-22.95,-10.45
gnar,olaf,252,106.0,146.0,47.95,0.0,52.05
gnar,orianna,252,106.0,146.0,47.95,14.55,2.05
gnar,ornn,252,106.0,146.0,47.95,0.0,-14.62
gnar,pantheon,252,106.0,146.0,47.95,-7.95,9.19
gnar,poppy,252,106.0,146.0,47.95,42.96,-14.62
gnar,pyke,252,106.0,146.0,47.95,0.0,-47.95
gnar,qiyana,252,106.0,146.0,47.95,52.05,0.0
gnar,rakan,252,106.0,146.0,47.95,-0.33,2.05
gnar,rell,252,106.0,146.0,47.95,7.05,25.38
gnar,renata glasc,252,106.0,146.0,47.95,-10.45,-20.68
gnar,renekton,252,106.0,146.0,47.95,0.0,9.19
gnar,rumble,252,106.0,146.0,47.95,0.0,-47.95
gnar,ryze,252,106.0,146.0,47.95,-14.62,-1.8
gnar,sejuani,252,106.0,146.0,47.95,-22.95,21.28
gnar,senna,252,106.0,146.0,47.95,-14.62,-7.95
gnar,seraphine,252,106.0,146.0,47.95,-47.95,0.0
gnar,sett,252,106.0,146.0,47.95,-47.95,0.0
gnar,shen,252,106.0,146.0,47.95,0.0,52.05
gnar,shyvana,252,106.0,146.0,47.95,52.05,0.0
gnar,sion,252,106.0,146.0,47.95,0.0,2.05
gnar,sivir,252,106.0,146.0,47.95,-22.95,18.72
gnar,skarner,252,106.0,146.0,47.95,6.6,-3.51
gnar,smolder,252,106.0,146.0,47.95,2.05,-47.95
gnar,swain,252,106.0,146.0,47.95,52.05,0.0
gnar,sylas,252,106.0,146.0,47.95,-14.62,27.05
gnar,syndra,252,106.0,146.0,47.95,2.05,-47.95
gnar,taliyah,252,106.0,146.0,47.95,13.59,6.22
gnar,taric,252,106.0,146.0,47.95,52.05,52.05
gnar,thresh,252,106.0,146.0,47.95,0.0,18.72
gnar,tristana,252,106.0,146.0,47.95,2.05,-19.38
gnar,trundle,252,106.0,146.0,47.95,-22.95,-22.95
gnar,tryndamere,252,106.0,146.0,47.95,52.05,0.0
gnar,twisted fate,252,106.0,146.0,47.95,-47.95,0.0
gnar,udyr,252,106.0,146.0,47.95,0.0,52.05
gnar,urgot,252,106.0,146.0,47.95,0.0,52.05
gnar,varus,252,106.0,146.0,47.95,11.14,-10.45
gnar,vi,252,106.0,146.0,47.95,-4.2,-2.5
gnar,viego,252,106.0,146.0,47.95,-7.95,-7.95
gnar,viktor,252,106.0,146.0,47.95,-0.58,23.48
gnar,vladimir,252,106.0,146.0,47.95,52.05,2.05
gnar,wukong,252,106.0,146.0,47.95,2.05,18.72
gnar,xayah,252,106.0,146.0,47.95,-22.95,-7.95
gnar,xerath,252,106.0,146.0,47.95,-47.95,0.0
gnar,xin zhao,252,106.0,146.0,47.95,10.38,-19.38
gnar,yasuo,252,106.0,146.0,47.95,0.0,12.05
gnar,yone,252,106.0,146.0,47.95,7.61,-9.49
gnar,yorick,252,106.0,146.0,47.95,0.0,-14.62
gnar,yunara,252,106.0,146.0,47.95,0.0,18.72
gnar,yuumi,252,106.0,146.0,47.95,-47.95,-47.95
gnar,zac,252,106.0,146.0,47.95,-47.95,0.0
gnar,zed,252,106.0,146.0,47.95,52.05,2.05
gnar,zeri,252,106.0,146.0,47.95,-19.38,2.05
gnar,ziggs,252,106.0,146.0,47.95,18.72,-7.95
gnar,zilean,252,106.0,146.0,47.95,-47.95,-47.95
gnar,zoe,252,106.0,146.0,47.95,52.05,-47.95
gnar,zyra,252,106.0,146.0,47.95,2.05,2.05
lulu,aatrox,159,86.0,73.0,47.95,0.0,12.05
lulu,ahri,159,86.0,73.0,47.95,2.05,2.05
lulu,akali,159,86.0,73.0,47.95,-7.95,27.05
lulu,alistar,159,86.0,73.0,47.95,0.0,-14.62
lulu,ambessa,159,86.0,73.0,47.95,18.72,2.05
lulu,amumu,159,86.0,73.0,47.95,-47.95,0.0
lulu,annie,159,86.0,73.0,47.95,-3.51,-47.95
lulu,aphelios,159,86.0,73.0,47.95,-47.95,52.05
lulu,ashe,159,86.0,73.0,47.95,18.72,2.05
lulu,aurelion sol,159,86.0,73.0,47.95,-47.95,0.0
lulu,aurora,159,86.0,73.0,47.95,32.05,9.19
lulu,azir,159,86.0,73.0,47.95,-14.62,-14.62
lulu,bard,159,86.0,73.0,47.95,-47.95,52.05
lulu,blitzcrank,159,86.0,73.0,47.95,0.0,-47.95
lulu,braum,159,86.0,73.0,47.95,0.0,-22.95
lulu,caitlyn,159,86.0,73.0,47.95,0.0,-47.95
lulu,camille,159,86.0,73.0,47.95,-7.95,0.0
lulu,chogath,159,86.0,73.0,47.95,0.0,-47.95
lulu,corki,159,86.0,73.0,47.95,-47.95,52.05
lulu,draven,159,86.0,73.0,47.95,0.0,52.05
lulu,elise,159,86.0,73.0,47.95,0.0,52.05
lulu,ezreal,159,86.0,73.0,47.95,0.0,-31.28
lulu,galio,159,86.0,73.0,47.95,12.05,32.05
lulu,gnar,159,86.0,73.0,47.95,2.05,-7.95
lulu,gragas,159,86.0,73.0,47.95,52.05,2.05
lulu,gwen,159,86.0,73.0,47.95,-10.45,12.05
lulu,hwei,159,86.0,73.0,47.95,0.0,52.05
lulu,ivern,159,86.0,73.0,47.95,0.0,-47.95
lulu,jarvan iv,159,86.0,73.0,47.95,18.72,-19.38
lulu,jax,159,86.0,73.0,47.95,12.05,12.05
lulu,jayce,159,86.0,73.0,47.95,-27.95,-7.95
lulu,jhin,159,86.0,73.0,47.95,0.0,-47.95
lulu,jinx,159,86.0,73.0,47.95,13.95,2.05
lulu,kaisa,159,86.0,73.0,47.95,-47.95,-10.45
lulu,kalista,159,86.0,73.0,47.95,0.0,-47.95
lulu,karma,159,86.0,73.0,47.95,0.0,-27.95
lulu,kennen,159,86.0,73.0,47.95,52.05,52.05
lulu,kog,159,86.0,73.0,47.95,2.05,0.0
lulu,ksante,159,86.0,73.0,47.95,-22.95,14.55
lulu,leblanc,159,86.0,73.0,47.95,52.05,0.0
lulu,lee sin,159,86.0,73.0,47.95,-14.62,-27.95
lulu,leona,159,86.0,73.0,47.95,0.0,52.05
lulu,lillia,159,86.0,73.0,47.95,52.05,52.05
lulu,lissandra,159,86.0,73.0,47.95,0.0,-47.95
lulu,lucian,159,86.0,73.0,47.95,0.0,32.05
lulu,maokai,159,86.0,73.0,47.95,2.05,2.05
lulu,mel,159,86.0,73.0,47.95,0.0,52.05
lulu,miss fortune,159,86.0,73.0,47.95,-14.62,52.05
lulu,mordekaiser,159,86.0,73.0,47.95,52.05,52.05
lulu,morgana,159,86.0,73.0,47.95,0.0,-47.95
lulu,naafiri,159,86.0,73.0,47.95,2.05,18.72
lulu,nami,159,86.0,73.0,47.95,0.0,52.05
lulu,nautilus,159,86.0,73.0,47.95,0.0,2.05
lulu,neeko,159,86.0,73.0,47.95,0.0,6.6
lulu,nidalee,159,86.0,73.0,47.95,0.0,-47.95
lulu,nocturne,159,86.0,73.0,47.95,-47.95,-14.62
lulu,orianna,159,86.0,73.0,47.95,12.05,7.61
lulu,ornn,159,86.0,73.0,47.95,2.05,-14.62
lulu,pantheon,159,86.0,73.0,47.95,2.05,2.05
lulu,poppy,159,86.0,73.0,47.95,52.05,-2.5
lulu,rakan,159,86.0,73.0,47.95,0.0,-17.95
lulu,rell,159,86.0,73.0,47.95,0.0,2.05
lulu,renata glasc,159,86.0,73.0,47.95,0.0,2.05
lulu,renekton,159,86.0,73.0,47.95,12.05,-22.95
lulu,rumble,159,86.0,73.0,47.95,9.19,-27.95
lulu,ryze,159,86.0,73.0,47.95,-19.38,-7.95
lulu,sejuani,159,86.0,73.0,47.95,14.55,27.05
lulu,senna,159,86.0,73.0,47.95,0.0,18.72
lulu,seraphine,159,86.0,73.0,47.95,0.0,2.05
lulu,sett,159,86.0,73.0,47.95,0.0,52.05
lulu,sion,159,86.0,73.0,47.95,-3.51,2.05
lulu,sivir,159,86.0,73.0,47.95,-14.62,9.19
lulu,skarner,159,86.0,73.0,47.95,9.19,27.05
lulu,swain,159,86.0,73.0,47.95,0.0,52.05
lulu,sylas,159,86.0,73.0,47.95,-33.66,-14.62
lulu,syndra,159,86.0,73.0,47.95,0.0,18.72
lulu,taliyah,159,86.0,73.0,47.95,2.05,-14.62
lulu,thresh,159,86.0,73.0,47.95,0.0,52.05
lulu,tristana,159,86.0,73.0,47.95,-14.62,-14.62
lulu,trundle,159,86.0,73.0,47.95,-22.95,-47.95
lulu,twisted fate,159,86.0,73.0,47.95,52.05,-47.95
lulu,twitch,159,86.0,73.0,47.95,-47.95,0.0
lulu,udyr,159,86.0,73.0,47.95,0.0,52.05
lulu,urgot,159,86.0,73.0,47.95,-47.95,0.0
lulu,varus,159,86.0,73.0,47.95,-47.95,2.05
lulu,vi,159,86.0,73.0,47.95,-7.95,-31.28
lulu,viego,159,86.0,73.0,47.95,52.05,14.55
lulu,viktor,159,86.0,73.0,47.95,2.05,9.19
lulu,volibear,159,86.0,73.0,47.95,2.05,-47.95
lulu,wukong,159,86.0,73.0,47.95,12.05,23.48
lulu,xayah,159,86.0,73.0,47.95,-22.95,-11.59
lulu,xin zhao,159,86.0,73.0,47.95,2.05,12.05
lulu,yasuo,159,86.0,73.0,47.95,0.0,52.05
lulu,yone,159,86.0,73.0,47.95,2.05,-47.95
lulu,yorick,159,86.0,73.0,47.95,-22.95,0.0
lulu,yunara,159,86.0,73.0,47.95,27.05,52.05
lulu,yuumi,159,86.0,73.0,47.95,0.0,2.05
lulu,zed,159,86.0,73.0,47.95,-14.62,0.0
lulu,zeri,159,86.0,73.0,47.95,4.22,-14.62
lulu,zyra,159,86.0,73.0,47.95,-47.95,52.05
ambessa,aatrox,710,282.0,428.0,43.46,0.0,6.54
ambessa,ahri,710,282.0,428.0,43.46,-10.13,-0.6
ambessa,akali,710,282.0,428.0,43.46,0.98,19.04
ambessa,alistar,710,282.0,428.0,43.46,11.09,-9.56
ambessa,annie,710,282.0,428.0,43.46,-14.89,-5.0
ambessa,aphelios,710,282.0,428.0,43.46,-10.13,-10.13
ambessa,ashe,710,282.0,428.0,43.46,-8.17,11.71
ambessa,aurelion sol,710,282.0,428.0,43.46,6.54,0.0
ambessa,aurora,710,282.0,428.0,43.46,-13.03,-13.23
ambessa,azir,710,282.0,428.0,43.46,-7.56,-6.62
ambessa,bard,710,282.0,428.0,43.46,14.87,1.99
ambessa,blitzcrank,710,282.0,428.0,43.46,56.54,6.54
ambessa,brand,710,282.0,428.0,43.46,0.0,23.21
ambessa,braum,710,282.0,428.0,43.46,0.02,-0.22
ambessa,caitlyn,710,282.0,428.0,43.46,27.97,-14.89
ambessa,camille,710,282.0,428.0,43.46,56.54,-2.55
ambessa,cassiopeia,710,282.0,428.0,43.46,-43.46,-3.46
ambessa,chogath,710,282.0,428.0,43.46,6.54,0.0
ambessa,corki,710,282.0,428.0,43.46,-10.13,2.3
ambessa,draven,710,282.0,428.0,43.46,-43.46,6.54
ambessa,elise,710,282.0,428.0,43.46,-5.96,6.54
ambessa,ezreal,710,282.0,428.0,43.46,-10.96,4.69
ambessa,fiddlesticks,710,282.0,428.0,43.46,0.0,-43.46
ambessa,fiora,710,282.0,428.0,43.46,0.0,56.54
ambessa,galio,710,282.0,428.0,43.46,16.54,5.11
ambessa,gangplank,710,282.0,428.0,43.46,0.0,56.54
ambessa,gnar,710,282.0,428.0,43.46,0.0,27.97
ambessa,gragas,710,282.0,428.0,43.46,-10.13,6.54
ambessa,gwen,710,282.0,428.0,43.46,0.0,-1.24
ambessa,hecarim,710,282.0,428.0,43.46,0.0,-43.46
ambessa,hwei,710,282.0,428.0,43.46,27.97,-10.13
ambessa,ivern,710,282.0,428.0,43.46,-10.13,6.54
ambessa,janna,710,282.0,428.0,43.46,0.0,-43.46
ambessa,jarvan iv,710,282.0,428.0,43.46,4.54,-19.93
ambessa,jax,710,282.0,428.0,43.46,-43.46,6.54
ambessa,jayce,710,282.0,428.0,43.46,23.21,-8.17
ambessa,jhin,710,282.0,428.0,43.46,-12.43,-6.42
ambessa,jinx,710,282.0,428.0,43.46,12.1,16.54
ambessa,kaisa,710,282.0,428.0,43.46,9.73,-12.9
ambessa,kalista,710,282.0,428.0,43.46,8.39,-2.28
ambessa,karma,710,282.0,428.0,43.46,-1.79,-3.46
ambessa,karthus,710,282.0,428.0,43.46,56.54,0.0
ambessa,kassadin,710,282.0,428.0,43.46,56.54,0.0
ambessa,kennen,710,282.0,428.0,43.46,0.0,-43.46
ambessa,khazix,710,282.0,428.0,43.46,0.0,56.54
ambessa,kindred,710,282.0,428.0,43.46,56.54,-43.46
ambessa,kog,710,282.0,428.0,43.46,-43.46,0.0
ambessa,ksante,710,282.0,428.0,43.46,56.54,5.43
ambessa,leblanc,710,282.0,428.0,43.46,0.0,31.54
ambessa,lee sin,710,282.0,428.0,43.46,-5.0,-14.89
ambessa,leona,710,282.0,428.0,43.46,-1.6,1.78
ambessa,lillia,710,282.0,428.0,43.46,2.69,-11.88
ambessa,lissandra,710,282.0,428.0,43.46,-43.46,56.54
ambessa,lucian,710,282.0,428.0,43.46,-8.68,9.17
ambessa,lulu,710,282.0,428.0,43.46,23.21,6.54
ambessa,lux,710,282.0,428.0,43.46,0.0,56.54
ambessa,maokai,710,282.0,428.0,43.46,-3.46,14.43
ambessa,mel,710,282.0,428.0,43.46,-43.46,0.0
ambessa,milio,710,282.0,428.0,43.46,6.54,0.0
ambessa,miss fortune,710,282.0,428.0,43.46,-13.73,6.54
ambessa,mordekaiser,710,282.0,428.0,43.46,-43.46,0.0
ambessa,morgana,710,282.0,428.0,43.46,-43.46,0.0
ambessa,mundo,710,282.0,428.0,43.46,0.0,56.54
ambessa,naafiri,710,282.0,428.0,43.46,-16.79,-2.28
ambessa,nami,710,282.0,428.0,43.46,23.21,56.54
ambessa,nautilus,710,282.0,428.0,43.46,-3.88,3.6
ambessa,neeko,710,282.0,428.0,43.46,-0.13,0.02
ambessa,nidalee,710,282.0,428.0,43.46,-14.89,-3.46
ambessa,nilah,710,282.0,428.0,43.46,0.0,-43.46
ambessa,nocturne,710,282.0,428.0,43.46,-3.46,27.97
ambessa,nunu,710,282.0,428.0,43.46,-43.46,0.0
ambessa,olaf,710,282.0,428.0,43.46,56.54,0.0
ambessa,orianna,710,282.0,428.0,43.46,6.54,10.71
ambessa,ornn,710,282.0,428.0,43.46,-43.46,6.54
ambessa,pantheon,710,282.0,428.0,43.46,-0.22,6.54
ambessa,poppy,710,282.0,428.0,43.46,11.71,-12.21
ambessa,pyke,710,282.0,428.0,43.46,-43.46,0.0
ambessa,qiyana,710,282.0,428.0,43.46,0.0,-10.13
ambessa,rakan,710,282.0,428.0,43.46,4.46,-1.79
ambessa,reksai,710,282.0,428.0,43.46,0.0,23.21
ambessa,rell,710,282.0,428.0,43.46,-12.09,4.08
ambessa,renata glasc,710,282.0,428.0,43.46,-7.98,-5.36
ambessa,renekton,710,282.0,428.0,43.46,0.0,-4.44
ambessa,rumble,710,282.0,428.0,43.46,-18.46,-11.79
ambessa,ryze,710,282.0,428.0,43.46,1.99,6.54
ambessa,sejuani,710,282.0,428.0,43.46,-1.95,2.25
ambessa,senna,710,282.0,428.0,43.46,26.54,1.99
ambessa,seraphine,710,282.0,428.0,43.46,56.54,23.21
ambessa,sett,710,282.0,428.0,43.46,-43.46,6.54
ambessa,shen,710,282.0,428.0,43.46,-43.46,31.54
ambessa,singed,710,282.0,428.0,43.46,0.0,56.54
ambessa,sion,710,282.0,428.0,43.46,-43.46,4.62
ambessa,sivir,710,282.0,428.0,43.46,14.87,3.91
ambessa,skarner,710,282.0,428.0,43.46,2.97,-11.2
ambessa,smolder,710,282.0,428.0,43.46,6.54,16.54
ambessa,swain,710,282.0,428.0,43.46,-43.46,-43.46
ambessa,sylas,710,282.0,428.0,43.46,1.99,-7.1
ambessa,syndra,710,282.0,428.0,43.46,-43.46,23.21
ambessa,tahm kench,710,282.0,428.0,43.46,-43.46,23.21
ambessa,taliyah,710,282.0,428.0,43.46,7.36,-8.77
ambessa,taric,710,282.0,428.0,43.46,0.0,-43.46
ambessa,thresh,710,282.0,428.0,43.46,56.54,-43.46
ambessa,tristana,710,282.0,428.0,43.46,-0.6,-0.6
ambessa,trundle,710,282.0,428.0,43.46,-19.93,-16.19
ambessa,twisted fate,710,282.0,428.0,43.46,6.54,-10.13
ambessa,twitch,710,282.0,428.0,43.46,-43.46,0.0
ambessa,udyr,710,282.0,428.0,43.46,0.0,16.54
ambessa,urgot,710,282.0,428.0,43.46,0.0,56.54
ambessa,varus,710,282.0,428.0,43.46,10.71,-5.76
ambessa,vayne,710,282.0,428.0,43.46,-43.46,-43.46
ambessa,vex,710,282.0,428.0,43.46,0.0,-43.46
ambessa,vi,710,282.0,428.0,43.46,8.1,4.16
ambessa,viego,710,282.0,428.0,43.46,-1.79,9.87
ambessa,viktor,710,282.0,428.0,43.46,-4.57,4.16
ambessa,vladimir,710,282.0,428.0,43.46,0.0,-43.46
ambessa,volibear,710,282.0,428.0,43.46,0.0,56.54
ambessa,warwick,710,282.0,428.0,43.46,0.0,6.54
ambessa,wukong,710,282.0,428.0,43.46,0.29,12.35
ambessa,xayah,710,282.0,428.0,43.46,-4.33,-3.46
ambessa,xin zhao,710,282.0,428.0,43.46,-3.8,-0.81
ambessa,yasuo,710,282.0,428.0,43.46,0.0,56.54
ambessa,yone,710,282.0,428.0,43.46,13.68,-2.0
ambessa,yorick,710,282.0,428.0,43.46,0.0,-2.55
ambessa,yunara,710,282.0,428.0,43.46,-0.6,-7.1
ambessa,yuumi,710,282.0,428.0,43.46,0.0,6.54
ambessa,zed,710,282.0,428.0,43.46,-43.46,6.54
ambessa,zeri,710,282.0,428.0,43.46,3.21,-0.6
ambessa,ziggs,710,282.0,428.0,43.46,-1.35,23.21
ambessa,zyra,710,282.0,428.0,43.46,6.54,27.97
jayce,aatrox,676,390.0,286.0,50.35,-50.35,24.65
jayce,ahri,676,390.0,286.0,50.35,-7.49,8.74
jayce,akali,676,390.0,286.0,50.35,32.98,-0.35
jayce,alistar,676,390.0,286.0,50.35,-1.87,-13.99
jayce,ambessa,676,390.0,286.0,50.35,16.32,14.36
jayce,amumu,676,390.0,286.0,50.35,0.0,49.65
jayce,annie,676,390.0,286.0,50.35,16.32,-0.35
jayce,aphelios,676,390.0,286.0,50.35,-0.35,-50.35
jayce,ashe,676,390.0,286.0,50.35,-0.35,6.79
jayce,aurora,676,390.0,286.0,50.35,-25.35,4.82
jayce,azir,676,390.0,286.0,50.35,-5.19,1.5
jayce,bard,676,390.0,286.0,50.35,-7.49,16.32
jayce,blitzcrank,676,390.0,286.0,50.35,16.32,-10.35
jayce,brand,676,390.0,286.0,50.35,-50.35,0.0
jayce,braum,676,390.0,286.0,50.35,-6.6,-0.35
jayce,caitlyn,676,390.0,286.0,50.35,16.32,24.65
jayce,camille,676,390.0,286.0,50.35,49.65,16.32
jayce,cassiopeia,676,390.0,286.0,50.35,49.65,0.0
jayce,chogath,676,390.0,286.0,50.35,0.0,-50.35
jayce,corki,676,390.0,286.0,50.35,-20.72,-7.49
jayce,diana,676,390.0,286.0,50.35,-50.35,0.0
jayce,draven,676,390.0,286.0,50.35,49.65,-30.35
jayce,elise,676,390.0,286.0,50.35,-0.35,16.32
jayce,ezreal,676,390.0,286.0,50.35,2.15,-11.33
jayce,fiddlesticks,676,390.0,286.0,50.35,49.65,0.0
jayce,galio,676,390.0,286.0,50.35,-37.02,49.65
jayce,gnar,676,390.0,286.0,50.35,-25.35,-0.35
jayce,gragas,676,390.0,286.0,50.35,49.65,-0.35
jayce,gwen,676,390.0,286.0,50.35,49.65,1.17
jayce,hwei,676,390.0,286.0,50.35,6.79,27.43
jayce,ivern,676,390.0,286.0,50.35,16.32,49.65
jayce,janna,676,390.0,286.0,50.35,49.65,0.0
jayce,jarvan iv,676,390.0,286.0,50.35,24.65,-4.2
jayce,jax,676,390.0,286.0,50.35,9.65,12.15
jayce,jhin,676,390.0,286.0,50.35,-10.35,4.2
jayce,jinx,676,390.0,286.0,50.35,9.65,24.65
jayce,kaisa,676,390.0,286.0,50.35,-7.49,10.76
jayce,kalista,676,390.0,286.0,50.35,24.65,3.5
jayce,karma,676,390.0,286.0,50.35,-0.35,6.79
jayce,karthus,676,390.0,286.0,50.35,0.0,-50.35
jayce,kassadin,676,390.0,286.0,50.35,49.65,0.0
jayce,kindred,676,390.0,286.0,50.35,-50.35,49.65
jayce,ksante,676,390.0,286.0,50.35,-25.35,-4.2
jayce,leblanc,676,390.0,286.0,50.35,49.65,49.65
jayce,lee sin,676,390.0,286.0,50.35,-17.02,-12.85
jayce,leona,676,390.0,286.0,50.35,0.93,2.59
jayce,lillia,676,390.0,286.0,50.35,-11.89,-17.02
jayce,lissandra,676,390.0,286.0,50.35,0.0,-50.35
jayce,lucian,676,390.0,286.0,50.35,-0.35,16.32
jayce,lulu,676,390.0,286.0,50.35,-30.35,9.65
jayce,maokai,676,390.0,286.0,50.35,-5.35,-17.02
jayce,mel,676,390.0,286.0,50.35,-50.35,16.32
jayce,milio,676,390.0,286.0,50.35,-50.35,49.65
jayce,miss fortune,676,390.0,286.0,50.35,6.79,-0.35
jayce,morgana,676,390.0,286.0,50.35,49.65,49.65
jayce,mundo,676,390.0,286.0,50.35,0.0,49.65
jayce,naafiri,676,390.0,286.0,50.35,-10.35,3.82
jayce,nami,676,390.0,286.0,50.35,-50.35,49.65
jayce,nasus,676,390.0,286.0,50.35,0.0,-50.35
jayce,nautilus,676,390.0,286.0,50.35,-0.35,11.81
jayce,neeko,676,390.0,286.0,50.35,6.79,-18.77
jayce,nidalee,676,390.0,286.0,50.35,9.65,-0.35
jayce,nocturne,676,390.0,286.0,50.35,-30.35,12.15
jayce,olaf,676,390.0,286.0,50.35,49.65,0.0
jayce,orianna,676,390.0,286.0,50.35,35.36,-6.6
jayce,ornn,676,390.0,286.0,50.35,29.65,-9.17
jayce,pantheon,676,390.0,286.0,50.35,-8.24,2.59
jayce,poppy,676,390.0,286.0,50.35,24.65,-17.02
jayce,pyke,676,390.0,286.0,50.35,0.0,49.65
jayce,qiyana,676,390.0,286.0,50.35,0.0,49.65
jayce,rakan,676,390.0,286.0,50.35,4.65,9.65
jayce,rell,676,390.0,286.0,50.35,-1.41,-4.2
jayce,renata glasc,676,390.0,286.0,50.35,12.15,-0.35
jayce,renekton,676,390.0,286.0,50.35,-50.35,11.19
jayce,rengar,676,390.0,286.0,50.35,-50.35,0.0
jayce,rumble,676,390.0,286.0,50.35,49.65,-8.89
jayce,ryze,676,390.0,286.0,50.35,11.72,-15.73
jayce,sejuani,676,390.0,286.0,50.35,-4.9,7.98
jayce,senna,676,390.0,286.0,50.35,-7.49,-17.02
jayce,seraphine,676,390.0,286.0,50.35,0.0,49.65
jayce,sett,676,390.0,286.0,50.35,49.65,49.65
jayce,shen,676,390.0,286.0,50.35,-50.35,-50.35
jayce,sion,676,390.0,286.0,50.35,-50.35,-10.35
jayce,sivir,676,390.0,286.0,50.35,-17.02,24.65
jayce,skarner,676,390.0,286.0,50.35,8.74,-2.35
jayce,smolder,676,390.0,286.0,50.35,-50.35,-50.35
jayce,swain,676,390.0,286.0,50.35,49.65,49.65
jayce,sylas,676,390.0,286.0,50.35,4.2,-6.6
jayce,syndra,676,390.0,286.0,50.35,49.65,0.0
jayce,tahm kench,676,390.0,286.0,50.35,-0.35,49.65
jayce,taliyah,676,390.0,286.0,50.35,17.51,-9.81
jayce,thresh,676,390.0,286.0,50.35,0.0,-0.35
jayce,tristana,676,390.0,286.0,50.35,49.65,-0.35
jayce,trundle,676,390.0,286.0,50.35,37.15,16.32
jayce,twisted fate,676,390.0,286.0,50.35,49.65,49.65
jayce,varus,676,390.0,286.0,50.35,4.41,-1.63
jayce,veigar,676,390.0,286.0,50.35,0.0,49.65
jayce,vex,676,390.0,286.0,50.35,0.0,-50.35
jayce,vi,676,390.0,286.0,50.35,-10.35,1.5
jayce,viego,676,390.0,286.0,50.35,24.65,-36.06
jayce,viktor,676,390.0,286.0,50.35,-8.41,14.65
jayce,vladimir,676,390.0,286.0,50.35,-10.35,0.0
jayce,volibear,676,390.0,286.0,50.35,0.0,-50.35
jayce,wukong,676,390.0,286.0,50.35,-5.35,-0.35
jayce,xayah,676,390.0,286.0,50.35,12.61,-5.91
jayce,xin zhao,676,390.0,286.0,50.35,12.81,1.92
jayce,yasuo,676,390.0,286.0,50.35,-50.35,49.65
jayce,yone,676,390.0,286.0,50.35,-20.94,-8.24
jayce,yorick,676,390.0,286.0,50.35,0.0,3.5
jayce,yunara,676,390.0,286.0,50.35,0.0,-50.35
jayce,yuumi,676,390.0,286.0,50.35,49.65,0.0
jayce,zac,676,390.0,286.0,50.35,0.0,-50.35
jayce,zed,676,390.0,286.0,50.35,-0.35,16.32
jayce,zeri,676,390.0,286.0,50.35,-0.35,-0.35
jayce,ziggs,676,390.0,286.0,50.35,-10.35,-25.35
jayce,zoe,676,390.0,286.0,50.35,-50.35,-50.35
jayce,zyra,676,390.0,286.0,50.35,-30.35,-5.91
ornn,aatrox,249,84.0,165.0,51.52,0.0,-1.52
ornn,ahri,249,84.0,165.0,51.52,18.48,-26.52
ornn,akali,249,84.0,165.0,51.52,-18.19,-18.19
ornn,alistar,249,84.0,165.0,51.52,-1.52,-8.66
ornn,ambessa,249,84.0,165.0,51.52,-51.52,-1.52
ornn,annie,249,84.0,165.0,51.52,10.98,-11.52
ornn,aphelios,249,84.0,165.0,51.52,48.48,15.15
ornn,ashe,249,84.0,165.0,51.52,-51.52,-11.52
ornn,aurelion sol,249,84.0,165.0,51.52,-1.52,0.0
ornn,aurora,249,84.0,165.0,51.52,-20.75,7.3
ornn,azir,249,84.0,165.0,51.52,-4.85,6.81
ornn,bard,249,84.0,165.0,51.52,-51.52,28.48
ornn,blitzcrank,249,84.0,165.0,51.52,0.0,-51.52
ornn,braum,249,84.0,165.0,51.52,-7.08,8.48
ornn,caitlyn,249,84.0,165.0,51.52,15.15,-18.19
ornn,camille,249,84.0,165.0,51.52,-51.52,0.0
ornn,cassiopeia,249,84.0,165.0,51.52,-51.52,-26.52
ornn,corki,249,84.0,165.0,51.52,-20.27,-11.52
ornn,diana,249,84.0,165.0,51.52,-51.52,0.0
ornn,draven,249,84.0,165.0,51.52,-51.52,-51.52
ornn,elise,249,84.0,165.0,51.52,0.0,19.91
ornn,ezreal,249,84.0,165.0,51.52,10.38,10.02
ornn,galio,249,84.0,165.0,51.52,4.04,-1.52
ornn,gnar,249,84.0,165.0,51.52,0.0,15.15
ornn,gwen,249,84.0,165.0,51.52,0.0,-18.19
ornn,hwei,249,84.0,165.0,51.52,-51.52,15.15
ornn,jarvan iv,249,84.0,165.0,51.52,26.26,2.33
ornn,jax,249,84.0,165.0,51.52,0.0,-18.19
ornn,jayce,249,84.0,165.0,51.52,28.48,7.3
ornn,jhin,249,84.0,165.0,51.52,10.98,1.81
ornn,jinx,249,84.0,165.0,51.52,-51.52,-51.52
ornn,kaisa,249,84.0,165.0,51.52,3.48,-4.85
ornn,kalista,249,84.0,165.0,51.52,28.48,-14.02
ornn,karma,249,84.0,165.0,51.52,19.91,-1.52
ornn,karthus,249,84.0,165.0,51.52,-51.52,0.0
ornn,kindred,249,84.0,165.0,51.52,-51.52,48.48
ornn,ksante,249,84.0,165.0,51.52,0.0,-1.52
ornn,leblanc,249,84.0,165.0,51.52,48.48,0.0
ornn,lee sin,249,84.0,165.0,51.52,-18.19,-1.52
ornn,leona,249,84.0,165.0,51.52,-13.06,-9.85
ornn,lillia,249,84.0,165.0,51.52,15.15,48.48
ornn,lissandra,249,84.0,165.0,51.52,0.0,-51.52
ornn,lucian,249,84.0,165.0,51.52,-7.08,-1.52
ornn,lulu,249,84.0,165.0,51.52,-1.52,15.15
ornn,maokai,249,84.0,165.0,51.52,-1.52,19.91
ornn,mel,249,84.0,165.0,51.52,-51.52,0.0
ornn,milio,249,84.0,165.0,51.52,-51.52,0.0
ornn,miss fortune,249,84.0,165.0,51.52,-14.02,2.33
ornn,morgana,249,84.0,165.0,51.52,0.0,48.48
ornn,naafiri,249,84.0,165.0,51.52,-1.52,-14.02
ornn,nami,249,84.0,165.0,51.52,-51.52,15.15
ornn,nautilus,249,84.0,165.0,51.52,1.11,22.16
ornn,neeko,249,84.0,165.0,51.52,18.48,-18.19
ornn,nidalee,249,84.0,165.0,51.52,23.48,8.48
ornn,nocturne,249,84.0,165.0,51.52,26.26,8.48
ornn,orianna,249,84.0,165.0,51.52,-4.46,-11.52
ornn,pantheon,249,84.0,165.0,51.52,-11.52,-12.63
ornn,poppy,249,84.0,165.0,51.52,-11.52,-37.23
ornn,pyke,249,84.0,165.0,51.52,-51.52,48.48
ornn,qiyana,249,84.0,165.0,51.52,48.48,-51.52
ornn,rakan,249,84.0,165.0,51.52,12.12,8.48
ornn,rell,249,84.0,165.0,51.52,-4.15,-4.85
ornn,renata glasc,249,84.0,165.0,51.52,10.98,-14.02
ornn,renekton,249,84.0,165.0,51.52,0.0,-7.52
ornn,rumble,249,84.0,165.0,51.52,48.48,0.38
ornn,ryze,249,84.0,165.0,51.52,19.91,-14.02
ornn,sejuani,249,84.0,165.0,51.52,-51.52,-9.85
ornn,senna,249,84.0,165.0,51.52,-1.52,31.81
ornn,seraphine,249,84.0,165.0,51.52,-51.52,-51.52
ornn,sett,249,84.0,165.0,51.52,0.0,-1.52
ornn,sion,249,84.0,165.0,51.52,0.0,-1.52
ornn,sivir,249,84.0,165.0,51.52,-1.52,-1.52
ornn,skarner,249,84.0,165.0,51.52,-51.52,-1.52
ornn,smolder,249,84.0,165.0,51.52,-26.52,48.48
ornn,sylas,249,84.0,165.0,51.52,37.37,-18.19
ornn,tahm kench,249,84.0,165.0,51.52,0.0,-1.52
ornn,taliyah,249,84.0,165.0,51.52,-18.19,4.48
ornn,thresh,249,84.0,165.0,51.52,0.0,-51.52
ornn,tristana,249,84.0,165.0,51.52,-8.66,28.48
ornn,trundle,249,84.0,165.0,51.52,-5.69,-18.19
ornn,tryndamere,249,84.0,165.0,51.52,0.0,48.48
ornn,twisted fate,249,84.0,165.0,51.52,0.0,48.48
ornn,udyr,249,84.0,165.0,51.52,0.0,48.48
ornn,varus,249,84.0,165.0,51.52,-4.46,6.37
ornn,vex,249,84.0,165.0,51.52,48.48,0.0
ornn,vi,249,84.0,165.0,51.52,-5.37,12.77
ornn,viego,249,84.0,165.0,51.52,8.48,48.48
ornn,viktor,249,84.0,165.0,51.52,-8.66,10.02
ornn,vladimir,249,84.0,165.0,51.52,0.0,48.48
ornn,wukong,249,84.0,165.0,51.52,18.48,4.48
ornn,xayah,249,84.0,165.0,51.52,-1.52,-1.52
ornn,xin zhao,249,84.0,165.0,51.52,-3.52,0.65
ornn,yasuo,249,84.0,165.0,51.52,-1.52,0.0
ornn,yone,249,84.0,165.0,51.52,-1.52,10.02
ornn,yorick,249,84.0,165.0,51.52,0.0,-18.19
ornn,yunara,249,84.0,165.0,51.52,19.91,-34.85
ornn,yuumi,249,84.0,165.0,51.52,48.48,0.0
ornn,zed,249,84.0,165.0,51.52,-51.52,-51.52
ornn,zeri,249,84.0,165.0,51.52,28.48,34.19
ornn,ziggs,249,84.0,165.0,51.52,23.48,48.48
ornn,zilean,249,84.0,165.0,51.52,0.0,48.48
ornn,zoe,249,84.0,165.0,51.52,0.0,48.48
ornn,zyra,249,84.0,165.0,51.52,-18.19,-11.52
ezreal,aatrox,711,316.0,395.0,48.1,-8.1,-4.35
ezreal,ahri,711,316.0,395.0,48.1,-2.65,0.55
ezreal,akali,711,316.0,395.0,48.1,1.9,1.9
ezreal,alistar,711,316.0,395.0,48.1,2.69,-5.6
ezreal,ambessa,711,316.0,395.0,48.1,-15.6,3.75
ezreal,anivia,711,316.0,395.0,48.1,51.9,0.0
ezreal,annie,711,316.0,395.0,48.1,-8.1,-4.35
ezreal,aphelios,711,316.0,395.0,48.1,0.0,1.9
ezreal,ashe,711,316.0,395.0,48.1,0.0,-11.26
ezreal,aurora,711,316.0,395.0,48.1,-13.89,13.8
ezreal,azir,711,316.0,395.0,48.1,1.9,1.9
ezreal,bard,711,316.0,395.0,48.1,-25.02,-14.77
ezreal,blitzcrank,711,316.0,395.0,48.1,-23.1,-48.1
ezreal,brand,711,316.0,395.0,48.1,51.9,0.0
ezreal,braum,711,316.0,395.0,48.1,-1.04,-10.96
ezreal,caitlyn,711,316.0,395.0,48.1,0.0,-19.53
ezreal,camille,711,316.0,395.0,48.1,1.9,-3.66
ezreal,cassiopeia,711,316.0,395.0,48.1,0.0,1.9
ezreal,chogath,711,316.0,395.0,48.1,31.9,51.9
ezreal,corki,711,316.0,395.0,48.1,-6.92,10.39
ezreal,diana,711,316.0,395.0,48.1,0.0,51.9
ezreal,draven,711,316.0,395.0,48.1,0.0,-48.1
ezreal,elise,711,316.0,395.0,48.1,-3.66,-6.43
ezreal,fiddlesticks,711,316.0,395.0,48.1,51.9,0.0
ezreal,fiora,711,316.0,395.0,48.1,51.9,0.0
ezreal,galio,711,316.0,395.0,48.1,3.75,6.45
ezreal,gangplank,711,316.0,395.0,48.1,0.0,-48.1
ezreal,garen,711,316.0,395.0,48.1,-48.1,0.0
ezreal,gnar,711,316.0,395.0,48.1,9.04,-3.66
ezreal,gragas,711,316.0,395.0,48.1,-19.53,-6.43
ezreal,gwen,711,316.0,395.0,48.1,0.18,-1.43
ezreal,hwei,711,316.0,395.0,48.1,-31.43,18.57
ezreal,ivern,711,316.0,395.0,48.1,-5.24,1.9
ezreal,jarvan iv,711,316.0,395.0,48.1,20.65,-25.88
ezreal,jax,711,316.0,395.0,48.1,-13.1,-0.27
ezreal,jayce,711,316.0,395.0,48.1,4.4,12.88
ezreal,jhin,711,316.0,395.0,48.1,0.0,-3.27
ezreal,jinx,711,316.0,395.0,48.1,0.0,26.9
ezreal,kaisa,711,316.0,395.0,48.1,0.0,-7.75
ezreal,kalista,711,316.0,395.0,48.1,0.0,18.57
ezreal,karma,711,316.0,395.0,48.1,8.76,-48.1
ezreal,karthus,711,316.0,395.0,48.1,51.9,51.9
ezreal,kassadin,711,316.0,395.0,48.1,1.9,-48.1
ezreal,kennen,711,316.0,395.0,48.1,18.57,51.9
ezreal,kindred,711,316.0,395.0,48.1,-48.1,51.9
ezreal,ksante,711,316.0,395.0,48.1,-6.43,-9.64
ezreal,leblanc,711,316.0,395.0,48.1,1.9,1.9
ezreal,lee sin,711,316.0,395.0,48.1,1.9,16.19
ezreal,leona,711,316.0,395.0,48.1,-2.53,5.47
ezreal,lillia,711,316.0,395.0,48.1,15.54,-14.77
ezreal,lissandra,711,316.0,395.0,48.1,51.9,0.0
ezreal,lucian,711,316.0,395.0,48.1,0.0,1.9
ezreal,lulu,711,316.0,395.0,48.1,0.0,35.23
ezreal,malphite,711,316.0,395.0,48.1,-48.1,0.0
ezreal,maokai,711,316.0,395.0,48.1,21.13,0.18
ezreal,mel,711,316.0,395.0,48.1,0.0,18.57
ezreal,milio,711,316.0,395.0,48.1,0.0,26.9
ezreal,miss fortune,711,316.0,395.0,48.1,0.0,10.72
ezreal,mordekaiser,711,316.0,395.0,48.1,-48.1,-48.1
ezreal,mundo,711,316.0,395.0,48.1,51.9,-14.77
ezreal,naafiri,711,316.0,395.0,48.1,9.96,8.42
ezreal,nami,711,316.0,395.0,48.1,0.0,18.57
ezreal,nasus,711,316.0,395.0,48.1,51.9,0.0
ezreal,nautilus,711,316.0,395.0,48.1,-3.1,4.53
ezreal,neeko,711,316.0,395.0,48.1,9.59,1.9
ezreal,nidalee,711,316.0,395.0,48.1,4.84,-12.39
ezreal,nocturne,711,316.0,395.0,48.1,-23.1,-31.43
ezreal,olaf,711,316.0,395.0,48.1,-48.1,0.0
ezreal,orianna,711,316.0,395.0,48.1,11.9,-1.04
ezreal,ornn,711,316.0,395.0,48.1,13.8,-9.64
ezreal,pantheon,711,316.0,395.0,48.1,-13.48,3.62
ezreal,poppy,711,316.0,395.0,48.1,-7.47,-10.26
ezreal,pyke,711,316.0,395.0,48.1,0.0,1.9
ezreal,rakan,711,316.0,395.0,48.1,6.9,-3.1
ezreal,reksai,711,316.0,395.0,48.1,51.9,51.9
ezreal,rell,711,316.0,395.0,48.1,-1.95,7.28
ezreal,renata glasc,711,316.0,395.0,48.1,0.0,9.79
ezreal,renekton,711,316.0,395.0,48.1,-5.99,-16.52
ezreal,rumble,711,316.0,395.0,48.1,1.9,0.68
ezreal,ryze,711,316.0,395.0,48.1,1.9,1.9
ezreal,sejuani,711,316.0,395.0,48.1,-0.73,11.9
ezreal,senna,711,316.0,395.0,48.1,0.0,31.9
ezreal,seraphine,711,316.0,395.0,48.1,0.0,1.9
ezreal,sett,711,316.0,395.0,48.1,51.9,0.0
ezreal,shen,711,316.0,395.0,48.1,18.57,1.9
ezreal,sion,711,316.0,395.0,48.1,5.03,-6.72
ezreal,sivir,711,316.0,395.0,48.1,0.0,-1.43
ezreal,skarner,711,316.0,395.0,48.1,0.38,5.47
ezreal,smolder,711,316.0,395.0,48.1,-48.1,18.57
ezreal,sylas,711,316.0,395.0,48.1,-5.99,-14.77
ezreal,syndra,711,316.0,395.0,48.1,11.9,0.0
ezreal,tahm kench,711,316.0,395.0,48.1,0.0,51.9
ezreal,taliyah,711,316.0,395.0,48.1,-0.1,-11.74
ezreal,taric,711,316.0,395.0,48.1,0.0,-48.1
ezreal,thresh,711,316.0,395.0,48.1,0.0,18.57
ezreal,tristana,711,316.0,395.0,48.1,-5.24,9.04
ezreal,trundle,711,316.0,395.0,48.1,-4.35,10.23
ezreal,tryndamere,711,316.0,395.0,48.1,0.0,51.9
ezreal,twisted fate,711,316.0,395.0,48.1,1.9,51.9
ezreal,twitch,711,316.0,395.0,48.1,0.0,-48.1
ezreal,udyr,711,316.0,395.0,48.1,18.57,51.9
ezreal,varus,711,316.0,395.0,48.1,51.9,-9.21
ezreal,vex,711,316.0,395.0,48.1,51.9,0.0
ezreal,vi,711,316.0,395.0,48.1,1.9,-8.48
ezreal,viego,711,316.0,395.0,48.1,6.45,39.4
ezreal,viktor,711,316.0,395.0,48.1,3.51,-7.19
ezreal,vladimir,711,316.0,395.0,48.1,1.9,-8.1
ezreal,volibear,711,316.0,395.0,48.1,51.9,51.9
ezreal,wukong,711,316.0,395.0,48.1,-8.1,3.9
ezreal,xayah,711,316.0,395.0,48.1,0.0,-6.16
ezreal,xin zhao,711,316.0,395.0,48.1,-3.1,-5.73
ezreal,yasuo,711,316.0,395.0,48.1,51.9,0.0
ezreal,yone,711,316.0,395.0,48.1,16.76,-1.95
ezreal,yorick,711,316.0,395.0,48.1,-5.99,-1.04
ezreal,yuumi,711,316.0,395.0,48.1,-48.1,0.0
ezreal,zed,711,316.0,395.0,48.1,51.9,9.04
ezreal,zeri,711,316.0,395.0,48.1,0.0,10.23
ezreal,ziggs,711,316.0,395.0,48.1,-48.1,1.9
ezreal,zilean,711,316.0,395.0,48.1,51.9,0.0
ezreal,zoe,711,316.0,395.0,48.1,0.0,-48.1
ezreal,zyra,711,316.0,395.0,48.1,-11.74,11.9
rakan,aatrox,744,341.0,403.0,55.83,-15.83,1.31
rakan,ahri,744,341.0,403.0,55.83,-5.83,4.64
rakan,akali,744,341.0,403.0,55.83,4.17,2.99
rakan,alistar,744,341.0,403.0,55.83,0.0,-1.02
rakan,ambessa,744,341.0,403.0,55.83,-7.91,2.5
rakan,anivia,744,341.0,403.0,55.83,0.0,-55.83
rakan,annie,744,341.0,403.0,55.83,35.84,-3.66
rakan,aphelios,744,341.0,403.0,55.83,-55.83,-22.5
rakan,ashe,744,341.0,403.0,55.83,44.17,2.06
rakan,aurelion sol,744,341.0,403.0,55.83,44.17,0.0
rakan,aurora,744,341.0,403.0,55.83,-4.55,-3.33
rakan,azir,744,341.0,403.0,55.83,7.33,3.74
rakan,bard,744,341.0,403.0,55.83,0.0,13.4
rakan,blitzcrank,744,341.0,403.0,55.83,0.0,44.17
rakan,braum,744,341.0,403.0,55.83,0.0,13.74
rakan,caitlyn,744,341.0,403.0,55.83,0.0,-15.83
rakan,camille,744,341.0,403.0,55.83,-5.83,10.84
rakan,cassiopeia,744,341.0,403.0,55.83,-22.5,-5.83
rakan,chogath,744,341.0,403.0,55.83,0.0,10.84
rakan,corki,744,341.0,403.0,55.83,-0.27,-4.31
rakan,draven,744,341.0,403.0,55.83,-5.83,44.17
rakan,ekko,744,341.0,403.0,55.83,0.0,-55.83
rakan,elise,744,341.0,403.0,55.83,0.0,-22.5
rakan,ezreal,744,341.0,403.0,55.83,-0.83,-0.83
rakan,galio,744,341.0,403.0,55.83,-11.0,-8.95
rakan,gangplank,744,341.0,403.0,55.83,-55.83,44.17
rakan,garen,744,341.0,403.0,55.83,0.0,44.17
rakan,gnar,744,341.0,403.0,55.83,-8.21,-5.83
rakan,gragas,744,341.0,403.0,55.83,-27.26,-22.5
rakan,gwen,744,341.0,403.0,55.83,4.17,2.06
rakan,hwei,744,341.0,403.0,55.83,44.17,14.17
rakan,irelia,744,341.0,403.0,55.83,0.0,-55.83
rakan,ivern,744,341.0,403.0,55.83,-55.83,-5.83
rakan,janna,744,341.0,403.0,55.83,0.0,-55.83
rakan,jarvan iv,744,341.0,403.0,55.83,-5.83,-2.89
rakan,jax,744,341.0,403.0,55.83,4.88,8.17
rakan,jayce,744,341.0,403.0,55.83,-0.83,-15.83
rakan,jhin,744,341.0,403.0,55.83,-5.83,0.84
rakan,jinx,744,341.0,403.0,55.83,-55.83,-9.16
rakan,kaisa,744,341.0,403.0,55.83,2.17,3.26
rakan,kalista,744,341.0,403.0,55.83,10.84,-2.5
rakan,karma,744,341.0,403.0,55.83,-55.83,-11.39
rakan,kassadin,744,341.0,403.0,55.83,44.17,-55.83
rakan,kennen,744,341.0,403.0,55.83,0.0,-5.83
rakan,kindred,744,341.0,403.0,55.83,-5.83,-55.83
rakan,kled,744,341.0,403.0,55.83,44.17,44.17
rakan,ksante,744,341.0,403.0,55.83,12.03,1.86
rakan,lee sin,744,341.0,403.0,55.83,19.17,10.84
rakan,leona,744,341.0,403.0,55.83,0.0,3.14
rakan,lillia,744,341.0,403.0,55.83,-1.28,-14.16
rakan,lucian,744,341.0,403.0,55.83,-35.83,5.04
rakan,lulu,744,341.0,403.0,55.83,0.0,14.17
rakan,maokai,744,341.0,403.0,55.83,-0.83,4.17
rakan,mel,744,341.0,403.0,55.83,-55.83,0.0
rakan,miss fortune,744,341.0,403.0,55.83,-15.83,-3.98
rakan,morgana,744,341.0,403.0,55.83,0.0,10.84
rakan,mundo,744,341.0,403.0,55.83,44.17,44.17
rakan,naafiri,744,341.0,403.0,55.83,-2.5,8.88
rakan,nami,744,341.0,403.0,55.83,0.0,-15.83
rakan,nasus,744,341.0,403.0,55.83,-55.83,0.0
rakan,nautilus,744,341.0,403.0,55.83,0.0,6.07
rakan,neeko,744,341.0,403.0,55.83,0.0,-18.33
rakan,nidalee,744,341.0,403.0,55.83,-15.83,-33.61
rakan,nilah,744,341.0,403.0,55.83,44.17,-55.83
rakan,nocturne,744,341.0,403.0,55.83,9.39,19.17
rakan,nunu,744,341.0,403.0,55.83,0.0,44.17
rakan,olaf,744,341.0,403.0,55.83,0.0,44.17
rakan,orianna,744,341.0,403.0,55.83,0.84,-5.83
rakan,ornn,744,341.0,403.0,55.83,7.81,-15.83
rakan,pantheon,744,341.0,403.0,55.83,-1.78,8.88
rakan,poppy,744,341.0,403.0,55.83,34.17,-3.98
rakan,qiyana,744,341.0,403.0,55.83,-5.83,0.0
rakan,quinn,744,341.0,403.0,55.83,0.0,44.17
rakan,reksai,744,341.0,403.0,55.83,0.0,-55.83
rakan,rell,744,341.0,403.0,55.83,0.0,-2.21
rakan,renata glasc,744,341.0,403.0,55.83,0.0,-12.35
rakan,renekton,744,341.0,403.0,55.83,6.07,8.17
rakan,rengar,744,341.0,403.0,55.83,-55.83,0.0
rakan,rumble,744,341.0,403.0,55.83,4.17,-0.27
rakan,ryze,744,341.0,403.0,55.83,-4.48,-1.28
rakan,sejuani,744,341.0,403.0,55.83,-2.7,4.17
rakan,senna,744,341.0,403.0,55.83,-22.5,10.84
rakan,sett,744,341.0,403.0,55.83,-55.83,-5.83
rakan,shen,744,341.0,403.0,55.83,44.17,44.17
rakan,sion,744,341.0,403.0,55.83,-0.27,2.5
rakan,sivir,744,341.0,403.0,55.83,13.4,-2.89
rakan,skarner,744,341.0,403.0,55.83,-8.46,-2.5
rakan,smolder,744,341.0,403.0,55.83,44.17,27.5
rakan,swain,744,341.0,403.0,55.83,-5.83,44.17
rakan,sylas,744,341.0,403.0,55.83,-10.83,-5.83
rakan,syndra,744,341.0,403.0,55.83,44.17,-5.83
rakan,tahm kench,744,341.0,403.0,55.83,0.0,-5.83
rakan,taliyah,744,341.0,403.0,55.83,4.83,7.44
rakan,talon,744,341.0,403.0,55.83,44.17,0.0
rakan,taric,744,341.0,403.0,55.83,0.0,44.17
rakan,thresh,744,341.0,403.0,55.83,0.0,-5.83
rakan,tristana,744,341.0,403.0,55.83,-43.33,24.17
rakan,trundle,744,341.0,403.0,55.83,5.71,0.42
rakan,tryndamere,744,341.0,403.0,55.83,0.0,44.17
rakan,twisted fate,744,341.0,403.0,55.83,10.84,44.17
rakan,udyr,744,341.0,403.0,55.83,-55.83,-5.83
rakan,urgot,744,341.0,403.0,55.83,0.0,44.17
rakan,varus,744,341.0,403.0,55.83,-4.22,-16.3
rakan,vayne,744,341.0,403.0,55.83,-55.83,0.0
rakan,veigar,744,341.0,403.0,55.83,44.17,0.0
rakan,vex,744,341.0,403.0,55.83,44.17,0.0
rakan,vi,744,341.0,403.0,55.83,-3.56,-1.48
rakan,viego,744,341.0,403.0,55.83,6.67,-12.97
rakan,viktor,744,341.0,403.0,55.83,-12.35,-7.44
rakan,vladimir,744,341.0,403.0,55.83,44.17,10.84
rakan,volibear,744,341.0,403.0,55.83,44.17,-55.83
rakan,warwick,744,341.0,403.0,55.83,0.0,44.17
rakan,wukong,744,341.0,403.0,55.83,6.67,-8.1
rakan,xayah,744,341.0,403.0,55.83,6.76,2.99
rakan,xerath,744,341.0,403.0,55.83,-55.83,0.0
rakan,xin zhao,744,341.0,403.0,55.83,-5.21,5.71
rakan,yasuo,744,341.0,403.0,55.83,-22.5,10.84
rakan,yone,744,341.0,403.0,55.83,9.8,-3.45
rakan,yorick,744,341.0,403.0,55.83,-1.66,-10.83
rakan,yunara,744,341.0,403.0,55.83,27.5,14.76
rakan,zed,744,341.0,403.0,55.83,10.84,10.84
rakan,zeri,744,341.0,403.0,55.83,-14.65,19.17
rakan,ziggs,744,341.0,403.0,55.83,-5.83,6.67
rakan,zilean,744,341.0,403.0,55.83,0.0,44.17
rakan,zoe,744,341.0,403.0,55.83,0.0,-22.5
rakan,zyra,744,341.0,403.0,55.83,4.17,-12.97
viego,aatrox,161,54.0,107.0,45.79,37.54,4.21
viego,ahri,161,54.0,107.0,45.79,4.21,-9.43
viego,akali,161,54.0,107.0,45.79,4.21,-29.12
viego,alistar,161,54.0,107.0,45.79,-18.52,-12.46
viego,ambessa,161,54.0,107.0,45.79,-4.12,0.88
viego,anivia,161,54.0,107.0,45.79,-45.79,-45.79
viego,annie,161,54.0,107.0,45.79,-5.79,-5.79
viego,aphelios,161,54.0,107.0,45.79,-45.79,54.21
viego,ashe,161,54.0,107.0,45.79,-2.93,-31.5
viego,aurora,161,54.0,107.0,45.79,-0.34,4.21
viego,azir,161,54.0,107.0,45.79,14.21,4.21
viego,bard,161,54.0,107.0,45.79,-12.46,4.21
viego,blitzcrank,161,54.0,107.0,45.79,54.21,4.21
viego,braum,161,54.0,107.0,45.79,-2.93,-15.79
viego,caitlyn,161,54.0,107.0,45.79,-12.46,-12.46
viego,camille,161,54.0,107.0,45.79,-45.79,20.88
viego,cassiopeia,161,54.0,107.0,45.79,0.0,20.88
viego,chogath,161,54.0,107.0,45.79,-20.79,-45.79
viego,corki,161,54.0,107.0,45.79,-45.79,26.94
viego,diana,161,54.0,107.0,45.79,-45.79,54.21
viego,draven,161,54.0,107.0,45.79,-45.79,54.21
viego,elise,161,54.0,107.0,45.79,-20.79,54.21
viego,ezreal,161,54.0,107.0,45.79,8.76,-33.29
viego,galio,161,54.0,107.0,45.79,-4.61,-17.22
viego,gangplank,161,54.0,107.0,45.79,0.0,54.21
viego,gnar,161,54.0,107.0,45.79,-5.79,14.21
viego,gragas,161,54.0,107.0,45.79,54.21,-45.79
viego,gwen,161,54.0,107.0,45.79,20.88,4.21
viego,hwei,161,54.0,107.0,45.79,4.21,20.88
viego,jarvan iv,161,54.0,107.0,45.79,0.0,4.21
viego,jax,161,54.0,107.0,45.79,-25.79,54.21
viego,jayce,161,54.0,107.0,45.79,29.21,39.92
viego,jhin,161,54.0,107.0,45.79,-18.52,-2.93
viego,jinx,161,54.0,107.0,45.79,14.21,-20.79
viego,kaisa,161,54.0,107.0,45.79,-20.79,-12.46
viego,kalista,161,54.0,107.0,45.79,-12.46,-5.79
viego,karma,161,54.0,107.0,45.79,20.88,-25.79
viego,karthus,161,54.0,107.0,45.79,54.21,0.0
viego,kennen,161,54.0,107.0,45.79,-45.79,0.0
viego,kindred,161,54.0,107.0,45.79,0.0,4.21
viego,ksante,161,54.0,107.0,45.79,29.21,-4.12
viego,leblanc,161,54.0,107.0,45.79,54.21,-45.79
viego,lee sin,161,54.0,107.0,45.79,0.0,9.77
viego,leona,161,54.0,107.0,45.79,1.27,-8.29
viego,lillia,161,54.0,107.0,45.79,0.0,-25.79
viego,lucian,161,54.0,107.0,45.79,4.21,4.21
viego,lulu,161,54.0,107.0,45.79,54.21,-8.29
viego,maokai,161,54.0,107.0,45.79,0.0,-20.79
viego,milio,161,54.0,107.0,45.79,0.0,54.21
viego,miss fortune,161,54.0,107.0,45.79,8.76,4.21
viego,naafiri,161,54.0,107.0,45.79,0.0,-45.79
viego,nautilus,161,54.0,107.0,45.79,12.54,12.54
viego,neeko,161,54.0,107.0,45.79,29.21,4.21
viego,nidalee,161,54.0,107.0,45.79,-45.79,14.21
viego,nocturne,161,54.0,107.0,45.79,0.0,-10.08
viego,olaf,161,54.0,107.0,45.79,0.0,-45.79
viego,orianna,161,54.0,107.0,45.79,-45.79,4.21
viego,ornn,161,54.0,107.0,45.79,14.21,-45.79
viego,pantheon,161,54.0,107.0,45.79,-45.79,-5.79
viego,poppy,161,54.0,107.0,45.79,16.71,-33.29
viego,pyke,161,54.0,107.0,45.79,0.0,-45.79
viego,rakan,161,54.0,107.0,45.79,16.71,11.35
viego,rell,161,54.0,107.0,45.79,-19.12,8.06
viego,renata glasc,161,54.0,107.0,45.79,-12.46,-45.79
viego,renekton,161,54.0,107.0,45.79,-5.79,16.71
viego,rumble,161,54.0,107.0,45.79,-9.43,-8.29
viego,ryze,161,54.0,107.0,45.79,-3.68,-29.12
viego,sejuani,161,54.0,107.0,45.79,54.21,4.21
viego,senna,161,54.0,107.0,45.79,20.88,4.21
viego,seraphine,161,54.0,107.0,45.79,-45.79,54.21
viego,sett,161,54.0,107.0,45.79,0.0,54.21
viego,sion,161,54.0,107.0,45.79,-5.79,-1.35
viego,sivir,161,54.0,107.0,45.79,20.88,4.21
viego,skarner,161,54.0,107.0,45.79,0.0,29.21
viego,smolder,161,54.0,107.0,45.79,54.21,54.21
viego,sylas,161,54.0,107.0,45.79,-1.35,37.54
viego,syndra,161,54.0,107.0,45.79,54.21,0.0
viego,tahm kench,161,54.0,107.0,45.79,20.88,-45.79
viego,taliyah,161,54.0,107.0,45.79,-2.93,-12.46
viego,taric,161,54.0,107.0,45.79,0.0,54.21
viego,thresh,161,54.0,107.0,45.79,-45.79,54.21
viego,tristana,161,54.0,107.0,45.79,54.21,-12.46
viego,trundle,161,54.0,107.0,45.79,0.0,-45.79
viego,twisted fate,161,54.0,107.0,45.79,-45.79,0.0
viego,twitch,161,54.0,107.0,45.79,-45.79,54.21
viego,udyr,161,54.0,107.0,45.79,54.21,54.21
viego,varus,161,54.0,107.0,45.79,4.21,11.35
viego,vayne,161,54.0,107.0,45.79,0.0,54.21
viego,vi,161,54.0,107.0,45.79,0.0,20.88
viego,viktor,161,54.0,107.0,45.79,-20.79,4.21
viego,volibear,161,54.0,107.0,45.79,0.0,-45.79
viego,wukong,161,54.0,107.0,45.79,0.0,-5.79
viego,xayah,161,54.0,107.0,45.79,-12.46,4.21
viego,xin zhao,161,54.0,107.0,45.79,0.0,4.21
viego,yasuo,161,54.0,107.0,45.79,0.0,54.21
viego,yone,161,54.0,107.0,45.79,-12.46,-17.22
viego,yorick,161,54.0,107.0,45.79,20.88,-29.12
viego,yunara,161,54.0,107.0,45.79,54.21,0.0
viego,zed,161,54.0,107.0,45.79,0.0,-45.79
viego,zeri,161,54.0,107.0,45.79,54.21,-45.79
viego,ziggs,161,54.0,107.0,45.79,-5.79,4.21
viego,zoe,161,54.0,107.0,45.79,54.21,0.0
viego,zyra,161,54.0,107.0,45.79,0.0,20.88
lee sin,aatrox,131,53.0,78.0,47.44,2.56,-14.11
lee sin,ahri,131,53.0,78.0,47.44,-47.44,-4.58
lee sin,akali,131,53.0,78.0,47.44,52.56,-3.0
lee sin,alistar,131,53.0,78.0,47.44,22.56,7.11
lee sin,ambessa,131,53.0,78.0,47.44,-8.98,23.99
lee sin,anivia,131,53.0,78.0,47.44,0.0,52.56
lee sin,annie,131,53.0,78.0,47.44,-33.15,52.56
lee sin,aphelios,131,53.0,78.0,47.44,-47.44,52.56
lee sin,ashe,131,53.0,78.0,47.44,19.23,19.23
lee sin,aurora,131,53.0,78.0,47.44,2.56,9.7
lee sin,azir,131,53.0,78.0,47.44,2.56,-22.44
lee sin,bard,131,53.0,78.0,47.44,0.0,2.56
lee sin,brand,131,53.0,78.0,47.44,52.56,0.0
lee sin,braum,131,53.0,78.0,47.44,15.06,-25.22
lee sin,caitlyn,131,53.0,78.0,47.44,2.56,0.0
lee sin,camille,131,53.0,78.0,47.44,-47.44,2.56
lee sin,cassiopeia,131,53.0,78.0,47.44,0.0,-47.44
lee sin,chogath,131,53.0,78.0,47.44,2.56,0.0
lee sin,corki,131,53.0,78.0,47.44,19.23,9.7
lee sin,draven,131,53.0,78.0,47.44,-47.44,0.0
lee sin,ekko,131,53.0,78.0,47.44,0.0,-47.44
lee sin,elise,131,53.0,78.0,47.44,-14.11,52.56
lee sin,ezreal,131,53.0,78.0,47.44,2.56,-11.73
lee sin,galio,131,53.0,78.0,47.44,-22.44,-14.11
lee sin,gangplank,131,53.0,78.0,47.44,-47.44,0.0
lee sin,gnar,131,53.0,78.0,47.44,52.56,12.56
lee sin,gragas,131,53.0,78.0,47.44,52.56,2.56
lee sin,gwen,131,53.0,78.0,47.44,2.56,-47.44
lee sin,hwei,131,53.0,78.0,47.44,-47.44,-47.44
lee sin,jarvan iv,131,53.0,78.0,47.44,0.0,-30.77
lee sin,jax,131,53.0,78.0,47.44,-22.44,19.23
lee sin,jayce,131,53.0,78.0,47.44,-14.11,15.06
lee sin,jhin,131,53.0,78.0,47.44,2.56,-30.77
lee sin,jinx,131,53.0,78.0,47.44,-14.11,2.56
lee sin,kaisa,131,53.0,78.0,47.44,2.56,2.56
lee sin,kalista,131,53.0,78.0,47.44,2.56,-47.44
lee sin,karma,131,53.0,78.0,47.44,2.56,52.56
lee sin,kennen,131,53.0,78.0,47.44,52.56,0.0
lee sin,kindred,131,53.0,78.0,47.44,-47.44,0.0
lee sin,ksante,131,53.0,78.0,47.44,22.56,12.56
lee sin,leblanc,131,53.0,78.0,47.44,0.0,2.56
lee sin,leona,131,53.0,78.0,47.44,-17.44,2.56
lee sin,lillia,131,53.0,78.0,47.44,2.56,-14.11
lee sin,lissandra,131,53.0,78.0,47.44,-47.44,-47.44
lee sin,lucian,131,53.0,78.0,47.44,-7.44,-22.44
lee sin,lulu,131,53.0,78.0,47.44,-14.11,32.56
lee sin,maokai,131,53.0,78.0,47.44,52.56,2.56
lee sin,mel,131,53.0,78.0,47.44,52.56,0.0
lee sin,milio,131,53.0,78.0,47.44,-47.44,0.0
lee sin,miss fortune,131,53.0,78.0,47.44,-14.11,12.56
lee sin,naafiri,131,53.0,78.0,47.44,0.0,19.23
lee sin,nami,131,53.0,78.0,47.44,0.0,52.56
lee sin,nautilus,131,53.0,78.0,47.44,-1.99,52.56
lee sin,neeko,131,53.0,78.0,47.44,-47.44,12.56
lee sin,nidalee,131,53.0,78.0,47.44,52.56,-14.11
lee sin,nocturne,131,53.0,78.0,47.44,0.0,27.56
lee sin,orianna,131,53.0,78.0,47.44,52.56,-7.44
lee sin,ornn,131,53.0,78.0,47.44,-14.11,2.56
lee sin,pantheon,131,53.0,78.0,47.44,0.0,52.56
lee sin,poppy,131,53.0,78.0,47.44,0.0,-14.11
lee sin,pyke,131,53.0,78.0,47.44,2.56,0.0
lee sin,rakan,131,53.0,78.0,47.44,27.56,-14.11
lee sin,reksai,131,53.0,78.0,47.44,0.0,52.56
lee sin,rell,131,53.0,78.0,47.44,-5.77,-14.11
lee sin,renata glasc,131,53.0,78.0,47.44,2.56,-47.44
lee sin,renekton,131,53.0,78.0,47.44,2.56,-47.44
lee sin,rumble,131,53.0,78.0,47.44,2.56,-47.44
lee sin,ryze,131,53.0,78.0,47.44,29.48,-22.44
lee sin,sejuani,131,53.0,78.0,47.44,-47.44,27.56
lee sin,senna,131,53.0,78.0,47.44,19.23,52.56
lee sin,seraphine,131,53.0,78.0,47.44,0.0,2.56
lee sin,shen,131,53.0,78.0,47.44,-47.44,-47.44
lee sin,sion,131,53.0,78.0,47.44,19.23,-22.44
lee sin,sivir,131,53.0,78.0,47.44,52.56,19.23
lee sin,skarner,131,53.0,78.0,47.44,0.0,-47.44
lee sin,smolder,131,53.0,78.0,47.44,2.56,2.56
lee sin,swain,131,53.0,78.0,47.44,0.0,-47.44
lee sin,sylas,131,53.0,78.0,47.44,12.56,-18.87
lee sin,syndra,131,53.0,78.0,47.44,-47.44,0.0
lee sin,tahm kench,131,53.0,78.0,47.44,0.0,2.56
lee sin,taliyah,131,53.0,78.0,47.44,2.56,2.56
lee sin,taric,131,53.0,78.0,47.44,-47.44,0.0
lee sin,thresh,131,53.0,78.0,47.44,-47.44,0.0
lee sin,tristana,131,53.0,78.0,47.44,-47.44,52.56
lee sin,trundle,131,53.0,78.0,47.44,0.0,-7.44
lee sin,twisted fate,131,53.0,78.0,47.44,19.23,0.0
lee sin,udyr,131,53.0,78.0,47.44,-22.44,52.56
lee sin,urgot,131,53.0,78.0,47.44,-47.44,52.56
lee sin,varus,131,53.0,78.0,47.44,23.99,19.23
lee sin,vayne,131,53.0,78.0,47.44,-47.44,0.0
lee sin,vex,131,53.0,78.0,47.44,0.0,-47.44
lee sin,vi,131,53.0,78.0,47.44,0.0,2.56
lee sin,viego,131,53.0,78.0,47.44,0.0,-3.0
lee sin,viktor,131,53.0,78.0,47.44,-47.44,52.56
lee sin,vladimir,131,53.0,78.0,47.44,-47.44,0.0
lee sin,volibear,131,53.0,78.0,47.44,0.0,-47.44
lee sin,wukong,131,53.0,78.0,47.44,0.0,-1.29
lee sin,xayah,131,53.0,78.0,47.44,27.56,0.0
lee sin,xin zhao,131,53.0,78.0,47.44,0.0,2.56
lee sin,yone,131,53.0,78.0,47.44,0.0,2.56
lee sin,yorick,131,53.0,78.0,47.44,-22.44,12.56
lee sin,yunara,131,53.0,78.0,47.44,-14.11,0.0
lee sin,yuumi,131,53.0,78.0,47.44,0.0,52.56
lee sin,zed,131,53.0,78.0,47.44,0.0,52.56
lee sin,zeri,131,53.0,78.0,47.44,12.56,-14.11
lee sin,ziggs,131,53.0,78.0,47.44,-47.44,52.56
lee sin,zilean,131,53.0,78.0,47.44,-47.44,0.0
lee sin,zoe,131,53.0,78.0,47.44,52.56,0.0
lee sin,zyra,131,53.0,78.0,47.44,-47.44,0.0
sylas,aatrox,348,168.0,180.0,50.0,-10.0,5.56
sylas,ahri,348,168.0,180.0,50.0,0.0,14.29
sylas,akali,348,168.0,180.0,50.0,0.0,-50.0
sylas,alistar,348,168.0,180.0,50.0,8.33,10.0
sylas,ambessa,348,168.0,180.0,50.0,-4.55,13.64
sylas,anivia,348,168.0,180.0,50.0,0.0,-50.0
sylas,annie,348,168.0,180.0,50.0,50.0,0.0
sylas,aphelios,348,168.0,180.0,50.0,-50.0,-50.0
sylas,ashe,348,168.0,180.0,50.0,25.0,-4.55
sylas,aurora,348,168.0,180.0,50.0,-5.56,-16.67
sylas,azir,348,168.0,180.0,50.0,-50.0,16.67
sylas,bard,348,168.0,180.0,50.0,-10.0,-16.67
sylas,blitzcrank,348,168.0,180.0,50.0,50.0,-16.67
sylas,brand,348,168.0,180.0,50.0,0.0,50.0
sylas,braum,348,168.0,180.0,50.0,0.0,-11.54
sylas,caitlyn,348,168.0,180.0,50.0,10.0,-50.0
sylas,camille,348,168.0,180.0,50.0,-16.67,-16.67
sylas,cassiopeia,348,168.0,180.0,50.0,-50.0,10.0
sylas,chogath,348,168.0,180.0,50.0,50.0,0.0
sylas,corki,348,168.0,180.0,50.0,-37.5,0.0
sylas,draven,348,168.0,180.0,50.0,0.0,-50.0
sylas,elise,348,168.0,180.0,50.0,16.67,50.0
sylas,ezreal,348,168.0,180.0,50.0,-7.89,16.67
sylas,fiora,348,168.0,180.0,50.0,50.0,0.0
sylas,galio,348,168.0,180.0,50.0,25.0,-11.11
sylas,gangplank,348,168.0,180.0,50.0,50.0,50.0
sylas,garen,348,168.0,180.0,50.0,-50.0,0.0
sylas,gnar,348,168.0,180.0,50.0,-16.67,-25.0
sylas,gragas,348,168.0,180.0,50.0,-50.0,0.0
sylas,gwen,348,168.0,180.0,50.0,16.67,-7.14
sylas,hwei,348,168.0,180.0,50.0,0.0,50.0
sylas,irelia,348,168.0,180.0,50.0,0.0,50.0
sylas,ivern,348,168.0,180.0,50.0,0.0,-50.0
sylas,jarvan iv,348,168.0,180.0,50.0,30.0,-12.5
sylas,jax,348,168.0,180.0,50.0,10.0,4.55
sylas,jayce,348,168.0,180.0,50.0,4.55,6.25
sylas,jhin,348,168.0,180.0,50.0,7.14,4.55
sylas,jinx,348,168.0,180.0,50.0,21.43,-21.43
sylas,kaisa,348,168.0,180.0,50.0,19.23,-3.33
sylas,kalista,348,168.0,180.0,50.0,7.14,16.67
sylas,karma,348,168.0,180.0,50.0,5.56,10.0
sylas,karthus,348,168.0,180.0,50.0,0.0,0.0
sylas,kennen,348,168.0,180.0,50.0,0.0,0.0
sylas,khazix,348,168.0,180.0,50.0,0.0,50.0
sylas,kindred,348,168.0,180.0,50.0,0.0,0.0
sylas,kled,348,168.0,180.0,50.0,0.0,50.0
sylas,ksante,348,168.0,180.0,50.0,-50.0,0.0
sylas,leblanc,348,168.0,180.0,50.0,0.0,0.0
sylas,lee sin,348,168.0,180.0,50.0,10.0,21.43
sylas,leona,348,168.0,180.0,50.0,0.0,-16.67
sylas,lillia,348,168.0,180.0,50.0,25.0,-21.43
sylas,lucian,348,168.0,180.0,50.0,-40.0,-35.71
sylas,lulu,348,168.0,180.0,50.0,-35.71,16.67
sylas,maokai,348,168.0,180.0,50.0,-21.43,0.0
sylas,mel,348,168.0,180.0,50.0,0.0,50.0
sylas,milio,348,168.0,180.0,50.0,-50.0,50.0
sylas,miss fortune,348,168.0,180.0,50.0,6.25,21.43
sylas,mordekaiser,348,168.0,180.0,50.0,0.0,-50.0
sylas,morgana,348,168.0,180.0,50.0,0.0,50.0
sylas,naafiri,348,168.0,180.0,50.0,0.0,20.0
sylas,nami,348,168.0,180.0,50.0,-50.0,-16.67
sylas,nautilus,348,168.0,180.0,50.0,-14.29,13.64
sylas,neeko,348,168.0,180.0,50.0,31.25,-2.94
sylas,nidalee,348,168.0,180.0,50.0,33.33,-30.0
sylas,nocturne,348,168.0,180.0,50.0,-25.0,0.0
sylas,olaf,348,168.0,180.0,50.0,50.0,0.0
sylas,orianna,348,168.0,180.0,50.0,0.0,-30.0
sylas,ornn,348,168.0,180.0,50.0,38.89,16.67
sylas,pantheon,348,168.0,180.0,50.0,0.0,13.64
sylas,poppy,348,168.0,180.0,50.0,10.0,-16.67
sylas,pyke,348,168.0,180.0,50.0,-50.0,0.0
sylas,qiyana,348,168.0,180.0,50.0,0.0,50.0
sylas,rakan,348,168.0,180.0,50.0,-5.0,0.0
sylas,rammus,348,168.0,180.0,50.0,0.0,50.0
sylas,reksai,348,168.0,180.0,50.0,-50.0,0.0
sylas,rell,348,168.0,180.0,50.0,-2.17,0.0
sylas,renata glasc,348,168.0,180.0,50.0,3.85,-4.55
sylas,renekton,348,168.0,180.0,50.0,-22.73,-16.67
sylas,rumble,348,168.0,180.0,50.0,11.9,0.0
sylas,ryze,348,168.0,180.0,50.0,16.67,50.0
sylas,sejuani,348,168.0,180.0,50.0,-19.23,6.25
sylas,senna,348,168.0,180.0,50.0,-7.14,16.67
sylas,seraphine,348,168.0,180.0,50.0,16.67,0.0
sylas,sett,348,168.0,180.0,50.0,0.0,0.0
sylas,shen,348,168.0,180.0,50.0,-50.0,25.0
sylas,singed,348,168.0,180.0,50.0,0.0,50.0
sylas,sion,348,168.0,180.0,50.0,-11.11,10.0
sylas,sivir,348,168.0,180.0,50.0,-16.67,5.56
sylas,skarner,348,168.0,180.0,50.0,-5.56,-5.56
sylas,smolder,348,168.0,180.0,50.0,-10.0,-50.0
sylas,swain,348,168.0,180.0,50.0,-50.0,0.0
sylas,syndra,348,168.0,180.0,50.0,0.0,50.0
sylas,tahm kench,348,168.0,180.0,50.0,-50.0,0.0
sylas,taliyah,348,168.0,180.0,50.0,0.0,4.17
sylas,taric,348,168.0,180.0,50.0,-50.0,0.0
sylas,thresh,348,168.0,180.0,50.0,50.0,50.0
sylas,tristana,348,168.0,180.0,50.0,16.67,5.56
sylas,trundle,348,168.0,180.0,50.0,-33.33,-16.67
sylas,tryndamere,348,168.0,180.0,50.0,0.0,50.0
sylas,twisted fate,348,168.0,180.0,50.0,-50.0,0.0
sylas,twitch,348,168.0,180.0,50.0,-16.67,0.0
sylas,udyr,348,168.0,180.0,50.0,50.0,50.0
sylas,urgot,348,168.0,180.0,50.0,0.0,50.0
sylas,varus,348,168.0,180.0,50.0,4.17,-1.85
sylas,veigar,348,168.0,180.0,50.0,0.0,50.0
sylas,vex,348,168.0,180.0,50.0,0.0,50.0
sylas,vi,348,168.0,180.0,50.0,13.16,-11.9
sylas,viego,348,168.0,180.0,50.0,-5.56,-33.33
sylas,viktor,348,168.0,180.0,50.0,0.0,-3.85
sylas,vladimir,348,168.0,180.0,50.0,-50.0,0.0
sylas,volibear,348,168.0,180.0,50.0,25.0,0.0
sylas,wukong,348,168.0,180.0,50.0,-26.92,0.0
sylas,xayah,348,168.0,180.0,50.0,10.0,-5.0
sylas,xin zhao,348,168.0,180.0,50.0,1.85,12.5
sylas,yasuo,348,168.0,180.0,50.0,50.0,-50.0
sylas,yone,348,168.0,180.0,50.0,50.0,10.0
sylas,yorick,348,168.0,180.0,50.0,16.67,-20.0
sylas,yunara,348,168.0,180.0,50.0,0.0,0.0
sylas,yuumi,348,168.0,180.0,50.0,0.0,-50.0
sylas,zed,348,168.0,180.0,50.0,0.0,-50.0
sylas,zeri,348,168.0,180.0,50.0,-16.67,-16.67
sylas,ziggs,348,168.0,180.0,50.0,-50.0,0.0
sylas,zoe,348,168.0,180.0,50.0,0.0,-50.0
sylas,zyra,348,168.0,180.0,50.0,0.0,50.0
lucian,aatrox,424,221.0,203.0,44.83,-4.83,-8.47
lucian,ahri,424,221.0,203.0,44.83,5.17,11.42
lucian,akali,424,221.0,203.0,44.83,15.17,-14.06
lucian,alistar,424,221.0,203.0,44.83,5.17,6.78
lucian,ambessa,424,221.0,203.0,44.83,-10.05,2.54
lucian,anivia,424,221.0,203.0,44.83,0.0,55.17
lucian,annie,424,221.0,203.0,44.83,13.5,-9.54
lucian,aphelios,424,221.0,203.0,44.83,0.0,-19.83
lucian,ashe,424,221.0,203.0,44.83,-44.83,-11.5
lucian,aurora,424,221.0,203.0,44.83,1.32,2.23
lucian,azir,424,221.0,203.0,44.83,1.32,-2.72
lucian,bard,424,221.0,203.0,44.83,15.17,-11.5
lucian,blitzcrank,424,221.0,203.0,44.83,0.0,21.84
lucian,braum,424,221.0,203.0,44.83,7.21,-28.16
lucian,caitlyn,424,221.0,203.0,44.83,0.0,5.17
lucian,camille,424,221.0,203.0,44.83,0.0,-44.83
lucian,cassiopeia,424,221.0,203.0,44.83,5.17,21.84
lucian,chogath,424,221.0,203.0,44.83,-44.83,-44.83
lucian,corki,424,221.0,203.0,44.83,-44.83,14.43
lucian,ekko,424,221.0,203.0,44.83,0.0,55.17
lucian,elise,424,221.0,203.0,44.83,-44.83,-44.83
lucian,ezreal,424,221.0,203.0,44.83,0.0,5.17
lucian,fiora,424,221.0,203.0,44.83,-44.83,0.0
lucian,galio,424,221.0,203.0,44.83,-13.58,-16.26
lucian,gangplank,424,221.0,203.0,44.83,0.0,55.17
lucian,gnar,424,221.0,203.0,44.83,-4.83,12.31
lucian,gragas,424,221.0,203.0,44.83,21.84,-11.5
lucian,graves,424,221.0,203.0,44.83,-44.83,0.0
lucian,gwen,424,221.0,203.0,44.83,-11.5,2.23
lucian,hwei,424,221.0,203.0,44.83,21.84,5.17
lucian,janna,424,221.0,203.0,44.83,-44.83,0.0
lucian,jarvan iv,424,221.0,203.0,44.83,-1.97,-17.05
lucian,jax,424,221.0,203.0,44.83,-4.83,-11.5
lucian,jayce,424,221.0,203.0,44.83,5.17,-11.5
lucian,jhin,424,221.0,203.0,44.83,0.0,15.17
lucian,jinx,424,221.0,203.0,44.83,0.0,55.17
lucian,kaisa,424,221.0,203.0,44.83,-44.83,5.17
lucian,kalista,424,221.0,203.0,44.83,55.17,-14.06
lucian,karma,424,221.0,203.0,44.83,-44.83,32.09
lucian,kennen,424,221.0,203.0,44.83,0.0,55.17
lucian,kindred,424,221.0,203.0,44.83,21.84,55.17
lucian,kled,424,221.0,203.0,44.83,0.0,-44.83
lucian,ksante,424,221.0,203.0,44.83,-9.54,-7.33
lucian,leblanc,424,221.0,203.0,44.83,5.17,55.17
lucian,lee sin,424,221.0,203.0,44.83,-4.83,30.17
lucian,leona,424,221.0,203.0,44.83,5.17,5.17
lucian,lillia,424,221.0,203.0,44.83,55.17,26.6
lucian,lissandra,424,221.0,203.0,44.83,-44.83,55.17
lucian,lulu,424,221.0,203.0,44.83,0.0,-24.83
lucian,lux,424,221.0,203.0,44.83,0.0,-44.83
lucian,maokai,424,221.0,203.0,44.83,-11.5,-11.5
lucian,milio,424,221.0,203.0,44.83,-28.16,55.17
lucian,miss fortune,424,221.0,203.0,44.83,0.0,5.17
lucian,mordekaiser,424,221.0,203.0,44.83,0.0,-44.83
lucian,naafiri,424,221.0,203.0,44.83,-24.83,-14.83
lucian,nami,424,221.0,203.0,44.83,-9.12,0.0
lucian,nasus,424,221.0,203.0,44.83,0.0,5.17
lucian,nautilus,424,221.0,203.0,44.83,-7.33,-0.39
lucian,neeko,424,221.0,203.0,44.83,5.17,-17.56
lucian,nidalee,424,221.0,203.0,44.83,15.17,-4.83
lucian,nilah,424,221.0,203.0,44.83,0.0,55.17
lucian,nocturne,424,221.0,203.0,44.83,38.5,15.17
lucian,orianna,424,221.0,203.0,44.83,1.32,19.46
lucian,ornn,424,221.0,203.0,44.83,-0.39,5.17
lucian,pantheon,424,221.0,203.0,44.83,-14.4,-7.99
lucian,poppy,424,221.0,203.0,44.83,30.17,-14.83
lucian,pyke,424,221.0,203.0,44.83,-44.83,0.0
lucian,qiyana,424,221.0,203.0,44.83,55.17,0.0
lucian,rakan,424,221.0,203.0,44.83,-24.83,-5.7
lucian,reksai,424,221.0,203.0,44.83,-44.83,-44.83
lucian,rell,424,221.0,203.0,44.83,-22.61,11.17
lucian,renata glasc,424,221.0,203.0,44.83,0.0,5.17
lucian,renekton,424,221.0,203.0,44.83,26.6,25.17
lucian,rumble,424,221.0,203.0,44.83,5.17,-4.09
lucian,ryze,424,221.0,203.0,44.83,37.52,-3.16
lucian,sejuani,424,221.0,203.0,44.83,-11.5,-16.26
lucian,senna,424,221.0,203.0,44.83,0.0,-13.58
lucian,sett,424,221.0,203.0,44.83,55.17,55.17
lucian,shen,424,221.0,203.0,44.83,-19.83,30.17
lucian,sion,424,221.0,203.0,44.83,1.32,10.17
lucian,sivir,424,221.0,203.0,44.83,0.0,-11.5
lucian,skarner,424,221.0,203.0,44.83,-18.16,11.42
lucian,smolder,424,221.0,203.0,44.83,-44.83,-44.83
lucian,swain,424,221.0,203.0,44.83,5.17,0.0
lucian,sylas,424,221.0,203.0,44.83,-34.83,40.88
lucian,syndra,424,221.0,203.0,44.83,-44.83,5.17
lucian,taliyah,424,221.0,203.0,44.83,1.32,-11.5
lucian,talon,424,221.0,203.0,44.83,0.0,5.17
lucian,taric,424,221.0,203.0,44.83,55.17,0.0
lucian,thresh,424,221.0,203.0,44.83,55.17,-44.83
lucian,tristana,424,221.0,203.0,44.83,-44.83,0.0
lucian,trundle,424,221.0,203.0,44.83,-11.5,5.17
lucian,twisted fate,424,221.0,203.0,44.83,5.17,-44.83
lucian,udyr,424,221.0,203.0,44.83,5.17,0.0
lucian,urgot,424,221.0,203.0,44.83,-44.83,0.0
lucian,varus,424,221.0,203.0,44.83,0.0,-1.97
lucian,veigar,424,221.0,203.0,44.83,0.0,-44.83
lucian,vex,424,221.0,203.0,44.83,55.17,0.0
lucian,vi,424,221.0,203.0,44.83,-14.83,9.02
lucian,viego,424,221.0,203.0,44.83,5.17,5.17
lucian,viktor,424,221.0,203.0,44.83,-5.94,15.17
lucian,vladimir,424,221.0,203.0,44.83,-44.83,0.0
lucian,wukong,424,221.0,203.0,44.83,9.72,-1.35
lucian,xayah,424,221.0,203.0,44.83,0.0,-9.12
lucian,xin zhao,424,221.0,203.0,44.83,19.06,15.17
lucian,yasuo,424,221.0,203.0,44.83,0.0,55.17
lucian,yone,424,221.0,203.0,44.83,5.17,-18.16
lucian,yorick,424,221.0,203.0,44.83,5.17,3.0
lucian,yunara,424,221.0,203.0,44.83,0.0,-44.83
lucian,yuumi,424,221.0,203.0,44.83,0.0,21.84
lucian,zed,424,221.0,203.0,44.83,5.17,-19.83
lucian,zeri,424,221.0,203.0,44.83,0.0,-0.39
lucian,ziggs,424,221.0,203.0,44.83,-11.5,-11.5
lucian,zilean,424,221.0,203.0,44.83,-44.83,0.0
lucian,zoe,424,221.0,203.0,44.83,21.84,0.0
lucian,zyra,424,221.0,203.0,44.83,-44.83,-44.83
corki,aatrox,584,179.0,405.0,40.74,-9.97,9.26
corki,ahri,584,179.0,405.0,40.74,-21.99,-1.61
corki,akali,584,179.0,405.0,40.74,-4.38,4.71
corki,alistar,584,179.0,405.0,40.74,-2.1,3.26
corki,ambessa,584,179.0,405.0,40.74,-7.41,13.5
corki,anivia,584,179.0,405.0,40.74,9.26,9.26
corki,annie,584,179.0,405.0,40.74,11.26,-12.17
corki,aphelios,584,179.0,405.0,40.74,0.0,59.26
corki,ashe,584,179.0,405.0,40.74,-15.74,9.26
corki,aurelion sol,584,179.0,405.0,40.74,9.26,59.26
corki,aurora,584,179.0,405.0,40.74,3.16,4.71
corki,azir,584,179.0,405.0,40.74,10.78,-17.88
corki,bard,584,179.0,405.0,40.74,1.37,14.82
corki,blitzcrank,584,179.0,405.0,40.74,-40.74,-40.74
corki,brand,584,179.0,405.0,40.74,-40.74,-40.74
corki,braum,584,179.0,405.0,40.74,-15.74,2.66
corki,caitlyn,584,179.0,405.0,40.74,-40.74,-40.74
corki,camille,584,179.0,405.0,40.74,-40.74,-29.63
corki,cassiopeia,584,179.0,405.0,40.74,-24.07,-7.41
corki,chogath,584,179.0,405.0,40.74,25.93,-20.74
corki,diana,584,179.0,405.0,40.74,-40.74,59.26
corki,draven,584,179.0,405.0,40.74,25.93,-40.74
corki,ekko,584,179.0,405.0,40.74,-40.74,0.0
corki,elise,584,179.0,405.0,40.74,-7.41,9.26
corki,ezreal,584,179.0,405.0,40.74,0.44,0.77
corki,galio,584,179.0,405.0,40.74,23.97,3.01
corki,gangplank,584,179.0,405.0,40.74,0.0,-7.41
corki,garen,584,179.0,405.0,40.74,-40.74,9.26
corki,gnar,584,179.0,405.0,40.74,14.82,-24.95
corki,gragas,584,179.0,405.0,40.74,-0.74,-0.74
corki,gwen,584,179.0,405.0,40.74,7.18,5.09
corki,hwei,584,179.0,405.0,40.74,-7.41,-15.74
corki,ivern,584,179.0,405.0,40.74,19.26,-15.74
corki,janna,584,179.0,405.0,40.74,59.26,0.0
corki,jarvan iv,584,179.0,405.0,40.74,21.76,-12.96
corki,jax,584,179.0,405.0,40.74,4.26,-4.38
corki,jayce,584,179.0,405.0,40.74,-11.11,16.4
corki,jhin,584,179.0,405.0,40.74,9.26,2.12
corki,jinx,584,179.0,405.0,40.74,59.26,-15.74
corki,kaisa,584,179.0,405.0,40.74,-7.41,-6.78
corki,kalista,584,179.0,405.0,40.74,-24.07,9.26
corki,karma,584,179.0,405.0,40.74,25.93,-7.41
corki,karthus,584,179.0,405.0,40.74,-40.74,-40.74
corki,kennen,584,179.0,405.0,40.74,-40.74,-40.74
corki,kindred,584,179.0,405.0,40.74,-40.74,-7.41
corki,kled,584,179.0,405.0,40.74,0.0,59.26
corki,kog,584,179.0,405.0,40.74,0.0,-40.74
corki,ksante,584,179.0,405.0,40.74,-0.2,6.32
corki,leblanc,584,179.0,405.0,40.74,59.26,59.26
corki,lee sin,584,179.0,405.0,40.74,25.93,2.12
corki,leona,584,179.0,405.0,40.74,-14.65,-3.6
corki,lillia,584,179.0,405.0,40.74,10.98,-4.38
corki,lissandra,584,179.0,405.0,40.74,-40.74,0.0
corki,lucian,584,179.0,405.0,40.74,-40.74,0.0
corki,lulu,584,179.0,405.0,40.74,-40.74,-40.74
corki,lux,584,179.0,405.0,40.74,0.0,-40.74
corki,maokai,584,179.0,405.0,40.74,-7.41,-3.9
corki,milio,584,179.0,405.0,40.74,0.0,59.26
corki,miss fortune,584,179.0,405.0,40.74,-7.41,-5.26
corki,mordekaiser,584,179.0,405.0,40.74,0.0,59.26
corki,mundo,584,179.0,405.0,40.74,0.0,9.26
corki,naafiri,584,179.0,405.0,40.74,-21.99,-14.07
corki,nami,584,179.0,405.0,40.74,-40.74,0.0
corki,nautilus,584,179.0,405.0,40.74,4.16,0.64
corki,neeko,584,179.0,405.0,40.74,10.78,-7.41
corki,nidalee,584,179.0,405.0,40.74,-5.45,-18.52
corki,nilah,584,179.0,405.0,40.74,9.26,0.0
corki,nocturne,584,179.0,405.0,40.74,-24.07,-0.74
corki,olaf,584,179.0,405.0,40.74,0.0,59.26
corki,orianna,584,179.0,405.0,40.74,20.37,18.78
corki,ornn,584,179.0,405.0,40.74,-9.49,19.26
corki,pantheon,584,179.0,405.0,40.74,4.71,7.41
corki,poppy,584,179.0,405.0,40.74,-6.36,-7.41
corki,pyke,584,179.0,405.0,40.74,59.26,-40.74
corki,qiyana,584,179.0,405.0,40.74,-7.41,9.26
corki,rakan,584,179.0,405.0,40.74,14.82,7.74
corki,reksai,584,179.0,405.0,40.74,59.26,0.0
corki,rell,584,179.0,405.0,40.74,2.82,-6.89
corki,renata glasc,584,179.0,405.0,40.74,-26.45,7.09
corki,renekton,584,179.0,405.0,40.74,-6.12,-14.07
corki,rengar,584,179.0,405.0,40.74,0.0,59.26
corki,rumble,584,179.0,405.0,40.74,4.19,-10.38
corki,ryze,584,179.0,405.0,40.74,-3.24,-12.17
corki,sejuani,584,179.0,405.0,40.74,-9.79,1.68
corki,senna,584,179.0,405.0,40.74,59.26,12.59
corki,seraphine,584,179.0,405.0,40.74,-40.74,59.26
corki,sett,584,179.0,405.0,40.74,0.0,-40.74
corki,shen,584,179.0,405.0,40.74,-40.74,-40.74
corki,sion,584,179.0,405.0,40.74,7.74,3.7
corki,sivir,584,179.0,405.0,40.74,9.26,13.81
corki,skarner,584,179.0,405.0,40.74,6.88,-7.41
corki,smolder,584,179.0,405.0,40.74,-40.74,0.93
corki,sylas,584,179.0,405.0,40.74,-28.24,9.26
corki,syndra,584,179.0,405.0,40.74,-40.74,9.26
corki,tahm kench,584,179.0,405.0,40.74,0.0,59.26
corki,taliyah,584,179.0,405.0,40.74,-0.74,9.26
corki,taric,584,179.0,405.0,40.74,-40.74,0.0
corki,thresh,584,179.0,405.0,40.74,59.26,0.0
corki,tristana,584,179.0,405.0,40.74,-40.74,-29.63
corki,trundle,584,179.0,405.0,40.74,7.54,1.37
corki,tryndamere,584,179.0,405.0,40.74,0.0,-40.74
corki,twisted fate,584,179.0,405.0,40.74,-40.74,34.26
corki,udyr,584,179.0,405.0,40.74,-7.41,-40.74
corki,varus,584,179.0,405.0,40.74,-0.74,0.56
corki,vi,584,179.0,405.0,40.74,10.61,9.26
corki,viego,584,179.0,405.0,40.74,-40.74,-13.47
corki,viktor,584,179.0,405.0,40.74,-14.42,12.59
corki,vladimir,584,179.0,405.0,40.74,0.0,-40.74
corki,warwick,584,179.0,405.0,40.74,0.0,-40.74
corki,wukong,584,179.0,405.0,40.74,9.26,5.93
corki,xayah,584,179.0,405.0,40.74,16.4,-0.74
corki,xerath,584,179.0,405.0,40.74,-40.74,0.0
corki,xin zhao,584,179.0,405.0,40.74,-2.28,3.26
corki,yasuo,584,179.0,405.0,40.74,-15.74,25.93
corki,yone,584,179.0,405.0,40.74,-4.38,-16.35
corki,yorick,584,179.0,405.0,40.74,9.26,-11.33
corki,yunara,584,179.0,405.0,40.74,0.0,4.26
corki,yuumi,584,179.0,405.0,40.74,-40.74,59.26
corki,zed,584,179.0,405.0,40.74,0.0,9.26
corki,zeri,584,179.0,405.0,40.74,-40.74,25.93
corki,ziggs,584,179.0,405.0,40.74,21.76,9.26
corki,zoe,584,179.0,405.0,40.74,0.0,-40.74
corki,zyra,584,179.0,405.0,40.74,-5.96,3.7
leona,aatrox,450,121.0,329.0,44.07,-14.07,0.37
leona,ahri,450,121.0,329.0,44.07,-14.07,4.21
leona,akali,450,121.0,329.0,44.07,-4.07,13.07
leona,alistar,450,121.0,329.0,44.07,0.0,-1.21
leona,ambessa,450,121.0,329.0,44.07,-2.21,10.69
leona,anivia,450,121.0,329.0,44.07,0.0,55.93
leona,annie,450,121.0,329.0,44.07,2.08,-2.4
leona,aphelios,450,121.0,329.0,44.07,0.0,22.6
leona,ashe,450,121.0,329.0,44.07,-1.21,8.31
leona,aurelion sol,450,121.0,329.0,44.07,0.0,-10.74
leona,aurora,450,121.0,329.0,44.07,-6.57,3.15
leona,azir,450,121.0,329.0,44.07,1.38,-10.74
leona,bard,450,121.0,329.0,44.07,0.0,5.93
leona,blitzcrank,450,121.0,329.0,44.07,0.0,55.93
leona,brand,450,121.0,329.0,44.07,5.93,0.0
leona,braum,450,121.0,329.0,44.07,0.0,-0.83
leona,caitlyn,450,121.0,329.0,44.07,55.93,-10.74
leona,camille,450,121.0,329.0,44.07,55.93,-16.8
leona,cassiopeia,450,121.0,329.0,44.07,-44.07,0.0
leona,chogath,450,121.0,329.0,44.07,30.93,55.93
leona,corki,450,121.0,329.0,44.07,-17.98,18.79
leona,diana,450,121.0,329.0,44.07,0.0,55.93
leona,draven,450,121.0,329.0,44.07,-10.74,-19.07
leona,elise,450,121.0,329.0,44.07,0.0,5.93
leona,ezreal,450,121.0,329.0,44.07,1.5,2.36
leona,fiddlesticks,450,121.0,329.0,44.07,0.0,-44.07
leona,fiora,450,121.0,329.0,44.07,55.93,0.0
leona,galio,450,121.0,329.0,44.07,1.76,-7.71
leona,gangplank,450,121.0,329.0,44.07,22.6,-44.07
leona,gnar,450,121.0,329.0,44.07,-1.96,5.93
leona,gragas,450,121.0,329.0,44.07,-27.4,-6.57
leona,gwen,450,121.0,329.0,44.07,-1.21,-7.71
leona,hwei,450,121.0,329.0,44.07,5.93,-24.07
leona,ivern,450,121.0,329.0,44.07,5.93,22.6
leona,jarvan iv,450,121.0,329.0,44.07,-6.57,-14.66
leona,jax,450,121.0,329.0,44.07,-4.07,1.76
leona,jayce,450,121.0,329.0,44.07,7.21,2.99
leona,jhin,450,121.0,329.0,44.07,1.17,-0.74
leona,jinx,450,121.0,329.0,44.07,-10.74,0.37
leona,kaisa,450,121.0,329.0,44.07,4.21,-15.5
leona,kalista,450,121.0,329.0,44.07,30.93,-16.8
leona,karma,450,121.0,329.0,44.07,0.0,-10.74
leona,karthus,450,121.0,329.0,44.07,0.0,5.93
leona,kassadin,450,121.0,329.0,44.07,55.93,-44.07
leona,kennen,450,121.0,329.0,44.07,-44.07,-44.07
leona,kindred,450,121.0,329.0,44.07,-44.07,5.93
leona,ksante,450,121.0,329.0,44.07,-0.59,-0.59
leona,leblanc,450,121.0,329.0,44.07,55.93,-10.74
leona,lee sin,450,121.0,329.0,44.07,-14.07,5.93
leona,lillia,450,121.0,329.0,44.07,13.07,15.93
leona,lissandra,450,121.0,329.0,44.07,-44.07,0.0
leona,lucian,450,121.0,329.0,44.07,5.93,5.93
leona,lulu,450,121.0,329.0,44.07,0.0,-44.07
leona,maokai,450,121.0,329.0,44.07,15.93,12.45
leona,mel,450,121.0,329.0,44.07,-44.07,5.93
leona,milio,450,121.0,329.0,44.07,0.0,55.93
leona,miss fortune,450,121.0,329.0,44.07,-0.32,11.81
leona,mordekaiser,450,121.0,329.0,44.07,5.93,0.0
leona,morgana,450,121.0,329.0,44.07,5.93,55.93
leona,mundo,450,121.0,329.0,44.07,-44.07,22.6
leona,naafiri,450,121.0,329.0,44.07,3.55,13.07
leona,nautilus,450,121.0,329.0,44.07,0.0,-1.85
leona,neeko,450,121.0,329.0,44.07,0.0,8.31
leona,nidalee,450,121.0,329.0,44.07,12.6,5.93
leona,nocturne,450,121.0,329.0,44.07,-19.07,-10.74
leona,olaf,450,121.0,329.0,44.07,22.6,0.0
leona,orianna,450,121.0,329.0,44.07,1.38,-2.4
leona,ornn,450,121.0,329.0,44.07,-5.61,14.26
leona,pantheon,450,121.0,329.0,44.07,-4.78,1.09
leona,poppy,450,121.0,329.0,44.07,22.6,-19.83
leona,pyke,450,121.0,329.0,44.07,0.0,5.93
leona,qiyana,450,121.0,329.0,44.07,-19.07,0.0
leona,rakan,450,121.0,329.0,44.07,0.0,-3.04
leona,rammus,450,121.0,329.0,44.07,0.0,55.93
leona,reksai,450,121.0,329.0,44.07,5.93,0.0
leona,rell,450,121.0,329.0,44.07,0.0,4.54
leona,renata glasc,450,121.0,329.0,44.07,0.0,-7.71
leona,renekton,450,121.0,329.0,44.07,8.1,-24.07
leona,rengar,450,121.0,329.0,44.07,0.0,55.93
leona,rumble,450,121.0,329.0,44.07,-0.89,-12.82
leona,ryze,450,121.0,329.0,44.07,5.93,-5.61
leona,sejuani,450,121.0,329.0,44.07,-7.23,2.27
leona,senna,450,121.0,329.0,44.07,5.93,5.93
leona,seraphine,450,121.0,329.0,44.07,0.0,55.93
leona,sett,450,121.0,329.0,44.07,55.93,-44.07
leona,shen,450,121.0,329.0,44.07,-44.07,-24.07
leona,shyvana,450,121.0,329.0,44.07,0.0,-44.07
leona,sion,450,121.0,329.0,44.07,5.93,-4.07
leona,sivir,450,121.0,329.0,44.07,3.3,-16.8
leona,skarner,450,121.0,329.0,44.07,20.22,-9.45
leona,smolder,450,121.0,329.0,44.07,-44.07,35.93
leona,swain,450,121.0,329.0,44.07,0.0,-44.07
leona,sylas,450,121.0,329.0,44.07,5.93,22.6
leona,syndra,450,121.0,329.0,44.07,0.0,55.93
leona,tahm kench,450,121.0,329.0,44.07,0.0,55.93
leona,taliyah,450,121.0,329.0,44.07,-3.04,-9.78
leona,taric,450,121.0,329.0,44.07,0.0,5.93
leona,thresh,450,121.0,329.0,44.07,0.0,5.93
leona,tristana,450,121.0,329.0,44.07,22.6,22.6
leona,trundle,450,121.0,329.0,44.07,-5.97,-6.57
leona,twisted fate,450,121.0,329.0,44.07,15.93,-44.07
leona,twitch,450,121.0,329.0,44.07,0.0,-44.07
leona,udyr,450,121.0,329.0,44.07,-10.74,55.93
leona,urgot,450,121.0,329.0,44.07,-44.07,0.0
leona,varus,450,121.0,329.0,44.07,21.15,2.36
leona,vayne,450,121.0,329.0,44.07,-44.07,0.0
leona,vi,450,121.0,329.0,44.07,-4.07,-4.6
leona,viego,450,121.0,329.0,44.07,2.99,18.43
leona,viktor,450,121.0,329.0,44.07,5.93,7.78
leona,vladimir,450,121.0,329.0,44.07,-10.74,-4.07
leona,volibear,450,121.0,329.0,44.07,-44.07,0.0
leona,wukong,450,121.0,329.0,44.07,-10.74,10.93
leona,xayah,450,121.0,329.0,44.07,-1.21,-4.07
leona,xin zhao,450,121.0,329.0,44.07,10.48,-4.68
leona,yasuo,450,121.0,329.0,44.07,0.0,22.6
leona,yone,450,121.0,329.0,44.07,5.93,-8.36
leona,yorick,450,121.0,329.0,44.07,-15.5,2.6
leona,yunara,450,121.0,329.0,44.07,-1.21,30.93
leona,zac,450,121.0,329.0,44.07,0.0,-44.07
leona,zed,450,121.0,329.0,44.07,-44.07,-4.07
leona,zeri,450,121.0,329.0,44.07,0.0,-10.74
leona,ziggs,450,121.0,329.0,44.07,-0.59,0.37
leona,zilean,450,121.0,329.0,44.07,-44.07,0.0
leona,zoe,450,121.0,329.0,44.07,55.93,0.0
leona,zyra,450,121.0,329.0,44.07,-22.64,9.78
rumble,aatrox,1027,550.0,477.0,53.67,0.0,3.47
rumble,ahri,1027,550.0,477.0,53.67,-4.83,5.51
rumble,akali,1027,550.0,477.0,53.67,17.76,11.04
rumble,alistar,1027,550.0,477.0,53.67,1.54,-0.01
rumble,ambessa,1027,550.0,477.0,53.67,-28.67,14.66
rumble,anivia,1027,550.0,477.0,53.67,0.0,21.33
rumble,annie,1027,550.0,477.0,53.67,11.04,-14.38
rumble,aphelios,1027,550.0,477.0,53.67,-53.67,-13.67
rumble,ashe,1027,550.0,477.0,53.67,10.62,-3.67
rumble,aurora,1027,550.0,477.0,53.67,0.88,9.34
rumble,azir,1027,550.0,477.0,53.67,-1.59,-1.04
rumble,bard,1027,550.0,477.0,53.67,-23.67,4.66
rumble,blitzcrank,1027,550.0,477.0,53.67,21.33,13.0
rumble,brand,1027,550.0,477.0,53.67,0.0,-53.67
rumble,braum,1027,550.0,477.0,53.67,2.58,-5.28
rumble,caitlyn,1027,550.0,477.0,53.67,21.33,-10.81
rumble,camille,1027,550.0,477.0,53.67,0.0,-53.67
rumble,cassiopeia,1027,550.0,477.0,53.67,-3.67,-3.67
rumble,chogath,1027,550.0,477.0,53.67,0.0,46.33
rumble,corki,1027,550.0,477.0,53.67,-8.74,15.97
rumble,diana,1027,550.0,477.0,53.67,-53.67,0.0
rumble,draven,1027,550.0,477.0,53.67,46.33,-3.67
rumble,ekko,1027,550.0,477.0,53.67,0.0,46.33
rumble,elise,1027,550.0,477.0,53.67,21.33,17.76
rumble,ezreal,1027,550.0,477.0,53.67,-3.67,-2.45
rumble,galio,1027,550.0,477.0,53.67,-9.23,-10.25
rumble,gnar,1027,550.0,477.0,53.67,0.0,46.33
rumble,gragas,1027,550.0,477.0,53.67,-53.67,-20.34
rumble,gwen,1027,550.0,477.0,53.67,-53.67,-4.18
rumble,hwei,1027,550.0,477.0,53.67,46.33,21.33
rumble,ivern,1027,550.0,477.0,53.67,13.0,13.0
rumble,janna,1027,550.0,477.0,53.67,-53.67,0.0
rumble,jarvan iv,1027,550.0,477.0,53.67,7.04,-20.34
rumble,jax,1027,550.0,477.0,53.67,-3.67,-53.67
rumble,jayce,1027,550.0,477.0,53.67,46.33,4.87
rumble,jhin,1027,550.0,477.0,53.67,-7.37,2.26
rumble,jinx,1027,550.0,477.0,53.67,46.33,-10.81
rumble,kaisa,1027,550.0,477.0,53.67,6.71,0.72
rumble,kalista,1027,550.0,477.0,53.67,-3.67,-3.67
rumble,karma,1027,550.0,477.0,53.67,-3.67,-3.67
rumble,kassadin,1027,550.0,477.0,53.67,0.0,-53.67
rumble,kennen,1027,550.0,477.0,53.67,0.0,13.0
rumble,kindred,1027,550.0,477.0,53.67,-3.67,0.0
rumble,kled,1027,550.0,477.0,53.67,0.0,46.33
rumble,ksante,1027,550.0,477.0,53.67,0.0,8.49
rumble,leblanc,1027,550.0,477.0,53.67,0.0,-28.67
rumble,lee sin,1027,550.0,477.0,53.67,-3.67,46.33
rumble,leona,1027,550.0,477.0,53.67,-10.49,15.08
rumble,lillia,1027,550.0,477.0,53.67,6.33,21.33
rumble,lissandra,1027,550.0,477.0,53.67,0.0,-53.67
rumble,lucian,1027,550.0,477.0,53.67,-3.67,5.59
rumble,lulu,1027,550.0,477.0,53.67,3.47,26.33
rumble,lux,1027,550.0,477.0,53.67,0.0,-53.67
rumble,malzahar,1027,550.0,477.0,53.67,0.0,46.33
rumble,maokai,1027,550.0,477.0,53.67,-14.78,15.56
rumble,mel,1027,550.0,477.0,53.67,0.0,46.33
rumble,milio,1027,550.0,477.0,53.67,46.33,46.33
rumble,miss fortune,1027,550.0,477.0,53.67,4.95,-1.82
rumble,morgana,1027,550.0,477.0,53.67,-3.67,0.0
rumble,naafiri,1027,550.0,477.0,53.67,8.83,-5.19
rumble,nami,1027,550.0,477.0,53.67,-25.1,13.0
rumble,nautilus,1027,550.0,477.0,53.67,-16.94,14.33
rumble,neeko,1027,550.0,477.0,53.67,-1.29,-12.37
rumble,nidalee,1027,550.0,477.0,53.67,46.33,-8.22
rumble,nocturne,1027,550.0,477.0,53.67,-31.45,-13.67
rumble,olaf,1027,550.0,477.0,53.67,0.0,46.33
rumble,orianna,1027,550.0,477.0,53.67,5.71,-2.32
rumble,ornn,1027,550.0,477.0,53.67,46.33,-5.57
rumble,pantheon,1027,550.0,477.0,53.67,-0.01,0.88
rumble,poppy,1027,550.0,477.0,53.67,14.75,3.0
rumble,pyke,1027,550.0,477.0,53.67,46.33,-53.67
rumble,qiyana,1027,550.0,477.0,53.67,-53.67,-53.67
rumble,rakan,1027,550.0,477.0,53.67,6.33,-9.23
rumble,rell,1027,550.0,477.0,53.67,7.09,-3.02
rumble,renata glasc,1027,550.0,477.0,53.67,1.33,13.0
rumble,renekton,1027,550.0,477.0,53.67,0.0,6.33
rumble,ryze,1027,550.0,477.0,53.67,-13.67,-9.92
rumble,sejuani,1027,550.0,477.0,53.67,6.94,1.89
rumble,senna,1027,550.0,477.0,53.67,-12.0,8.83
rumble,seraphine,1027,550.0,477.0,53.67,-53.67,46.33
rumble,sett,1027,550.0,477.0,53.67,46.33,-53.67
rumble,shen,1027,550.0,477.0,53.67,46.33,-3.67
rumble,sion,1027,550.0,477.0,53.67,-53.67,-5.28
rumble,sivir,1027,550.0,477.0,53.67,4.95,-13.67
rumble,skarner,1027,550.0,477.0,53.67,-2.45,-2.24
rumble,smolder,1027,550.0,477.0,53.67,32.04,6.33
rumble,swain,1027,550.0,477.0,53.67,0.0,46.33
rumble,sylas,1027,550.0,477.0,53.67,8.23,-3.67
rumble,syndra,1027,550.0,477.0,53.67,-53.67,0.0
rumble,tahm kench,1027,550.0,477.0,53.67,0.0,46.33
rumble,taliyah,1027,550.0,477.0,53.67,1.89,1.59
rumble,taric,1027,550.0,477.0,53.67,-3.67,-53.67
rumble,thresh,1027,550.0,477.0,53.67,46.33,-20.34
rumble,tristana,1027,550.0,477.0,53.67,-16.17,26.33
rumble,trundle,1027,550.0,477.0,53.67,-15.21,10.85
rumble,tryndamere,1027,550.0,477.0,53.67,0.0,46.33
rumble,twisted fate,1027,550.0,477.0,53.67,-53.67,46.33
rumble,udyr,1027,550.0,477.0,53.67,0.0,46.33
rumble,urgot,1027,550.0,477.0,53.67,0.0,46.33
rumble,varus,1027,550.0,477.0,53.67,4.95,-9.41
rumble,vayne,1027,550.0,477.0,53.67,-53.67,0.0
rumble,vi,1027,550.0,477.0,53.67,7.44,4.22
rumble,viego,1027,550.0,477.0,53.67,-17.31,8.83
rumble,viktor,1027,550.0,477.0,53.67,-3.67,-3.67
rumble,vladimir,1027,550.0,477.0,53.67,0.0,-53.67
rumble,volibear,1027,550.0,477.0,53.67,46.33,0.0
rumble,warwick,1027,550.0,477.0,53.67,0.0,-53.67
rumble,wukong,1027,550.0,477.0,53.67,3.05,-5.75
rumble,xayah,1027,550.0,477.0,53.67,-6.17,-3.67
rumble,xerath,1027,550.0,477.0,53.67,-53.67,0.0
rumble,xin zhao,1027,550.0,477.0,53.67,-3.67,-0.48
rumble,yasuo,1027,550.0,477.0,53.67,46.33,-53.67
rumble,yone,1027,550.0,477.0,53.67,5.26,6.33
rumble,yorick,1027,550.0,477.0,53.67,46.33,-17.31
rumble,yunara,1027,550.0,477.0,53.67,11.04,-3.67
rumble,yuumi,1027,550.0,477.0,53.67,0.0,46.33
rumble,zed,1027,550.0,477.0,53.67,46.33,-3.67
rumble,zeri,1027,550.0,477.0,53.67,0.18,3.47
rumble,ziggs,1027,550.0,477.0,53.67,46.33,-28.67
rumble,zilean,1027,550.0,477.0,53.67,46.33,46.33
rumble,zoe,1027,550.0,477.0,53.67,0.0,-53.67
rumble,zyra,1027,550.0,477.0,53.67,0.0,8.83
nautilus,aatrox,647,278.0,369.0,44.72,8.61,5.28
nautilus,ahri,647,278.0,369.0,44.72,0.02,-0.72
nautilus,akali,647,278.0,369.0,44.72,5.28,1.43
nautilus,alistar,647,278.0,369.0,44.72,0.0,1.31
nautilus,ambessa,647,278.0,369.0,44.72,-5.14,8.22
nautilus,anivia,647,278.0,369.0,44.72,-44.72,0.0
nautilus,annie,647,278.0,369.0,44.72,-2.61,-16.15
nautilus,aphelios,647,278.0,369.0,44.72,-44.72,21.95
nautilus,ashe,647,278.0,369.0,44.72,-28.05,25.28
nautilus,aurelion sol,647,278.0,369.0,44.72,55.28,55.28
nautilus,aurora,647,278.0,369.0,44.72,-3.54,-1.86
nautilus,azir,647,278.0,369.0,44.72,-1.86,15.28
nautilus,bard,647,278.0,369.0,44.72,0.0,55.28
nautilus,blitzcrank,647,278.0,369.0,44.72,0.0,5.28
nautilus,brand,647,278.0,369.0,44.72,-44.72,0.0
nautilus,braum,647,278.0,369.0,44.72,0.0,0.02
nautilus,caitlyn,647,278.0,369.0,44.72,5.28,-44.72
nautilus,camille,647,278.0,369.0,44.72,-1.86,-4.72
nautilus,cassiopeia,647,278.0,369.0,44.72,-19.72,-19.72
nautilus,chogath,647,278.0,369.0,44.72,-4.72,5.28
nautilus,corki,647,278.0,369.0,44.72,0.18,13.9
nautilus,diana,647,278.0,369.0,44.72,-44.72,0.0
nautilus,draven,647,278.0,369.0,44.72,-1.86,55.28
nautilus,ekko,647,278.0,369.0,44.72,-44.72,0.0
nautilus,elise,647,278.0,369.0,44.72,0.0,-16.15
nautilus,ezreal,647,278.0,369.0,44.72,0.28,2.65
nautilus,fiora,647,278.0,369.0,44.72,0.0,-44.72
nautilus,galio,647,278.0,369.0,44.72,10.28,-8.05
nautilus,gangplank,647,278.0,369.0,44.72,55.28,5.28
nautilus,garen,647,278.0,369.0,44.72,-44.72,0.0
nautilus,gnar,647,278.0,369.0,44.72,1.43,21.95
nautilus,gragas,647,278.0,369.0,44.72,5.28,-1.86
nautilus,gwen,647,278.0,369.0,44.72,-6.26,-14.72
nautilus,hwei,647,278.0,369.0,44.72,-22.5,-24.72
nautilus,ivern,647,278.0,369.0,44.72,-11.39,-44.72
nautilus,jarvan iv,647,278.0,369.0,44.72,5.28,5.28
nautilus,jax,647,278.0,369.0,44.72,5.28,7.91
nautilus,jayce,647,278.0,369.0,44.72,5.28,-6.88
nautilus,jhin,647,278.0,369.0,44.72,-0.6,5.28
nautilus,jinx,647,278.0,369.0,44.72,9.83,-11.39
nautilus,kaisa,647,278.0,369.0,44.72,3.2,-0.28
nautilus,kalista,647,278.0,369.0,44.72,-44.72,-17.45
nautilus,karma,647,278.0,369.0,44.72,55.28,21.95
nautilus,karthus,647,278.0,369.0,44.72,5.28,0.0
nautilus,kennen,647,278.0,369.0,44.72,55.28,-44.72
nautilus,khazix,647,278.0,369.0,44.72,0.0,55.28
nautilus,kindred,647,278.0,369.0,44.72,-19.72,-44.72
nautilus,kled,647,278.0,369.0,44.72,0.0,5.28
nautilus,ksante,647,278.0,369.0,44.72,-2.41,1.95
nautilus,leblanc,647,278.0,369.0,44.72,0.0,55.28
nautilus,lee sin,647,278.0,369.0,44.72,0.73,-44.72
nautilus,leona,647,278.0,369.0,44.72,0.0,13.06
nautilus,lillia,647,278.0,369.0,44.72,21.95,5.28
nautilus,lissandra,647,278.0,369.0,44.72,0.0,55.28
nautilus,lucian,647,278.0,369.0,44.72,-7.22,10.84
nautilus,lulu,647,278.0,369.0,44.72,0.0,5.28
nautilus,maokai,647,278.0,369.0,44.72,19.57,-6.26
nautilus,mel,647,278.0,369.0,44.72,-44.72,0.0
nautilus,miss fortune,647,278.0,369.0,44.72,-4.72,3.56
nautilus,mordekaiser,647,278.0,369.0,44.72,-44.72,0.0
nautilus,morgana,647,278.0,369.0,44.72,5.28,0.0
nautilus,mundo,647,278.0,369.0,44.72,-44.72,0.0
nautilus,naafiri,647,278.0,369.0,44.72,8.61,15.28
nautilus,nami,647,278.0,369.0,44.72,0.0,55.28
nautilus,neeko,647,278.0,369.0,44.72,55.28,-12.37
nautilus,nidalee,647,278.0,369.0,44.72,5.28,19.57
nautilus,nocturne,647,278.0,369.0,44.72,1.95,17.78
nautilus,olaf,647,278.0,369.0,44.72,-44.72,-44.72
nautilus,orianna,647,278.0,369.0,44.72,2.34,-3.81
nautilus,ornn,647,278.0,369.0,44.72,7.91,-18.4
nautilus,pantheon,647,278.0,369.0,44.72,7.13,-10.51
nautilus,poppy,647,278.0,369.0,44.72,-11.39,-3.54
nautilus,qiyana,647,278.0,369.0,44.72,0.0,21.95
nautilus,rakan,647,278.0,369.0,44.72,0.0,-6.62
nautilus,reksai,647,278.0,369.0,44.72,55.28,55.28
nautilus,rell,647,278.0,369.0,44.72,0.0,-1.86
nautilus,renata glasc,647,278.0,369.0,44.72,0.0,5.28
nautilus,renekton,647,278.0,369.0,44.72,7.13,-9.01
nautilus,rumble,647,278.0,369.0,44.72,-7.99,-12.72
nautilus,ryze,647,278.0,369.0,44.72,-5.33,-17.69
nautilus,sejuani,647,278.0,369.0,44.72,-15.69,8.61
nautilus,senna,647,278.0,369.0,44.72,10.45,-16.15
nautilus,seraphine,647,278.0,369.0,44.72,-44.72,0.0
nautilus,sett,647,278.0,369.0,44.72,-44.72,5.28
nautilus,shen,647,278.0,369.0,44.72,-44.72,55.28
nautilus,sion,647,278.0,369.0,44.72,20.14,14.74
nautilus,sivir,647,278.0,369.0,44.72,-3.05,-4.72
nautilus,skarner,647,278.0,369.0,44.72,-2.41,-6.62
nautilus,smolder,647,278.0,369.0,44.72,-4.72,35.28
nautilus,swain,647,278.0,369.0,44.72,-44.72,55.28
nautilus,sylas,647,278.0,369.0,44.72,-9.01,-8.36
nautilus,syndra,647,278.0,369.0,44.72,21.95,55.28
nautilus,tahm kench,647,278.0,369.0,44.72,0.0,5.28
nautilus,taliyah,647,278.0,369.0,44.72,4.56,1.95
nautilus,taric,647,278.0,369.0,44.72,0.0,55.28
nautilus,thresh,647,278.0,369.0,44.72,0.0,5.28
nautilus,tristana,647,278.0,369.0,44.72,-23.29,-11.39
nautilus,trundle,647,278.0,369.0,44.72,7.45,-14.72
nautilus,twisted fate,647,278.0,369.0,44.72,-44.72,5.28
nautilus,twitch,647,278.0,369.0,44.72,55.28,0.0
nautilus,udyr,647,278.0,369.0,44.72,-44.72,0.0
nautilus,varus,647,278.0,369.0,44.72,7.2,-1.58
nautilus,vayne,647,278.0,369.0,44.72,55.28,0.0
nautilus,veigar,647,278.0,369.0,44.72,-44.72,0.0
nautilus,vi,647,278.0,369.0,44.72,5.28,8.61
nautilus,viego,647,278.0,369.0,44.72,13.61,-3.05
nautilus,viktor,647,278.0,369.0,44.72,-3.05,14.37
nautilus,wukong,647,278.0,369.0,44.72,-0.6,-9.94
nautilus,xayah,647,278.0,369.0,44.72,-17.45,-15.69
nautilus,xin zhao,647,278.0,369.0,44.72,-5.06,2.74
nautilus,yasuo,647,278.0,369.0,44.72,-19.72,-44.72
nautilus,yone,647,278.0,369.0,44.72,7.13,-0.28
nautilus,yorick,647,278.0,369.0,44.72,-11.39,-0.72
nautilus,yunara,647,278.0,369.0,44.72,5.28,-21.64
nautilus,zed,647,278.0,369.0,44.72,0.0,21.95
nautilus,zeri,647,278.0,369.0,44.72,5.28,17.78
nautilus,ziggs,647,278.0,369.0,44.72,13.17,21.95
nautilus,zilean,647,278.0,369.0,44.72,0.0,-44.72
nautilus,zoe,647,278.0,369.0,44.72,55.28,-44.72
nautilus,zyra,647,278.0,369.0,44.72,0.73,-11.39
ashe,aatrox,307,170.0,137.0,51.09,-1.09,18.91
ashe,ahri,307,170.0,137.0,51.09,12.55,23.91
ashe,akali,307,170.0,137.0,51.09,-1.09,23.91
ashe,alistar,307,170.0,137.0,51.09,8.91,-9.42
ashe,ambessa,307,170.0,137.0,51.09,-15.8,-6.26
ashe,anivia,307,170.0,137.0,51.09,-51.09,0.0
ashe,annie,307,170.0,137.0,51.09,48.91,-51.09
ashe,aurelion sol,307,170.0,137.0,51.09,-51.09,0.0
ashe,aurora,307,170.0,137.0,51.09,32.24,-8.23
ashe,azir,307,170.0,137.0,51.09,-17.76,-1.09
ashe,bard,307,170.0,137.0,51.09,0.0,20.34
ashe,blitzcrank,307,170.0,137.0,51.09,-51.09,48.91
ashe,brand,307,170.0,137.0,51.09,-51.09,0.0
ashe,braum,307,170.0,137.0,51.09,-7.91,-51.09
ashe,caitlyn,307,170.0,137.0,51.09,0.0,15.58
ashe,camille,307,170.0,137.0,51.09,8.91,-51.09
ashe,cassiopeia,307,170.0,137.0,51.09,48.91,0.0
ashe,chogath,307,170.0,137.0,51.09,48.91,-51.09
ashe,corki,307,170.0,137.0,51.09,-26.09,-1.09
ashe,draven,307,170.0,137.0,51.09,0.0,48.91
ashe,elise,307,170.0,137.0,51.09,8.91,-1.09
ashe,ezreal,307,170.0,137.0,51.09,0.0,12.07
ashe,fiora,307,170.0,137.0,51.09,0.0,-1.09
ashe,galio,307,170.0,137.0,51.09,-8.23,12.55
ashe,gangplank,307,170.0,137.0,51.09,15.58,48.91
ashe,gnar,307,170.0,137.0,51.09,-23.82,6.05
ashe,gragas,307,170.0,137.0,51.09,-17.76,-51.09
ashe,gwen,307,170.0,137.0,51.09,6.05,-51.09
ashe,hwei,307,170.0,137.0,51.09,28.91,48.91
ashe,ivern,307,170.0,137.0,51.09,15.58,-51.09
ashe,jarvan iv,307,170.0,137.0,51.09,-51.09,48.91
ashe,jax,307,170.0,137.0,51.09,15.58,-17.76
ashe,jayce,307,170.0,137.0,51.09,-1.09,-8.23
ashe,jhin,307,170.0,137.0,51.09,0.0,-17.76
ashe,jinx,307,170.0,137.0,51.09,0.0,-51.09
ashe,kaisa,307,170.0,137.0,51.09,0.0,-9.42
ashe,kalista,307,170.0,137.0,51.09,23.91,11.41
ashe,karma,307,170.0,137.0,51.09,-1.09,-1.09
ashe,karthus,307,170.0,137.0,51.09,48.91,0.0
ashe,kennen,307,170.0,137.0,51.09,15.58,48.91
ashe,khazix,307,170.0,137.0,51.09,0.0,48.91
ashe,kindred,307,170.0,137.0,51.09,-51.09,-51.09
ashe,ksante,307,170.0,137.0,51.09,-11.09,2.76
ashe,leblanc,307,170.0,137.0,51.09,-51.09,-51.09
ashe,lee sin,307,170.0,137.0,51.09,15.58,-17.76
ashe,leona,307,170.0,137.0,51.09,-8.23,-3.47
ashe,lillia,307,170.0,137.0,51.09,8.91,4.47
ashe,lissandra,307,170.0,137.0,51.09,48.91,0.0
ashe,lucian,307,170.0,137.0,51.09,-51.09,15.58
ashe,lulu,307,170.0,137.0,51.09,15.58,-1.09
ashe,maokai,307,170.0,137.0,51.09,-34.42,-17.76
ashe,mel,307,170.0,137.0,51.09,48.91,0.0
ashe,miss fortune,307,170.0,137.0,51.09,0.0,1.85
ashe,naafiri,307,170.0,137.0,51.09,28.91,-1.09
ashe,nami,307,170.0,137.0,51.09,0.0,48.91
ashe,nautilus,307,170.0,137.0,51.09,-34.42,-21.09
ashe,neeko,307,170.0,137.0,51.09,48.91,21.64
ashe,nidalee,307,170.0,137.0,51.09,21.64,-28.87
ashe,nocturne,307,170.0,137.0,51.09,28.91,8.91
ashe,olaf,307,170.0,137.0,51.09,0.0,-51.09
ashe,orianna,307,170.0,137.0,51.09,-13.59,-17.76
ashe,ornn,307,170.0,137.0,51.09,-51.09,8.91
ashe,pantheon,307,170.0,137.0,51.09,-1.09,12.55
ashe,poppy,307,170.0,137.0,51.09,23.91,-11.09
ashe,pyke,307,170.0,137.0,51.09,0.0,23.91
ashe,rakan,307,170.0,137.0,51.09,48.91,-8.98
ashe,rell,307,170.0,137.0,51.09,18.91,-5.64
ashe,renata glasc,307,170.0,137.0,51.09,-3.47,12.55
ashe,renekton,307,170.0,137.0,51.09,32.24,4.47
ashe,rumble,307,170.0,137.0,51.09,13.2,-1.09
ashe,ryze,307,170.0,137.0,51.09,15.58,8.91
ashe,sejuani,307,170.0,137.0,51.09,-9.42,22.24
ashe,senna,307,170.0,137.0,51.09,0.0,48.91
ashe,seraphine,307,170.0,137.0,51.09,-20.32,0.0
ashe,sett,307,170.0,137.0,51.09,-1.09,-51.09
ashe,shen,307,170.0,137.0,51.09,48.91,48.91
ashe,sion,307,170.0,137.0,51.09,36.41,-1.09
ashe,skarner,307,170.0,137.0,51.09,-1.09,-5.64
ashe,smolder,307,170.0,137.0,51.09,48.91,48.91
ashe,soraka,307,170.0,137.0,51.09,0.0,48.91
ashe,swain,307,170.0,137.0,51.09,0.0,-1.09
ashe,sylas,307,170.0,137.0,51.09,23.91,3.46
ashe,syndra,307,170.0,137.0,51.09,-1.09,48.91
ashe,taliyah,307,170.0,137.0,51.09,-5.64,-31.09
ashe,thresh,307,170.0,137.0,51.09,48.91,0.0
ashe,tristana,307,170.0,137.0,51.09,8.91,23.91
ashe,trundle,307,170.0,137.0,51.09,15.58,0.0
ashe,twisted fate,307,170.0,137.0,51.09,-51.09,48.91
ashe,udyr,307,170.0,137.0,51.09,-51.09,48.91
ashe,urgot,307,170.0,137.0,51.09,0.0,48.91
ashe,varus,307,170.0,137.0,51.09,0.0,-19.51
ashe,vi,307,170.0,137.0,51.09,-6.09,-11.09
ashe,viego,307,170.0,137.0,51.09,-8.23,34.62
ashe,viktor,307,170.0,137.0,51.09,-1.09,-1.09
ashe,vladimir,307,170.0,137.0,51.09,-51.09,0.0
ashe,volibear,307,170.0,137.0,51.09,-51.09,0.0
ashe,wukong,307,170.0,137.0,51.09,-31.09,-1.09
ashe,xayah,307,170.0,137.0,51.09,0.0,-1.09
ashe,xin zhao,307,170.0,137.0,51.09,-4.03,-8.23
ashe,yone,307,170.0,137.0,51.09,-9.91,15.58
ashe,yorick,307,170.0,137.0,51.09,-1.09,48.91
ashe,yuumi,307,170.0,137.0,51.09,0.0,48.91
ashe,zeri,307,170.0,137.0,51.09,-51.09,48.91
ashe,ziggs,307,170.0,137.0,51.09,0.0,23.91
ashe,zilean,307,170.0,137.0,51.09,0.0,-1.09
ashe,zoe,307,170.0,137.0,51.09,48.91,0.0
ashe,zyra,307,170.0,137.0,51.09,-8.23,23.91
kindred,aatrox,44,24.0,20.0,35.0,0.0,-35.0
kindred,ahri,44,24.0,20.0,35.0,0.0,-35.0
kindred,akali,44,24.0,20.0,35.0,-35.0,0.0
kindred,alistar,44,24.0,20.0,35.0,-10.0,15.0
kindred,ambessa,44,24.0,20.0,35.0,65.0,65.0
kindred,annie,44,24.0,20.0,35.0,65.0,15.0
kindred,ashe,44,24.0,20.0,35.0,-35.0,65.0
kindred,aurora,44,24.0,20.0,35.0,15.0,-35.0
kindred,azir,44,24.0,20.0,35.0,-35.0,65.0
kindred,bard,44,24.0,20.0,35.0,-35.0,15.0
kindred,blitzcrank,44,24.0,20.0,35.0,0.0,-35.0
kindred,braum,44,24.0,20.0,35.0,31.67,-1.67
kindred,camille,44,24.0,20.0,35.0,-35.0,0.0
kindred,cassiopeia,44,24.0,20.0,35.0,0.0,-35.0
kindred,corki,44,24.0,20.0,35.0,-35.0,31.67
kindred,ezreal,44,24.0,20.0,35.0,-35.0,-35.0
kindred,galio,44,24.0,20.0,35.0,-20.71,0.0
kindred,gnar,44,24.0,20.0,35.0,0.0,15.0
kindred,gragas,44,24.0,20.0,35.0,-35.0,-35.0
kindred,jarvan iv,44,24.0,20.0,35.0,0.0,-35.0
kindred,jax,44,24.0,20.0,35.0,15.0,0.0
kindred,jayce,44,24.0,20.0,35.0,-35.0,-35.0
kindred,jhin,44,24.0,20.0,35.0,0.0,-1.67
kindred,jinx,44,24.0,20.0,35.0,65.0,15.0
kindred,kaisa,44,24.0,20.0,35.0,0.0,15.0
kindred,kalista,44,24.0,20.0,35.0,-35.0,0.0
kindred,karma,44,24.0,20.0,35.0,0.0,-35.0
kindred,ksante,44,24.0,20.0,35.0,-35.0,25.0
kindred,lee sin,44,24.0,20.0,35.0,-35.0,0.0
kindred,leona,44,24.0,20.0,35.0,-35.0,15.0
kindred,lissandra,44,24.0,20.0,35.0,0.0,65.0
kindred,lucian,44,24.0,20.0,35.0,31.67,-35.0
kindred,miss fortune,44,24.0,20.0,35.0,0.0,-1.67
kindred,naafiri,44,24.0,20.0,35.0,0.0,-35.0
kindred,nautilus,44,24.0,20.0,35.0,-10.0,65.0
kindred,nidalee,44,24.0,20.0,35.0,0.0,-1.67
kindred,nocturne,44,24.0,20.0,35.0,0.0,15.0
kindred,orianna,44,24.0,20.0,35.0,-35.0,65.0
kindred,ornn,44,24.0,20.0,35.0,-35.0,-35.0
kindred,pantheon,44,24.0,20.0,35.0,0.0,-35.0
kindred,poppy,44,24.0,20.0,35.0,0.0,-35.0
kindred,rakan,44,24.0,20.0,35.0,15.0,65.0
kindred,rell,44,24.0,20.0,35.0,31.67,-35.0
kindred,renata glasc,44,24.0,20.0,35.0,-35.0,65.0
kindred,renekton,44,24.0,20.0,35.0,65.0,-1.67
kindred,rumble,44,24.0,20.0,35.0,15.0,0.0
kindred,ryze,44,24.0,20.0,35.0,15.0,15.0
kindred,senna,44,24.0,20.0,35.0,-35.0,-35.0
kindred,sion,44,24.0,20.0,35.0,-35.0,-35.0
kindred,sivir,44,24.0,20.0,35.0,65.0,0.0
kindred,smolder,44,24.0,20.0,35.0,-35.0,-35.0
kindred,swain,44,24.0,20.0,35.0,65.0,-35.0
kindred,sylas,44,24.0,20.0,35.0,0.0,15.0
kindred,syndra,44,24.0,20.0,35.0,0.0,-35.0
kindred,taliyah,44,24.0,20.0,35.0,15.0,-35.0
kindred,trundle,44,24.0,20.0,35.0,0.0,15.0
kindred,udyr,44,24.0,20.0,35.0,15.0,0.0
kindred,varus,44,24.0,20.0,35.0,-1.67,-35.0
kindred,vi,44,24.0,20.0,35.0,0.0,-1.67
kindred,viego,44,24.0,20.0,35.0,0.0,15.0
kindred,viktor,44,24.0,20.0,35.0,15.0,0.0
kindred,vladimir,44,24.0,20.0,35.0,0.0,-35.0
kindred,xayah,44,24.0,20.0,35.0,-1.67,65.0
kindred,xin zhao,44,24.0,20.0,35.0,0.0,15.0
kindred,yone,44,24.0,20.0,35.0,0.0,-35.0
kindred,yorick,44,24.0,20.0,35.0,65.0,15.0
kindred,zed,44,24.0,20.0,35.0,0.0,15.0
kindred,ziggs,44,24.0,20.0,35.0,65.0,0.0
gragas,aatrox,107,29.0,78.0,50.0,-16.67,0.0
gragas,ahri,107,29.0,78.0,50.0,0.0,7.14
gragas,akali,107,29.0,78.0,50.0,-50.0,0.0
gragas,alistar,107,29.0,78.0,50.0,0.0,-13.64
gragas,ambessa,107,29.0,78.0,50.0,-16.67,0.0
gragas,anivia,107,29.0,78.0,50.0,0.0,-50.0
gragas,annie,107,29.0,78.0,50.0,50.0,50.0
gragas,aphelios,107,29.0,78.0,50.0,50.0,0.0
gragas,ashe,107,29.0,78.0,50.0,-16.67,50.0
gragas,aurelion sol,107,29.0,78.0,50.0,50.0,-50.0
gragas,aurora,107,29.0,78.0,50.0,-16.67,10.0
gragas,azir,107,29.0,78.0,50.0,7.14,-10.0
gragas,bard,107,29.0,78.0,50.0,0.0,-16.67
gragas,blitzcrank,107,29.0,78.0,50.0,0.0,-50.0
gragas,brand,107,29.0,78.0,50.0,0.0,0.0
gragas,braum,107,29.0,78.0,50.0,33.33,16.67
gragas,caitlyn,107,29.0,78.0,50.0,0.0,-50.0
gragas,camille,107,29.0,78.0,50.0,50.0,-25.0
gragas,cassiopeia,107,29.0,78.0,50.0,-50.0,0.0
gragas,chogath,107,29.0,78.0,50.0,-50.0,-50.0
gragas,corki,107,29.0,78.0,50.0,-10.0,10.0
gragas,draven,107,29.0,78.0,50.0,50.0,50.0
gragas,elise,107,29.0,78.0,50.0,0.0,-25.0
gragas,ezreal,107,29.0,78.0,50.0,-21.43,8.33
gragas,galio,107,29.0,78.0,50.0,0.0,0.0
gragas,gnar,107,29.0,78.0,50.0,-50.0,0.0
gragas,gwen,107,29.0,78.0,50.0,-50.0,30.0
gragas,hwei,107,29.0,78.0,50.0,50.0,0.0
gragas,ivern,107,29.0,78.0,50.0,0.0,-50.0
gragas,jarvan iv,107,29.0,78.0,50.0,16.67,-50.0
gragas,jax,107,29.0,78.0,50.0,16.67,-7.89
gragas,jayce,107,29.0,78.0,50.0,50.0,0.0
gragas,jhin,107,29.0,78.0,50.0,-16.67,0.0
gragas,jinx,107,29.0,78.0,50.0,50.0,-50.0
gragas,kaisa,107,29.0,78.0,50.0,21.43,-16.67
gragas,kalista,107,29.0,78.0,50.0,21.43,50.0
gragas,karma,107,29.0,78.0,50.0,50.0,50.0
gragas,kassadin,107,29.0,78.0,50.0,0.0,-50.0
gragas,kennen,107,29.0,78.0,50.0,0.0,0.0
gragas,kindred,107,29.0,78.0,50.0,-50.0,50.0
gragas,kled,107,29.0,78.0,50.0,-50.0,0.0
gragas,ksante,107,29.0,78.0,50.0,0.0,16.67
gragas,lee sin,107,29.0,78.0,50.0,50.0,0.0
gragas,leona,107,29.0,78.0,50.0,-33.33,12.5
gragas,lillia,107,29.0,78.0,50.0,0.0,0.0
gragas,lucian,107,29.0,78.0,50.0,16.67,16.67
gragas,lulu,107,29.0,78.0,50.0,50.0,0.0
gragas,maokai,107,29.0,78.0,50.0,0.0,0.0
gragas,mel,107,29.0,78.0,50.0,0.0,0.0
gragas,miss fortune,107,29.0,78.0,50.0,-8.33,-10.0
gragas,mordekaiser,107,29.0,78.0,50.0,0.0,-50.0
gragas,naafiri,107,29.0,78.0,50.0,-25.0,30.0
gragas,nami,107,29.0,78.0,50.0,50.0,0.0
gragas,nautilus,107,29.0,78.0,50.0,0.0,7.14
gragas,neeko,107,29.0,78.0,50.0,10.0,-50.0
gragas,nidalee,107,29.0,78.0,50.0,50.0,-25.0
gragas,nocturne,107,29.0,78.0,50.0,-10.0,16.67
gragas,olaf,107,29.0,78.0,50.0,0.0,16.67
gragas,orianna,107,29.0,78.0,50.0,-21.43,10.0
gragas,pantheon,107,29.0,78.0,50.0,-7.14,-8.33
gragas,poppy,107,29.0,78.0,50.0,25.0,-5.56
gragas,pyke,107,29.0,78.0,50.0,-50.0,0.0
gragas,qiyana,107,29.0,78.0,50.0,-50.0,0.0
gragas,rakan,107,29.0,78.0,50.0,-21.43,16.67
gragas,reksai,107,29.0,78.0,50.0,-50.0,0.0
gragas,rell,107,29.0,78.0,50.0,-10.0,-5.56
gragas,renata glasc,107,29.0,78.0,50.0,0.0,50.0
gragas,renekton,107,29.0,78.0,50.0,50.0,22.73
gragas,rumble,107,29.0,78.0,50.0,-50.0,16.67
gragas,ryze,107,29.0,78.0,50.0,33.33,-50.0
gragas,sejuani,107,29.0,78.0,50.0,0.0,12.5
gragas,senna,107,29.0,78.0,50.0,16.67,50.0
gragas,shen,107,29.0,78.0,50.0,-50.0,50.0
gragas,sion,107,29.0,78.0,50.0,50.0,16.67
gragas,sivir,107,29.0,78.0,50.0,-50.0,0.0
gragas,skarner,107,29.0,78.0,50.0,0.0,-50.0
gragas,smolder,107,29.0,78.0,50.0,-50.0,0.0
gragas,swain,107,29.0,78.0,50.0,50.0,-50.0
gragas,sylas,107,29.0,78.0,50.0,-50.0,0.0
gragas,syndra,107,29.0,78.0,50.0,50.0,0.0
gragas,taliyah,107,29.0,78.0,50.0,-33.33,-10.0
gragas,thresh,107,29.0,78.0,50.0,50.0,50.0
gragas,tristana,107,29.0,78.0,50.0,0.0,-16.67
gragas,trundle,107,29.0,78.0,50.0,10.0,0.0
gragas,twisted fate,107,29.0,78.0,50.0,-50.0,50.0
gragas,udyr,107,29.0,78.0,50.0,0.0,-50.0
gragas,varus,107,29.0,78.0,50.0,21.43,-11.54
gragas,vi,107,29.0,78.0,50.0,0.0,50.0
gragas,viego,107,29.0,78.0,50.0,50.0,50.0
gragas,viktor,107,29.0,78.0,50.0,0.0,-25.0
gragas,vladimir,107,29.0,78.0,50.0,0.0,-50.0
gragas,volibear,107,29.0,78.0,50.0,0.0,50.0
gragas,wukong,107,29.0,78.0,50.0,-10.0,0.0
gragas,xayah,107,29.0,78.0,50.0,0.0,16.67
gragas,xin zhao,107,29.0,78.0,50.0,7.14,-30.0
gragas,yasuo,107,29.0,78.0,50.0,-50.0,50.0
gragas,yone,107,29.0,78.0,50.0,25.0,25.0
gragas,yorick,107,29.0,78.0,50.0,0.0,-50.0
gragas,yunara,107,29.0,78.0,50.0,-50.0,0.0
gragas,yuumi,107,29.0,78.0,50.0,-50.0,0.0
gragas,zed,107,29.0,78.0,50.0,-50.0,16.67
gragas,zeri,107,29.0,78.0,50.0,0.0,-50.0
gragas,ziggs,107,29.0,78.0,50.0,0.0,50.0
gragas,zyra,107,29.0,78.0,50.0,-16.67,50.0
ziggs,aatrox,186,101.0,85.0,48.24,-19.67,11.76
ziggs,ahri,186,101.0,85.0,48.24,-14.91,1.76
ziggs,akali,186,101.0,85.0,48.24,-48.24,-10.74
ziggs,alistar,186,101.0,85.0,48.24,1.76,-8.24
ziggs,ambessa,186,101.0,85.0,48.24,-6.13,-14.91
ziggs,anivia,186,101.0,85.0,48.24,0.0,-48.24
ziggs,annie,186,101.0,85.0,48.24,51.76,18.43
ziggs,aphelios,186,101.0,85.0,48.24,0.0,51.76
ziggs,ashe,186,101.0,85.0,48.24,0.0,-23.24
ziggs,aurora,186,101.0,85.0,48.24,11.76,6.31
ziggs,azir,186,101.0,85.0,48.24,0.0,7.32
ziggs,bard,186,101.0,85.0,48.24,1.76,31.76
ziggs,blitzcrank,186,101.0,85.0,48.24,0.0,51.76
ziggs,braum,186,101.0,85.0,48.24,18.43,4.39
ziggs,caitlyn,186,101.0,85.0,48.24,0.0,-48.24
ziggs,camille,186,101.0,85.0,48.24,-14.91,-23.24
ziggs,cassiopeia,186,101.0,85.0,48.24,0.0,-48.24
ziggs,corki,186,101.0,85.0,48.24,14.26,1.76
ziggs,draven,186,101.0,85.0,48.24,0.0,-48.24
ziggs,elise,186,101.0,85.0,48.24,0.0,1.76
ziggs,ezreal,186,101.0,85.0,48.24,-48.24,1.76
ziggs,galio,186,101.0,85.0,48.24,11.76,-8.24
ziggs,gangplank,186,101.0,85.0,48.24,0.0,-48.24
ziggs,gnar,186,101.0,85.0,48.24,18.43,11.76
ziggs,gragas,186,101.0,85.0,48.24,0.0,-48.24
ziggs,gwen,186,101.0,85.0,48.24,-48.24,18.43
ziggs,hwei,186,101.0,85.0,48.24,0.0,-48.24
ziggs,jarvan iv,186,101.0,85.0,48.24,26.76,-5.38
ziggs,jax,186,101.0,85.0,48.24,-10.74,1.76
ziggs,jayce,186,101.0,85.0,48.24,-8.24,26.76
ziggs,jhin,186,101.0,85.0,48.24,1.76,14.26
ziggs,jinx,186,101.0,85.0,48.24,-48.24,-23.24
ziggs,kaisa,186,101.0,85.0,48.24,0.0,-23.24
ziggs,kalista,186,101.0,85.0,48.24,-48.24,-28.24
ziggs,karma,186,101.0,85.0,48.24,0.0,1.76
ziggs,kayle,186,101.0,85.0,48.24,0.0,-48.24
ziggs,kennen,186,101.0,85.0,48.24,0.0,-48.24
ziggs,khazix,186,101.0,85.0,48.24,0.0,51.76
ziggs,kindred,186,101.0,85.0,48.24,51.76,0.0
ziggs,ksante,186,101.0,85.0,48.24,-19.67,-5.38
ziggs,leblanc,186,101.0,85.0,48.24,0.0,51.76
ziggs,lee sin,186,101.0,85.0,48.24,-48.24,-48.24
ziggs,leona,186,101.0,85.0,48.24,-4.76,7.32
ziggs,lillia,186,101.0,85.0,48.24,-23.24,-48.24
ziggs,lucian,186,101.0,85.0,48.24,-14.91,18.43
ziggs,maokai,186,101.0,85.0,48.24,1.76,23.19
ziggs,mel,186,101.0,85.0,48.24,0.0,-48.24
ziggs,miss fortune,186,101.0,85.0,48.24,0.0,11.76
ziggs,morgana,186,101.0,85.0,48.24,51.76,0.0
ziggs,mundo,186,101.0,85.0,48.24,0.0,1.76
ziggs,naafiri,186,101.0,85.0,48.24,-14.91,51.76
ziggs,nautilus,186,101.0,85.0,48.24,9.65,-14.91
ziggs,neeko,186,101.0,85.0,48.24,0.0,18.43
ziggs,nidalee,186,101.0,85.0,48.24,51.76,1.76
ziggs,nocturne,186,101.0,85.0,48.24,-14.91,18.43
ziggs,olaf,186,101.0,85.0,48.24,-48.24,1.76
ziggs,orianna,186,101.0,85.0,48.24,1.76,0.0
ziggs,ornn,186,101.0,85.0,48.24,26.76,-48.24
ziggs,pantheon,186,101.0,85.0,48.24,8.9,23.19
ziggs,poppy,186,101.0,85.0,48.24,-31.57,-19.67
ziggs,pyke,186,101.0,85.0,48.24,-48.24,-48.24
ziggs,qiyana,186,101.0,85.0,48.24,0.0,1.76
ziggs,rakan,186,101.0,85.0,48.24,1.76,-10.74
ziggs,reksai,186,101.0,85.0,48.24,51.76,0.0
ziggs,rell,186,101.0,85.0,48.24,23.19,-31.57
ziggs,renata glasc,186,101.0,85.0,48.24,-48.24,-18.24
ziggs,renekton,186,101.0,85.0,48.24,-10.74,-3.8
ziggs,rumble,186,101.0,85.0,48.24,51.76,26.76
ziggs,ryze,186,101.0,85.0,48.24,1.76,-8.24
ziggs,sejuani,186,101.0,85.0,48.24,-18.24,-2.79
ziggs,senna,186,101.0,85.0,48.24,0.0,-48.24
ziggs,sett,186,101.0,85.0,48.24,51.76,51.76
ziggs,shen,186,101.0,85.0,48.24,-14.91,18.43
ziggs,sion,186,101.0,85.0,48.24,37.47,35.09
ziggs,sivir,186,101.0,85.0,48.24,0.0,1.76
ziggs,skarner,186,101.0,85.0,48.24,1.76,-48.24
ziggs,smolder,186,101.0,85.0,48.24,-48.24,1.76
ziggs,swain,186,101.0,85.0,48.24,-48.24,0.0
ziggs,sylas,186,101.0,85.0,48.24,-48.24,1.76
ziggs,taliyah,186,101.0,85.0,48.24,11.76,51.76
ziggs,thresh,186,101.0,85.0,48.24,0.0,51.76
ziggs,tristana,186,101.0,85.0,48.24,1.76,-48.24
ziggs,trundle,186,101.0,85.0,48.24,26.76,18.43
ziggs,tryndamere,186,101.0,85.0,48.24,0.0,-48.24
ziggs,twisted fate,186,101.0,85.0,48.24,1.76,-48.24
ziggs,varus,186,101.0,85.0,48.24,51.76,11.76
ziggs,veigar,186,101.0,85.0,48.24,1.76,0.0
ziggs,vex,186,101.0,85.0,48.24,0.0,-48.24
ziggs,vi,186,101.0,85.0,48.24,18.43,-3.8
ziggs,viego,186,101.0,85.0,48.24,-8.24,1.76
ziggs,viktor,186,101.0,85.0,48.24,0.0,51.76
ziggs,volibear,186,101.0,85.0,48.24,1.76,0.0
ziggs,wukong,186,101.0,85.0,48.24,-5.38,1.76
ziggs,xayah,186,101.0,85.0,48.24,1.76,31.76
ziggs,xin zhao,186,101.0,85.0,48.24,-19.67,7.32
ziggs,yasuo,186,101.0,85.0,48.24,51.76,51.76
ziggs,yone,186,101.0,85.0,48.24,-18.24,7.32
ziggs,yorick,186,101.0,85.0,48.24,18.43,-14.91
ziggs,yunara,186,101.0,85.0,48.24,51.76,-48.24
ziggs,zac,186,101.0,85.0,48.24,0.0,1.76
ziggs,zed,186,101.0,85.0,48.24,51.76,0.0
ziggs,zeri,186,101.0,85.0,48.24,51.76,-14.91
ziggs,zilean,186,101.0,85.0,48.24,-48.24,0.0
ziggs,zoe,186,101.0,85.0,48.24,51.76,0.0
ziggs,zyra,186,101.0,85.0,48.24,-8.24,-14.91
orianna,aatrox,424,176.0,248.0,54.03,8.47,-0.18
orianna,ahri,424,176.0,248.0,54.03,0.0,20.97
orianna,akali,424,176.0,248.0,54.03,0.0,-14.03
orianna,alistar,424,176.0,248.0,54.03,2.38,-8.58
orianna,ambessa,424,176.0,248.0,54.03,-4.03,-8.2
orianna,annie,424,176.0,248.0,54.03,0.0,-10.7
orianna,aphelios,424,176.0,248.0,54.03,-4.03,20.97
orianna,ashe,424,176.0,248.0,54.03,-16.53,12.64
orianna,aurelion sol,424,176.0,248.0,54.03,0.0,-54.03
orianna,aurora,424,176.0,248.0,54.03,1.53,-15.93
orianna,azir,424,176.0,248.0,54.03,0.0,3.11
orianna,bard,424,176.0,248.0,54.03,22.44,15.2
orianna,blitzcrank,424,176.0,248.0,54.03,-4.03,-20.7
orianna,brand,424,176.0,248.0,54.03,0.0,45.97
orianna,braum,424,176.0,248.0,54.03,-9.03,-12.85
orianna,caitlyn,424,176.0,248.0,54.03,45.97,-14.03
orianna,camille,424,176.0,248.0,54.03,-20.7,-20.7
orianna,chogath,424,176.0,248.0,54.03,-4.03,-14.03
orianna,corki,424,176.0,248.0,54.03,7.08,-13.55
orianna,draven,424,176.0,248.0,54.03,0.0,-54.03
orianna,elise,424,176.0,248.0,54.03,-54.03,-4.03
orianna,ezreal,424,176.0,248.0,54.03,5.97,-1.09
orianna,galio,424,176.0,248.0,54.03,-4.03,-1.09
orianna,gangplank,424,176.0,248.0,54.03,12.64,0.0
orianna,garen,424,176.0,248.0,54.03,45.97,0.0
orianna,gnar,424,176.0,248.0,54.03,8.47,-4.03
orianna,gragas,424,176.0,248.0,54.03,-25.46,-14.03
orianna,gwen,424,176.0,248.0,54.03,-18.74,12.64
orianna,hwei,424,176.0,248.0,54.03,0.0,-54.03
orianna,jarvan iv,424,176.0,248.0,54.03,19.88,-9.59
orianna,jax,424,176.0,248.0,54.03,5.97,-4.03
orianna,jayce,424,176.0,248.0,54.03,31.68,2.22
orianna,jhin,424,176.0,248.0,54.03,-1.65,12.64
orianna,jinx,424,176.0,248.0,54.03,-4.03,-11.17
orianna,kaisa,424,176.0,248.0,54.03,3.66,3.11
orianna,kalista,424,176.0,248.0,54.03,-8.58,-16.53
orianna,karma,424,176.0,248.0,54.03,17.4,18.7
orianna,kassadin,424,176.0,248.0,54.03,0.0,12.64
orianna,kennen,424,176.0,248.0,54.03,45.97,0.0
orianna,kindred,424,176.0,248.0,54.03,-54.03,-54.03
orianna,kled,424,176.0,248.0,54.03,0.0,45.97
orianna,ksante,424,176.0,248.0,54.03,-1.65,3.86
orianna,leblanc,424,176.0,248.0,54.03,0.0,12.64
orianna,lee sin,424,176.0,248.0,54.03,45.97,5.97
orianna,leona,424,176.0,248.0,54.03,-8.58,4.3
orianna,lillia,424,176.0,248.0,54.03,12.64,-4.03
orianna,lucian,424,176.0,248.0,54.03,-7.88,-18.32
orianna,lulu,424,176.0,248.0,54.03,5.97,-9.59
orianna,maokai,424,176.0,248.0,54.03,-4.03,12.64
orianna,miss fortune,424,176.0,248.0,54.03,-15.57,20.97
orianna,mordekaiser,424,176.0,248.0,54.03,45.97,0.0
orianna,mundo,424,176.0,248.0,54.03,12.64,0.0
orianna,naafiri,424,176.0,248.0,54.03,-29.03,5.97
orianna,nami,424,176.0,248.0,54.03,-20.7,-54.03
orianna,nautilus,424,176.0,248.0,54.03,-6.97,5.06
orianna,neeko,424,176.0,248.0,54.03,5.97,4.3
orianna,nidalee,424,176.0,248.0,54.03,12.64,-29.03
orianna,nilah,424,176.0,248.0,54.03,0.0,-54.03
orianna,nocturne,424,176.0,248.0,54.03,0.02,25.97
orianna,olaf,424,176.0,248.0,54.03,45.97,45.97
orianna,ornn,424,176.0,248.0,54.03,-6.97,5.97
orianna,pantheon,424,176.0,248.0,54.03,8.83,5.06
orianna,poppy,424,176.0,248.0,54.03,8.47,-4.03
orianna,pyke,424,176.0,248.0,54.03,45.97,-54.03
orianna,qiyana,424,176.0,248.0,54.03,0.0,-54.03
orianna,rakan,424,176.0,248.0,54.03,2.64,-4.03
orianna,reksai,424,176.0,248.0,54.03,0.0,-54.03
orianna,rell,424,176.0,248.0,54.03,-4.03,8.13
orianna,renata glasc,424,176.0,248.0,54.03,9.61,17.4
orianna,renekton,424,176.0,248.0,54.03,9.61,7.51
orianna,rengar,424,176.0,248.0,54.03,0.0,45.97
orianna,rumble,424,176.0,248.0,54.03,5.35,-5.38
orianna,ryze,424,176.0,248.0,54.03,0.0,-5.64
orianna,sejuani,424,176.0,248.0,54.03,-9.59,4.79
orianna,senna,424,176.0,248.0,54.03,-4.03,-4.03
orianna,seraphine,424,176.0,248.0,54.03,-4.03,45.97
orianna,shen,424,176.0,248.0,54.03,-54.03,-4.03
orianna,sion,424,176.0,248.0,54.03,6.84,7.26
orianna,sivir,424,176.0,248.0,54.03,12.64,10.68
orianna,skarner,424,176.0,248.0,54.03,12.64,-37.36
orianna,smolder,424,176.0,248.0,54.03,-54.03,45.97
orianna,sylas,424,176.0,248.0,54.03,0.0,25.97
orianna,syndra,424,176.0,248.0,54.03,0.0,-29.03
orianna,tahm kench,424,176.0,248.0,54.03,-4.03,-4.03
orianna,taliyah,424,176.0,248.0,54.03,0.0,2.38
orianna,taric,424,176.0,248.0,54.03,-54.03,0.0
orianna,thresh,424,176.0,248.0,54.03,-20.7,0.0
orianna,tristana,424,176.0,248.0,54.03,-54.03,-4.03
orianna,trundle,424,176.0,248.0,54.03,7.51,-4.03
orianna,udyr,424,176.0,248.0,54.03,-54.03,0.0
orianna,varus,424,176.0,248.0,54.03,-2.03,5.23
orianna,vi,424,176.0,248.0,54.03,-15.57,-15.93
orianna,viego,424,176.0,248.0,54.03,-54.03,-4.03
orianna,viktor,424,176.0,248.0,54.03,0.0,21.73
orianna,wukong,424,176.0,248.0,54.03,-1.09,-12.36
orianna,xayah,424,176.0,248.0,54.03,4.3,16.56
orianna,xin zhao,424,176.0,248.0,54.03,-26.25,10.97
orianna,yasuo,424,176.0,248.0,54.03,-54.03,45.97
orianna,yone,424,176.0,248.0,54.03,0.0,17.4
orianna,yorick,424,176.0,248.0,54.03,2.22,-4.03
orianna,yunara,424,176.0,248.0,54.03,23.75,5.97
orianna,yuumi,424,176.0,248.0,54.03,-20.7,45.97
orianna,zac,424,176.0,248.0,54.03,45.97,0.0
orianna,zed,424,176.0,248.0,54.03,-54.03,29.3
orianna,zeri,424,176.0,248.0,54.03,-14.03,-29.03
orianna,ziggs,424,176.0,248.0,54.03,-4.03,0.0
orianna,zyra,424,176.0,248.0,54.03,0.0,45.97
nidalee,aatrox,233,124.0,109.0,61.47,38.53,-61.47
nidalee,ahri,233,124.0,109.0,61.47,5.2,2.17
nidalee,akali,233,124.0,109.0,61.47,38.53,38.53
nidalee,alistar,233,124.0,109.0,61.47,2.17,-14.8
nidalee,ambessa,233,124.0,109.0,61.47,-32.9,-1.47
nidalee,annie,233,124.0,109.0,61.47,0.0,-28.14
nidalee,ashe,233,124.0,109.0,61.47,11.26,16.31
nidalee,aurora,233,124.0,109.0,61.47,21.86,5.2
nidalee,azir,233,124.0,109.0,61.47,-19.8,13.53
nidalee,bard,233,124.0,109.0,61.47,38.53,38.53
nidalee,blitzcrank,233,124.0,109.0,61.47,-28.14,0.0
nidalee,braum,233,124.0,109.0,61.47,-21.47,18.53
nidalee,caitlyn,233,124.0,109.0,61.47,-61.47,38.53
nidalee,camille,233,124.0,109.0,61.47,0.0,-28.14
nidalee,cassiopeia,233,124.0,109.0,61.47,38.53,0.0
nidalee,corki,233,124.0,109.0,61.47,-26.18,16.31
nidalee,draven,233,124.0,109.0,61.47,0.0,-11.47
nidalee,elise,233,124.0,109.0,61.47,-61.47,38.53
nidalee,ezreal,233,124.0,109.0,61.47,-8.53,2.82
nidalee,galio,233,124.0,109.0,61.47,-11.47,-11.47
nidalee,gnar,233,124.0,109.0,61.47,-11.47,18.53
nidalee,gragas,233,124.0,109.0,61.47,38.53,13.53
nidalee,gwen,233,124.0,109.0,61.47,38.53,21.86
nidalee,hwei,233,124.0,109.0,61.47,18.53,38.53
nidalee,irelia,233,124.0,109.0,61.47,0.0,38.53
nidalee,ivern,233,124.0,109.0,61.47,0.0,-61.47
nidalee,jarvan iv,233,124.0,109.0,61.47,-11.47,-11.47
nidalee,jax,233,124.0,109.0,61.47,18.53,9.96
nidalee,jayce,233,124.0,109.0,61.47,-1.47,-11.47
nidalee,jhin,233,124.0,109.0,61.47,-4.33,-5.91
nidalee,jinx,233,124.0,109.0,61.47,38.53,-61.47
nidalee,kaisa,233,124.0,109.0,61.47,16.31,-31.47
nidalee,kalista,233,124.0,109.0,61.47,18.53,-11.47
nidalee,karma,233,124.0,109.0,61.47,5.2,5.2
nidalee,karthus,233,124.0,109.0,61.47,0.0,-61.47
nidalee,kennen,233,124.0,109.0,61.47,0.0,38.53
nidalee,kindred,233,124.0,109.0,61.47,0.0,5.2
nidalee,ksante,233,124.0,109.0,61.47,-28.14,-3.14
nidalee,leblanc,233,124.0,109.0,61.47,-11.47,38.53
nidalee,lee sin,233,124.0,109.0,61.47,38.53,5.2
nidalee,leona,233,124.0,109.0,61.47,-4.8,-11.47
nidalee,lillia,233,124.0,109.0,61.47,0.0,16.31
nidalee,lucian,233,124.0,109.0,61.47,-1.47,-1.47
nidalee,lulu,233,124.0,109.0,61.47,0.0,38.53
nidalee,maokai,233,124.0,109.0,61.47,38.53,5.2
nidalee,mel,233,124.0,109.0,61.47,0.0,38.53
nidalee,miss fortune,233,124.0,109.0,61.47,-3.14,8.53
nidalee,mordekaiser,233,124.0,109.0,61.47,-61.47,0.0
nidalee,naafiri,233,124.0,109.0,61.47,38.53,-1.47
nidalee,nami,233,124.0,109.0,61.47,-11.47,0.0
nidalee,nautilus,233,124.0,109.0,61.47,-11.47,-25.76
nidalee,neeko,233,124.0,109.0,61.47,38.53,-28.14
nidalee,nilah,233,124.0,109.0,61.47,-61.47,0.0
nidalee,nocturne,233,124.0,109.0,61.47,38.53,5.2
nidalee,orianna,233,124.0,109.0,61.47,5.2,13.53
nidalee,ornn,233,124.0,109.0,61.47,13.53,-21.47
nidalee,pantheon,233,124.0,109.0,61.47,-1.47,9.96
nidalee,poppy,233,124.0,109.0,61.47,13.53,-25.11
nidalee,pyke,233,124.0,109.0,61.47,38.53,38.53
nidalee,rakan,233,124.0,109.0,61.47,-21.47,16.31
nidalee,reksai,233,124.0,109.0,61.47,0.0,-61.47
nidalee,rell,233,124.0,109.0,61.47,1.69,-3.14
nidalee,renata glasc,233,124.0,109.0,61.47,38.53,-11.47
nidalee,renekton,233,124.0,109.0,61.47,3.24,21.86
nidalee,rumble,233,124.0,109.0,61.47,38.53,-6.92
nidalee,ryze,233,124.0,109.0,61.47,-28.14,-31.47
nidalee,sejuani,233,124.0,109.0,61.47,-28.14,-7.62
nidalee,senna,233,124.0,109.0,61.47,38.53,38.53
nidalee,seraphine,233,124.0,109.0,61.47,-61.47,38.53
nidalee,sett,233,124.0,109.0,61.47,5.2,0.0
nidalee,shen,233,124.0,109.0,61.47,0.0,38.53
nidalee,sion,233,124.0,109.0,61.47,-1.47,5.2
nidalee,sivir,233,124.0,109.0,61.47,-61.47,38.53
nidalee,skarner,233,124.0,109.0,61.47,-11.47,18.53
nidalee,smolder,233,124.0,109.0,61.47,-61.47,-21.47
nidalee,soraka,233,124.0,109.0,61.47,-61.47,0.0
nidalee,sylas,233,124.0,109.0,61.47,21.86,18.53
nidalee,syndra,233,124.0,109.0,61.47,-61.47,0.0
nidalee,tahm kench,233,124.0,109.0,61.47,38.53,0.0
nidalee,taliyah,233,124.0,109.0,61.47,38.53,-5.91
nidalee,taric,233,124.0,109.0,61.47,0.0,38.53
nidalee,thresh,233,124.0,109.0,61.47,38.53,0.0
nidalee,tristana,233,124.0,109.0,61.47,9.96,-28.14
nidalee,trundle,233,124.0,109.0,61.47,38.53,-11.47
nidalee,tryndamere,233,124.0,109.0,61.47,38.53,0.0
nidalee,twisted fate,233,124.0,109.0,61.47,0.0,-61.47
nidalee,twitch,233,124.0,109.0,61.47,0.0,38.53
nidalee,udyr,233,124.0,109.0,61.47,-11.47,38.53
nidalee,varus,233,124.0,109.0,61.47,10.75,9.96
nidalee,vayne,233,124.0,109.0,61.47,0.0,-61.47
nidalee,vi,233,124.0,109.0,61.47,-61.47,-18.61
nidalee,viego,233,124.0,109.0,61.47,-61.47,-21.47
nidalee,viktor,233,124.0,109.0,61.47,-11.47,11.26
nidalee,vladimir,233,124.0,109.0,61.47,38.53,0.0
nidalee,wukong,233,124.0,109.0,61.47,-11.47,5.2
nidalee,xayah,233,124.0,109.0,61.47,-21.47,-1.47
nidalee,xin zhao,233,124.0,109.0,61.47,38.53,1.03
nidalee,yone,233,124.0,109.0,61.47,10.75,-15.32
nidalee,yorick,233,124.0,109.0,61.47,0.0,-1.47
nidalee,zed,233,124.0,109.0,61.47,38.53,0.0
nidalee,zeri,233,124.0,109.0,61.47,-11.47,38.53
nidalee,ziggs,233,124.0,109.0,61.47,38.53,-11.47
nidalee,zyra,233,124.0,109.0,61.47,0.0,13.53
zyra,aatrox,201,131.0,70.0,42.86,-42.86,57.14
zyra,ahri,201,131.0,70.0,42.86,57.14,-22.86
zyra,akali,201,131.0,70.0,42.86,-42.86,-42.86
zyra,alistar,201,131.0,70.0,42.86,7.14,-14.29
zyra,ambessa,201,131.0,70.0,42.86,7.14,-14.29
zyra,aphelios,201,131.0,70.0,42.86,0.0,57.14
zyra,ashe,201,131.0,70.0,42.86,0.0,-17.86
zyra,aurelion sol,201,131.0,70.0,42.86,0.0,-42.86
zyra,aurora,201,131.0,70.0,42.86,57.14,-5.36
zyra,azir,201,131.0,70.0,42.86,57.14,-26.19
zyra,bard,201,131.0,70.0,42.86,-42.86,-42.86
zyra,blitzcrank,201,131.0,70.0,42.86,-42.86,0.0
zyra,brand,201,131.0,70.0,42.86,0.0,57.14
zyra,braum,201,131.0,70.0,42.86,-9.53,-9.53
zyra,caitlyn,201,131.0,70.0,42.86,-17.86,7.14
zyra,camille,201,131.0,70.0,42.86,-9.53,-42.86
zyra,cassiopeia,201,131.0,70.0,42.86,0.0,-42.86
zyra,corki,201,131.0,70.0,42.86,-8.08,12.7
zyra,diana,201,131.0,70.0,42.86,0.0,57.14
zyra,draven,201,131.0,70.0,42.86,7.14,0.0
zyra,elise,201,131.0,70.0,42.86,57.14,0.0
zyra,ezreal,201,131.0,70.0,42.86,-6.5,-2.86
zyra,fiora,201,131.0,70.0,42.86,-42.86,0.0
zyra,galio,201,131.0,70.0,42.86,57.14,0.0
zyra,gangplank,201,131.0,70.0,42.86,57.14,-42.86
zyra,garen,201,131.0,70.0,42.86,0.0,57.14
zyra,gnar,201,131.0,70.0,42.86,7.14,7.14
zyra,gragas,201,131.0,70.0,42.86,-9.53,-42.86
zyra,gwen,201,131.0,70.0,42.86,0.0,-42.86
zyra,hwei,201,131.0,70.0,42.86,-42.86,-9.53
zyra,ivern,201,131.0,70.0,42.86,0.0,57.14
zyra,jax,201,131.0,70.0,42.86,-17.86,-2.86
zyra,jayce,201,131.0,70.0,42.86,-22.86,12.7
zyra,jhin,201,131.0,70.0,42.86,-26.19,7.14
zyra,jinx,201,131.0,70.0,42.86,7.14,-2.86
zyra,kaisa,201,131.0,70.0,42.86,23.81,-9.53
zyra,kalista,201,131.0,70.0,42.86,57.14,7.14
zyra,karma,201,131.0,70.0,42.86,0.0,7.14
zyra,karthus,201,131.0,70.0,42.86,0.0,-17.86
zyra,khazix,201,131.0,70.0,42.86,0.0,57.14
zyra,ksante,201,131.0,70.0,42.86,13.39,17.14
zyra,leblanc,201,131.0,70.0,42.86,0.0,57.14
zyra,lee sin,201,131.0,70.0,42.86,-42.86,0.0
zyra,leona,201,131.0,70.0,42.86,-21.43,3.29
zyra,lillia,201,131.0,70.0,42.86,0.0,23.81
zyra,lissandra,201,131.0,70.0,42.86,0.0,57.14
zyra,lucian,201,131.0,70.0,42.86,-42.86,57.14
zyra,lulu,201,131.0,70.0,42.86,-42.86,-42.86
zyra,lux,201,131.0,70.0,42.86,0.0,57.14
zyra,maokai,201,131.0,70.0,42.86,7.14,-17.86
zyra,miss fortune,201,131.0,70.0,42.86,7.14,-22.86
zyra,mundo,201,131.0,70.0,42.86,0.0,-42.86
zyra,nami,201,131.0,70.0,42.86,0.0,57.14
zyra,nautilus,201,131.0,70.0,42.86,2.59,23.81
zyra,neeko,201,131.0,70.0,42.86,57.14,-9.53
zyra,nidalee,201,131.0,70.0,42.86,0.0,-17.86
zyra,orianna,201,131.0,70.0,42.86,0.0,-42.86
zyra,ornn,201,131.0,70.0,42.86,-9.53,17.14
zyra,pantheon,201,131.0,70.0,42.86,-42.86,-17.86
zyra,poppy,201,131.0,70.0,42.86,57.14,-22.86
zyra,pyke,201,131.0,70.0,42.86,-42.86,7.14
zyra,quinn,201,131.0,70.0,42.86,-42.86,0.0
zyra,rakan,201,131.0,70.0,42.86,17.14,14.28
zyra,rell,201,131.0,70.0,42.86,14.28,-1.19
zyra,renata glasc,201,131.0,70.0,42.86,57.14,23.81
zyra,renekton,201,131.0,70.0,42.86,23.81,1.58
zyra,rumble,201,131.0,70.0,42.86,0.0,-5.36
zyra,ryze,201,131.0,70.0,42.86,-42.86,-9.53
zyra,sejuani,201,131.0,70.0,42.86,0.0,12.7
zyra,senna,201,131.0,70.0,42.86,-42.86,7.14
zyra,sett,201,131.0,70.0,42.86,57.14,0.0
zyra,shen,201,131.0,70.0,42.86,-42.86,57.14
zyra,sion,201,131.0,70.0,42.86,-28.57,-42.86
zyra,sivir,201,131.0,70.0,42.86,57.14,57.14
zyra,skarner,201,131.0,70.0,42.86,0.0,-2.86
zyra,smolder,201,131.0,70.0,42.86,-2.86,7.14
zyra,sylas,201,131.0,70.0,42.86,7.14,-42.86
zyra,tahm kench,201,131.0,70.0,42.86,0.0,-42.86
zyra,taliyah,201,131.0,70.0,42.86,32.14,32.14
zyra,tristana,201,131.0,70.0,42.86,-28.57,57.14
zyra,trundle,201,131.0,70.0,42.86,0.0,-42.86
zyra,udyr,201,131.0,70.0,42.86,-42.86,0.0
zyra,varus,201,131.0,70.0,42.86,32.14,3.29
zyra,vi,201,131.0,70.0,42.86,0.0,14.28
zyra,viego,201,131.0,70.0,42.86,0.0,-9.53
zyra,viktor,201,131.0,70.0,42.86,-9.53,28.57
zyra,wukong,201,131.0,70.0,42.86,0.0,-9.53
zyra,xayah,201,131.0,70.0,42.86,-9.53,57.14
zyra,xin zhao,201,131.0,70.0,42.86,0.0,-42.86
zyra,yasuo,201,131.0,70.0,42.86,23.81,57.14
zyra,yone,201,131.0,70.0,42.86,18.68,-6.5
zyra,yorick,201,131.0,70.0,42.86,0.0,-42.86
zyra,yunara,201,131.0,70.0,42.86,57.14,0.0
zyra,zeri,201,131.0,70.0,42.86,-42.86,0.0
zyra,ziggs,201,131.0,70.0,42.86,-2.86,23.81
viktor,aatrox,458,195.0,263.0,42.97,-0.11,4.09
viktor,ahri,458,195.0,263.0,42.97,0.0,23.7
viktor,akali,458,195.0,263.0,42.97,0.0,-2.97
viktor,alistar,458,195.0,263.0,42.97,9.2,-14.84
viktor,ambessa,458,195.0,263.0,42.97,-4.08,9.41
viktor,annie,458,195.0,263.0,42.97,0.0,-0.11
viktor,aphelios,458,195.0,263.0,42.97,7.03,23.7
viktor,ashe,458,195.0,263.0,42.97,7.03,7.03
viktor,aurelion sol,458,195.0,263.0,42.97,0.0,7.03
viktor,aurora,458,195.0,263.0,42.97,-9.64,5.68
viktor,azir,458,195.0,263.0,42.97,0.0,-11.72
viktor,bard,458,195.0,263.0,42.97,-30.47,12.59
viktor,blitzcrank,458,195.0,263.0,42.97,1.47,-42.97
viktor,brand,458,195.0,263.0,42.97,0.0,57.03
viktor,braum,458,195.0,263.0,42.97,-6.13,9.97
viktor,caitlyn,458,195.0,263.0,42.97,17.03,-26.3
viktor,camille,458,195.0,263.0,42.97,-42.97,-42.97
viktor,cassiopeia,458,195.0,263.0,42.97,0.0,-42.97
viktor,chogath,458,195.0,263.0,42.97,-9.64,23.7
viktor,corki,458,195.0,263.0,42.97,-16.65,3.7
viktor,draven,458,195.0,263.0,42.97,7.03,-42.97
viktor,ekko,458,195.0,263.0,42.97,0.0,-42.97
viktor,elise,458,195.0,263.0,42.97,-9.64,-0.11
viktor,ezreal,458,195.0,263.0,42.97,8.64,16.12
viktor,fiora,458,195.0,263.0,42.97,-42.97,-42.97
viktor,galio,458,195.0,263.0,42.97,57.03,-16.65
viktor,gangplank,458,195.0,263.0,42.97,-42.97,57.03
viktor,garen,458,195.0,263.0,42.97,0.0,-42.97
viktor,gnar,458,195.0,263.0,42.97,4.4,-14.4
viktor,gragas,458,195.0,263.0,42.97,7.03,32.03
viktor,gwen,458,195.0,263.0,42.97,14.17,-1.3
viktor,hecarim,458,195.0,263.0,42.97,0.0,-42.97
viktor,hwei,458,195.0,263.0,42.97,0.0,14.17
viktor,ivern,458,195.0,263.0,42.97,-17.97,-9.64
viktor,jarvan iv,458,195.0,263.0,42.97,-9.64,9.66
viktor,jax,458,195.0,263.0,42.97,-7.68,7.03
viktor,jayce,458,195.0,263.0,42.97,-1.03,-7.97
viktor,jhin,458,195.0,263.0,42.97,-10.83,-1.3
viktor,jinx,458,195.0,263.0,42.97,7.03,23.7
viktor,kaisa,458,195.0,263.0,42.97,15.85,2.03
viktor,kalista,458,195.0,263.0,42.97,-14.4,-0.11
viktor,karma,458,195.0,263.0,42.97,7.03,-0.11
viktor,kassadin,458,195.0,263.0,42.97,0.0,-17.97
viktor,kennen,458,195.0,263.0,42.97,7.03,-9.64
viktor,kindred,458,195.0,263.0,42.97,7.03,0.0
viktor,kog,458,195.0,263.0,42.97,57.03,0.0
viktor,ksante,458,195.0,263.0,42.97,10.88,-5.83
viktor,leblanc,458,195.0,263.0,42.97,0.0,57.03
viktor,lee sin,458,195.0,263.0,42.97,-42.97,-42.97
viktor,leona,458,195.0,263.0,42.97,7.03,5.18
viktor,lillia,458,195.0,263.0,42.97,32.03,32.03
viktor,lucian,458,195.0,263.0,42.97,-4.08,-2.97
viktor,lulu,458,195.0,263.0,42.97,7.03,-0.11
viktor,maokai,458,195.0,263.0,42.97,12.59,7.03
viktor,mel,458,195.0,263.0,42.97,0.0,57.03
viktor,milio,458,195.0,263.0,42.97,-42.97,57.03
viktor,miss fortune,458,195.0,263.0,42.97,-13.94,-2.06
viktor,mordekaiser,458,195.0,263.0,42.97,7.03,0.0
viktor,morgana,458,195.0,263.0,42.97,-42.97,57.03
viktor,mundo,458,195.0,263.0,42.97,57.03,7.03
viktor,naafiri,458,195.0,263.0,42.97,14.17,21.32
viktor,nami,458,195.0,263.0,42.97,-17.97,57.03
viktor,nautilus,458,195.0,263.0,42.97,-1.3,-2.06
viktor,neeko,458,195.0,263.0,42.97,-11.72,-22.97
viktor,nidalee,458,195.0,263.0,42.97,7.03,-15.7
viktor,nilah,458,195.0,263.0,42.97,57.03,0.0
viktor,nocturne,458,195.0,263.0,42.97,-5.47,-4.51
viktor,olaf,458,195.0,263.0,42.97,-42.97,7.03
viktor,orianna,458,195.0,263.0,42.97,0.0,-18.73
viktor,ornn,458,195.0,263.0,42.97,-0.11,-4.51
viktor,pantheon,458,195.0,263.0,42.97,2.19,-6.97
viktor,poppy,458,195.0,263.0,42.97,15.65,-13.56
viktor,pyke,458,195.0,263.0,42.97,-42.97,0.0
viktor,qiyana,458,195.0,263.0,42.97,-42.97,57.03
viktor,rakan,458,195.0,263.0,42.97,0.51,8.64
viktor,reksai,458,195.0,263.0,42.97,0.0,7.03
viktor,rell,458,195.0,263.0,42.97,3.18,5.87
viktor,renata glasc,458,195.0,263.0,42.97,-2.97,3.18
viktor,renekton,458,195.0,263.0,42.97,11.2,15.85
viktor,rengar,458,195.0,263.0,42.97,-42.97,0.0
viktor,rumble,458,195.0,263.0,42.97,7.03,7.03
viktor,ryze,458,195.0,263.0,42.97,57.03,-0.11
viktor,sejuani,458,195.0,263.0,42.97,-18.65,2.03
viktor,senna,458,195.0,263.0,42.97,-9.64,-12.97
viktor,seraphine,458,195.0,263.0,42.97,0.0,7.03
viktor,sett,458,195.0,263.0,42.97,0.0,-42.97
viktor,shen,458,195.0,263.0,42.97,-2.97,57.03
viktor,sion,458,195.0,263.0,42.97,-6.3,-11.15
viktor,sivir,458,195.0,263.0,42.97,-0.11,-12.97
viktor,skarner,458,195.0,263.0,42.97,-9.64,-17.97
viktor,smolder,458,195.0,263.0,42.97,7.03,37.03
viktor,soraka,458,195.0,263.0,42.97,0.0,7.03
viktor,swain,458,195.0,263.0,42.97,0.0,-42.97
viktor,sylas,458,195.0,263.0,42.97,0.0,10.88
viktor,tahm kench,458,195.0,263.0,42.97,32.03,7.03
viktor,taliyah,458,195.0,263.0,42.97,0.0,7.03
viktor,thresh,458,195.0,263.0,42.97,57.03,-2.97
viktor,tristana,458,195.0,263.0,42.97,57.03,-9.64
viktor,trundle,458,195.0,263.0,42.97,-7.26,-5.47
viktor,tryndamere,458,195.0,263.0,42.97,0.0,57.03
viktor,twisted fate,458,195.0,263.0,42.97,0.0,7.03
viktor,twitch,458,195.0,263.0,42.97,57.03,0.0
viktor,udyr,458,195.0,263.0,42.97,-42.97,-42.97
viktor,urgot,458,195.0,263.0,42.97,0.0,57.03
viktor,varus,458,195.0,263.0,42.97,-2.23,-1.79
viktor,vayne,458,195.0,263.0,42.97,0.0,57.03
viktor,veigar,458,195.0,263.0,42.97,0.0,-42.97
viktor,vi,458,195.0,263.0,42.97,21.32,20.19
viktor,viego,458,195.0,263.0,42.97,-17.97,7.03
viktor,vladimir,458,195.0,263.0,42.97,0.0,-42.97
viktor,volibear,458,195.0,263.0,42.97,-42.97,57.03
viktor,wukong,458,195.0,263.0,42.97,-0.86,5.42
viktor,xayah,458,195.0,263.0,42.97,2.48,-1.79
viktor,xerath,458,195.0,263.0,42.97,0.0,57.03
viktor,xin zhao,458,195.0,263.0,42.97,17.5,-12.97
viktor,yasuo,458,195.0,263.0,42.97,0.0,23.7
viktor,yone,458,195.0,263.0,42.97,-42.97,0.78
viktor,yorick,458,195.0,263.0,42.97,-19.16,17.03
viktor,yunara,458,195.0,263.0,42.97,-42.97,-42.97
viktor,zac,458,195.0,263.0,42.97,0.0,-42.97
viktor,zed,458,195.0,263.0,42.97,57.03,-9.64
viktor,zeri,458,195.0,263.0,42.97,20.67,-2.97
viktor,ziggs,458,195.0,263.0,42.97,0.0,-42.97
viktor,zilean,458,195.0,263.0,42.97,-42.97,0.0
viktor,zoe,458,195.0,263.0,42.97,0.0,-42.97
viktor,zyra,458,195.0,263.0,42.97,-9.64,-14.4
renata glasc,aatrox,371,191.0,180.0,48.89,31.11,1.11
renata glasc,ahri,371,191.0,180.0,48.89,-31.24,-10.43
renata glasc,akali,371,191.0,180.0,48.89,21.11,1.11
renata glasc,alistar,371,191.0,180.0,48.89,0.0,15.82
renata glasc,ambessa,371,191.0,180.0,48.89,-13.41,13.01
renata glasc,amumu,371,191.0,180.0,48.89,51.11,0.0
renata glasc,anivia,371,191.0,180.0,48.89,51.11,51.11
renata glasc,annie,371,191.0,180.0,48.89,22.54,11.11
renata glasc,aphelios,371,191.0,180.0,48.89,-15.56,1.11
renata glasc,ashe,371,191.0,180.0,48.89,-1.27,-12.53
renata glasc,aurelion sol,371,191.0,180.0,48.89,1.11,0.0
renata glasc,aurora,371,191.0,180.0,48.89,-5.14,1.11
renata glasc,azir,371,191.0,180.0,48.89,3.49,9.93
renata glasc,bard,371,191.0,180.0,48.89,0.0,11.11
renata glasc,blitzcrank,371,191.0,180.0,48.89,0.0,-48.89
renata glasc,brand,371,191.0,180.0,48.89,0.0,51.11
renata glasc,braum,371,191.0,180.0,48.89,0.0,-8.89
renata glasc,caitlyn,371,191.0,180.0,48.89,51.11,1.11
renata glasc,camille,371,191.0,180.0,48.89,51.11,-48.89
renata glasc,cassiopeia,371,191.0,180.0,48.89,0.0,1.11
renata glasc,chogath,371,191.0,180.0,48.89,-48.89,17.78
renata glasc,corki,371,191.0,180.0,48.89,-34.6,3.28
renata glasc,draven,371,191.0,180.0,48.89,-48.89,-23.89
renata glasc,elise,371,191.0,180.0,48.89,0.0,1.11
renata glasc,ezreal,371,191.0,180.0,48.89,0.0,-6.78
renata glasc,fiora,371,191.0,180.0,48.89,-48.89,0.0
renata glasc,galio,371,191.0,180.0,48.89,5.66,11.11
renata glasc,gnar,371,191.0,180.0,48.89,-11.39,23.84
renata glasc,gragas,371,191.0,180.0,48.89,1.11,-48.89
renata glasc,gwen,371,191.0,180.0,48.89,-2.74,-20.32
renata glasc,hwei,371,191.0,180.0,48.89,1.11,51.11
renata glasc,ivern,371,191.0,180.0,48.89,0.0,1.11
renata glasc,jarvan iv,371,191.0,180.0,48.89,26.11,1.11
renata glasc,jax,371,191.0,180.0,48.89,5.66,26.11
renata glasc,jayce,371,191.0,180.0,48.89,13.61,1.11
renata glasc,jhin,371,191.0,180.0,48.89,-48.89,-10.43
renata glasc,jinx,371,191.0,180.0,48.89,51.11,1.11
renata glasc,kaisa,371,191.0,180.0,48.89,51.11,-6.03
renata glasc,kalista,371,191.0,180.0,48.89,4.6,-15.56
renata glasc,karma,371,191.0,180.0,48.89,0.0,-7.71
renata glasc,kayle,371,191.0,180.0,48.89,0.0,-48.89
renata glasc,kennen,371,191.0,180.0,48.89,31.11,51.11
renata glasc,kindred,371,191.0,180.0,48.89,-48.89,-48.89
renata glasc,kog,371,191.0,180.0,48.89,-48.89,0.0
renata glasc,ksante,371,191.0,180.0,48.89,1.11,4.44
renata glasc,leblanc,371,191.0,180.0,48.89,0.0,1.11
renata glasc,lee sin,371,191.0,180.0,48.89,1.11,51.11
renata glasc,leona,371,191.0,180.0,48.89,0.0,14.75
renata glasc,lillia,371,191.0,180.0,48.89,26.11,-48.89
renata glasc,lissandra,371,191.0,180.0,48.89,0.0,-48.89
renata glasc,lucian,371,191.0,180.0,48.89,0.0,1.11
renata glasc,lulu,371,191.0,180.0,48.89,0.0,1.11
renata glasc,maokai,371,191.0,180.0,48.89,-32.22,-6.03
renata glasc,milio,371,191.0,180.0,48.89,0.0,51.11
renata glasc,miss fortune,371,191.0,180.0,48.89,51.11,34.44
renata glasc,mordekaiser,371,191.0,180.0,48.89,-48.89,0.0
renata glasc,naafiri,371,191.0,180.0,48.89,6.67,-2.74
renata glasc,nami,371,191.0,180.0,48.89,0.0,1.11
renata glasc,nautilus,371,191.0,180.0,48.89,0.0,1.11
renata glasc,neeko,371,191.0,180.0,48.89,0.0,-5.41
renata glasc,nidalee,371,191.0,180.0,48.89,51.11,1.11
renata glasc,nocturne,371,191.0,180.0,48.89,26.11,22.54
renata glasc,olaf,371,191.0,180.0,48.89,26.11,51.11
renata glasc,orianna,371,191.0,180.0,48.89,14.75,-20.32
renata glasc,ornn,371,191.0,180.0,48.89,13.61,13.61
renata glasc,pantheon,371,191.0,180.0,48.89,-10.0,-4.45
renata glasc,poppy,371,191.0,180.0,48.89,-3.44,-26.67
renata glasc,pyke,371,191.0,180.0,48.89,0.0,-48.89
renata glasc,qiyana,371,191.0,180.0,48.89,51.11,0.0
renata glasc,rakan,371,191.0,180.0,48.89,0.0,7.63
renata glasc,reksai,371,191.0,180.0,48.89,-48.89,0.0
renata glasc,rell,371,191.0,180.0,48.89,0.0,-1.27
renata glasc,renekton,371,191.0,180.0,48.89,1.11,-11.39
renata glasc,rumble,371,191.0,180.0,48.89,6.11,-15.56
renata glasc,ryze,371,191.0,180.0,48.89,4.44,-7.98
renata glasc,sejuani,371,191.0,180.0,48.89,-21.62,-5.14
renata glasc,senna,371,191.0,180.0,48.89,0.0,17.78
renata glasc,seraphine,371,191.0,180.0,48.89,0.0,26.11
renata glasc,sett,371,191.0,180.0,48.89,0.0,-48.89
renata glasc,shen,371,191.0,180.0,48.89,-48.89,1.11
renata glasc,singed,371,191.0,180.0,48.89,-48.89,0.0
renata glasc,sion,371,191.0,180.0,48.89,-7.71,-10.0
renata glasc,sivir,371,191.0,180.0,48.89,-48.89,-4.45
renata glasc,skarner,371,191.0,180.0,48.89,22.54,-3.44
renata glasc,smolder,371,191.0,180.0,48.89,1.11,-48.89
renata glasc,soraka,371,191.0,180.0,48.89,0.0,17.78
renata glasc,sylas,371,191.0,180.0,48.89,4.96,5.66
renata glasc,syndra,371,191.0,180.0,48.89,0.0,-48.89
renata glasc,taliyah,371,191.0,180.0,48.89,15.82,-8.89
renata glasc,talon,371,191.0,180.0,48.89,-48.89,0.0
renata glasc,thresh,371,191.0,180.0,48.89,0.0,-48.89
renata glasc,tristana,371,191.0,180.0,48.89,-23.89,-48.89
renata glasc,trundle,371,191.0,180.0,48.89,-15.56,14.75
renata glasc,twisted fate,371,191.0,180.0,48.89,-23.89,0.0
renata glasc,udyr,371,191.0,180.0,48.89,-48.89,17.78
renata glasc,varus,371,191.0,180.0,48.89,1.11,6.11
renata glasc,vex,371,191.0,180.0,48.89,0.0,51.11
renata glasc,vi,371,191.0,180.0,48.89,-17.07,-7.98
renata glasc,viego,371,191.0,180.0,48.89,-15.56,51.11
renata glasc,viktor,371,191.0,180.0,48.89,-8.89,4.96
renata glasc,vladimir,371,191.0,180.0,48.89,0.0,17.78
renata glasc,warwick,371,191.0,180.0,48.89,51.11,0.0
renata glasc,wukong,371,191.0,180.0,48.89,-23.89,12.22
renata glasc,xayah,371,191.0,180.0,48.89,1.11,4.96
renata glasc,xerath,371,191.0,180.0,48.89,0.0,51.11
renata glasc,xin zhao,371,191.0,180.0,48.89,2.83,1.11
renata glasc,yasuo,371,191.0,180.0,48.89,-48.89,51.11
renata glasc,yone,371,191.0,180.0,48.89,6.67,-15.56
renata glasc,yorick,371,191.0,180.0,48.89,-2.22,1.11
renata glasc,yunara,371,191.0,180.0,48.89,26.11,-48.89
renata glasc,zed,371,191.0,180.0,48.89,17.78,17.78
renata glasc,zeri,371,191.0,180.0,48.89,-48.89,1.11
renata glasc,ziggs,371,191.0,180.0,48.89,-48.89,21.11
renata glasc,zoe,371,191.0,180.0,48.89,0.0,51.11
renata glasc,zyra,371,191.0,180.0,48.89,51.11,-15.56
renekton,aatrox,435,218.0,217.0,54.38,0.0,4.71
renekton,ahri,435,218.0,217.0,54.38,8.12,31.33
renekton,akali,435,218.0,217.0,54.38,-14.38,-9.94
renekton,alistar,435,218.0,217.0,54.38,0.46,-4.38
renekton,ambessa,435,218.0,217.0,54.38,0.0,6.6
renekton,annie,435,218.0,217.0,54.38,-0.53,-12.71
renekton,aphelios,435,218.0,217.0,54.38,45.62,-4.38
renekton,ashe,435,218.0,217.0,54.38,28.95,-9.94
renekton,aurelion sol,435,218.0,217.0,54.38,-54.38,-4.38
renekton,aurora,435,218.0,217.0,54.38,16.21,-4.38
renekton,azir,435,218.0,217.0,54.38,-9.38,6.73
renekton,bard,435,218.0,217.0,54.38,-4.38,25.62
renekton,blitzcrank,435,218.0,217.0,54.38,-4.38,-4.38
renekton,brand,435,218.0,217.0,54.38,-54.38,0.0
renekton,braum,435,218.0,217.0,54.38,7.52,-18.02
renekton,caitlyn,435,218.0,217.0,54.38,25.62,20.62
renekton,camille,435,218.0,217.0,54.38,0.0,-4.38
renekton,cassiopeia,435,218.0,217.0,54.38,25.62,12.29
renekton,corki,435,218.0,217.0,54.38,-19.76,18.95
renekton,diana,435,218.0,217.0,54.38,0.0,45.62
renekton,draven,435,218.0,217.0,54.38,-4.38,12.29
renekton,elise,435,218.0,217.0,54.38,45.62,31.33
renekton,ezreal,435,218.0,217.0,54.38,-12.27,14.04
renekton,fiora,435,218.0,217.0,54.38,-54.38,0.0
renekton,galio,435,218.0,217.0,54.38,-21.05,5.62
renekton,gnar,435,218.0,217.0,54.38,0.0,-11.52
renekton,gragas,435,218.0,217.0,54.38,45.62,-27.11
renekton,gwen,435,218.0,217.0,54.38,0.0,45.62
renekton,hwei,435,218.0,217.0,54.38,5.62,-4.38
renekton,ivern,435,218.0,217.0,54.38,-21.05,-4.38
renekton,jarvan iv,435,218.0,217.0,54.38,-14.38,-18.02
renekton,jax,435,218.0,217.0,54.38,45.62,7.16
renekton,jayce,435,218.0,217.0,54.38,-54.38,-15.92
renekton,jhin,435,218.0,217.0,54.38,-9.94,-4.38
renekton,jinx,435,218.0,217.0,54.38,5.62,-25.81
renekton,kaisa,435,218.0,217.0,54.38,20.62,1.18
renekton,kalista,435,218.0,217.0,54.38,-21.05,-11.52
renekton,karma,435,218.0,217.0,54.38,-8.93,-11.52
renekton,karthus,435,218.0,217.0,54.38,0.0,-4.38
renekton,kassadin,435,218.0,217.0,54.38,-54.38,-54.38
renekton,kennen,435,218.0,217.0,54.38,0.0,12.29
renekton,khazix,435,218.0,217.0,54.38,-54.38,0.0
renekton,kindred,435,218.0,217.0,54.38,45.62,12.29
renekton,kled,435,218.0,217.0,54.38,-54.38,0.0
renekton,kog,435,218.0,217.0,54.38,45.62,45.62
renekton,ksante,435,218.0,217.0,54.38,0.0,-11.52
renekton,leblanc,435,218.0,217.0,54.38,-54.38,-54.38
renekton,lee sin,435,218.0,217.0,54.38,-4.38,45.62
renekton,leona,435,218.0,217.0,54.38,-2.21,25.62
renekton,lillia,435,218.0,217.0,54.38,-14.38,-34.38
renekton,lucian,435,218.0,217.0,54.38,17.05,-24.38
renekton,lulu,435,218.0,217.0,54.38,5.62,20.62
renekton,maokai,435,218.0,217.0,54.38,-0.53,-18.67
renekton,milio,435,218.0,217.0,54.38,-54.38,-54.38
renekton,miss fortune,435,218.0,217.0,54.38,-4.38,-6.23
renekton,morgana,435,218.0,217.0,54.38,0.0,-54.38
renekton,naafiri,435,218.0,217.0,54.38,-14.38,-4.38
renekton,nami,435,218.0,217.0,54.38,-54.38,-54.38
renekton,nautilus,435,218.0,217.0,54.38,-2.53,9.91
renekton,neeko,435,218.0,217.0,54.38,18.35,-6.76
renekton,nidalee,435,218.0,217.0,54.38,10.33,-37.71
renekton,nilah,435,218.0,217.0,54.38,-54.38,0.0
renekton,nocturne,435,218.0,217.0,54.38,15.62,8.12
renekton,olaf,435,218.0,217.0,54.38,12.29,45.62
renekton,orianna,435,218.0,217.0,54.38,9.26,-15.92
renekton,ornn,435,218.0,217.0,54.38,0.0,1.62
renekton,pantheon,435,218.0,217.0,54.38,12.29,8.12
renekton,poppy,435,218.0,217.0,54.38,1.18,-1.44
renekton,pyke,435,218.0,217.0,54.38,0.0,25.62
renekton,qiyana,435,218.0,217.0,54.38,-4.38,-21.05
renekton,quinn,435,218.0,217.0,54.38,0.0,45.62
renekton,rakan,435,218.0,217.0,54.38,7.52,-18.38
renekton,rell,435,218.0,217.0,54.38,-12.71,7.38
renekton,renata glasc,435,218.0,217.0,54.38,-4.38,8.12
renekton,rumble,435,218.0,217.0,54.38,0.0,-14.38
renekton,ryze,435,218.0,217.0,54.38,24.19,3.95
renekton,sejuani,435,218.0,217.0,54.38,-13.47,23.4
renekton,senna,435,218.0,217.0,54.38,-4.38,8.12
renekton,seraphine,435,218.0,217.0,54.38,45.62,-54.38
renekton,sett,435,218.0,217.0,54.38,45.62,0.0
renekton,shen,435,218.0,217.0,54.38,-54.38,45.62
renekton,sion,435,218.0,217.0,54.38,-54.38,-8.93
renekton,sivir,435,218.0,217.0,54.38,8.12,23.4
renekton,skarner,435,218.0,217.0,54.38,-14.38,9.26
renekton,smolder,435,218.0,217.0,54.38,-54.38,-4.38
renekton,swain,435,218.0,217.0,54.38,0.0,-4.38
renekton,sylas,435,218.0,217.0,54.38,-27.11,12.29
renekton,syndra,435,218.0,217.0,54.38,45.62,0.0
renekton,tahm kench,435,218.0,217.0,54.38,45.62,0.0
renekton,taliyah,435,218.0,217.0,54.38,-1.75,20.62
renekton,thresh,435,218.0,217.0,54.38,45.62,-54.38
renekton,tristana,435,218.0,217.0,54.38,0.17,25.62
renekton,trundle,435,218.0,217.0,54.38,8.78,2.76
renekton,tryndamere,435,218.0,217.0,54.38,0.0,-4.38
renekton,twisted fate,435,218.0,217.0,54.38,0.0,-4.38
renekton,udyr,435,218.0,217.0,54.38,0.0,-54.38
renekton,varus,435,218.0,217.0,54.38,-0.21,-7.71
renekton,veigar,435,218.0,217.0,54.38,-4.38,0.0
renekton,vi,435,218.0,217.0,54.38,-11.52,2.14
renekton,viego,435,218.0,217.0,54.38,-14.38,-16.88
renekton,viktor,435,218.0,217.0,54.38,-0.21,-13.2
renekton,vladimir,435,218.0,217.0,54.38,0.0,-54.38
renekton,volibear,435,218.0,217.0,54.38,0.0,45.62
renekton,wukong,435,218.0,217.0,54.38,1.18,14.85
renekton,xayah,435,218.0,217.0,54.38,-1.05,-12.71
renekton,xerath,435,218.0,217.0,54.38,0.0,45.62
renekton,xin zhao,435,218.0,217.0,54.38,6.33,-0.21
renekton,yasuo,435,218.0,217.0,54.38,-29.38,20.62
renekton,yone,435,218.0,217.0,54.38,37.93,-21.05
renekton,yorick,435,218.0,217.0,54.38,0.0,25.62
renekton,yunara,435,218.0,217.0,54.38,45.62,20.62
renekton,yuumi,435,218.0,217.0,54.38,45.62,45.62
renekton,zac,435,218.0,217.0,54.38,45.62,0.0
renekton,zed,435,218.0,217.0,54.38,-4.38,-14.38
renekton,zeri,435,218.0,217.0,54.38,-4.38,-21.05
renekton,ziggs,435,218.0,217.0,54.38,-16.88,1.18
renekton,zoe,435,218.0,217.0,54.38,45.62,-54.38
renekton,zyra,435,218.0,217.0,54.38,12.29,1.18
draven,aatrox,127,95.0,32.0,43.75,0.0,-43.75
draven,ahri,127,95.0,32.0,43.75,-43.75,-27.08
draven,akali,127,95.0,32.0,43.75,-43.75,-43.75
draven,alistar,127,95.0,32.0,43.75,0.0,-43.75
draven,ambessa,127,95.0,32.0,43.75,-43.75,6.25
draven,amumu,127,95.0,32.0,43.75,0.0,-43.75
draven,anivia,127,95.0,32.0,43.75,0.0,-43.75
draven,ashe,127,95.0,32.0,43.75,0.0,-43.75
draven,aurora,127,95.0,32.0,43.75,-43.75,-43.75
draven,azir,127,95.0,32.0,43.75,56.25,56.25
draven,blitzcrank,127,95.0,32.0,43.75,56.25,0.0
draven,braum,127,95.0,32.0,43.75,0.0,6.25
draven,caitlyn,127,95.0,32.0,43.75,0.0,-43.75
draven,camille,127,95.0,32.0,43.75,0.0,-43.75
draven,chogath,127,95.0,32.0,43.75,-43.75,-43.75
draven,corki,127,95.0,32.0,43.75,22.92,56.25
draven,elise,127,95.0,32.0,43.75,56.25,22.92
draven,ezreal,127,95.0,32.0,43.75,0.0,56.25
draven,galio,127,95.0,32.0,43.75,-43.75,6.25
draven,gragas,127,95.0,32.0,43.75,56.25,-43.75
draven,gwen,127,95.0,32.0,43.75,6.25,-43.75
draven,hwei,127,95.0,32.0,43.75,56.25,-43.75
draven,jarvan iv,127,95.0,32.0,43.75,0.0,-43.75
draven,jax,127,95.0,32.0,43.75,-43.75,56.25
draven,jayce,127,95.0,32.0,43.75,56.25,36.25
draven,jhin,127,95.0,32.0,43.75,0.0,6.25
draven,jinx,127,95.0,32.0,43.75,0.0,-43.75
draven,kaisa,127,95.0,32.0,43.75,0.0,-18.75
draven,kalista,127,95.0,32.0,43.75,0.0,16.25
draven,karma,127,95.0,32.0,43.75,0.0,56.25
draven,kayle,127,95.0,32.0,43.75,56.25,0.0
draven,kennen,127,95.0,32.0,43.75,6.25,0.0
draven,ksante,127,95.0,32.0,43.75,-3.75,31.25
draven,lee sin,127,95.0,32.0,43.75,-43.75,0.0
draven,leona,127,95.0,32.0,43.75,-10.42,31.25
draven,lillia,127,95.0,32.0,43.75,56.25,6.25
draven,lissandra,127,95.0,32.0,43.75,-43.75,-43.75
draven,lulu,127,95.0,32.0,43.75,0.0,-43.75
draven,maokai,127,95.0,32.0,43.75,56.25,56.25
draven,miss fortune,127,95.0,32.0,43.75,0.0,56.25
draven,mordekaiser,127,95.0,32.0,43.75,-43.75,0.0
draven,naafiri,127,95.0,32.0,43.75,56.25,-10.42
draven,nautilus,127,95.0,32.0,43.75,-0.89,-43.75
draven,neeko,127,95.0,32.0,43.75,6.25,-10.42
draven,nidalee,127,95.0,32.0,43.75,0.0,6.25
draven,nocturne,127,95.0,32.0,43.75,-43.75,-43.75
draven,olaf,127,95.0,32.0,43.75,0.0,-43.75
draven,orianna,127,95.0,32.0,43.75,0.0,56.25
draven,ornn,127,95.0,32.0,43.75,-43.75,56.25
draven,pantheon,127,95.0,32.0,43.75,6.25,56.25
draven,poppy,127,95.0,32.0,43.75,22.92,-43.75
draven,pyke,127,95.0,32.0,43.75,6.25,0.0
draven,rakan,127,95.0,32.0,43.75,6.25,-43.75
draven,rell,127,95.0,32.0,43.75,31.25,6.25
draven,renata glasc,127,95.0,32.0,43.75,-43.75,31.25
draven,renekton,127,95.0,32.0,43.75,6.25,-10.42
draven,rumble,127,95.0,32.0,43.75,56.25,6.25
draven,ryze,127,95.0,32.0,43.75,-3.75,-10.42
draven,sejuani,127,95.0,32.0,43.75,6.25,56.25
draven,senna,127,95.0,32.0,43.75,0.0,-43.75
draven,seraphine,127,95.0,32.0,43.75,-43.75,0.0
draven,sion,127,95.0,32.0,43.75,-18.75,-10.42
draven,sivir,127,95.0,32.0,43.75,0.0,-43.75
draven,skarner,127,95.0,32.0,43.75,-43.75,-43.75
draven,soraka,127,95.0,32.0,43.75,-43.75,0.0
draven,swain,127,95.0,32.0,43.75,56.25,0.0
draven,sylas,127,95.0,32.0,43.75,6.25,56.25
draven,tahm kench,127,95.0,32.0,43.75,0.0,-43.75
draven,taliyah,127,95.0,32.0,43.75,-43.75,-43.75
draven,tristana,127,95.0,32.0,43.75,56.25,0.0
draven,udyr,127,95.0,32.0,43.75,-43.75,0.0
draven,varus,127,95.0,32.0,43.75,0.0,-43.75
draven,vi,127,95.0,32.0,43.75,-10.42,-43.75
draven,viego,127,95.0,32.0,43.75,-43.75,-43.75
draven,viktor,127,95.0,32.0,43.75,6.25,56.25
draven,vladimir,127,95.0,32.0,43.75,0.0,-43.75
draven,wukong,127,95.0,32.0,43.75,6.25,-43.75
draven,xayah,127,95.0,32.0,43.75,0.0,-43.75
draven,xin zhao,127,95.0,32.0,43.75,56.25,31.25
draven,yone,127,95.0,32.0,43.75,22.92,56.25
draven,yorick,127,95.0,32.0,43.75,0.0,56.25
draven,zed,127,95.0,32.0,43.75,0.0,56.25
draven,ziggs,127,95.0,32.0,43.75,0.0,56.25
draven,zoe,127,95.0,32.0,43.75,-43.75,0.0
draven,zyra,127,95.0,32.0,43.75,6.25,0.0
jhin,aatrox,441,129.0,312.0,46.79,-10.43,-16.02
jhin,ahri,441,129.0,312.0,46.79,5.59,8.38
jhin,akali,441,129.0,312.0,46.79,-13.46,-3.93
jhin,alistar,441,129.0,312.0,46.79,6.15,-14.14
jhin,ambessa,441,129.0,312.0,46.79,-15.76,16.17
jhin,anivia,441,129.0,312.0,46.79,0.0,53.21
jhin,annie,441,129.0,312.0,46.79,-4.68,-12.01
jhin,aphelios,441,129.0,312.0,46.79,0.0,-13.46
jhin,ashe,441,129.0,312.0,46.79,0.0,19.88
jhin,aurelion sol,441,129.0,312.0,46.79,53.21,-46.79
jhin,aurora,441,129.0,312.0,46.79,-1.96,-9.29
jhin,azir,441,129.0,312.0,46.79,3.21,6.34
jhin,bard,441,129.0,312.0,46.79,5.06,7.76
jhin,blitzcrank,441,129.0,312.0,46.79,53.21,53.21
jhin,brand,441,129.0,312.0,46.79,0.0,-46.79
jhin,braum,441,129.0,312.0,46.79,-13.46,-0.84
jhin,caitlyn,441,129.0,312.0,46.79,0.0,-19.52
jhin,camille,441,129.0,312.0,46.79,-46.79,19.88
jhin,cassiopeia,441,129.0,312.0,46.79,-26.79,3.21
jhin,chogath,441,129.0,312.0,46.79,3.21,33.21
jhin,corki,441,129.0,312.0,46.79,3.21,10.35
jhin,diana,441,129.0,312.0,46.79,0.0,53.21
jhin,draven,441,129.0,312.0,46.79,0.0,3.21
jhin,ekko,441,129.0,312.0,46.79,0.0,-46.79
jhin,elise,441,129.0,312.0,46.79,-46.79,-26.79
jhin,ezreal,441,129.0,312.0,46.79,0.0,8.38
jhin,fiddlesticks,441,129.0,312.0,46.79,0.0,-46.79
jhin,galio,441,129.0,312.0,46.79,-11.5,-1.34
jhin,gangplank,441,129.0,312.0,46.79,-46.79,19.88
jhin,gnar,441,129.0,312.0,46.79,-2.35,3.21
jhin,gragas,441,129.0,312.0,46.79,-13.46,3.21
jhin,gwen,441,129.0,312.0,46.79,11.21,-13.46
jhin,hecarim,441,129.0,312.0,46.79,0.0,-46.79
jhin,hwei,441,129.0,312.0,46.79,19.88,3.21
jhin,ivern,441,129.0,312.0,46.79,3.21,0.0
jhin,jarvan iv,441,129.0,312.0,46.79,17.92,-22.98
jhin,jax,441,129.0,312.0,46.79,-1.34,12.3
jhin,jayce,441,129.0,312.0,46.79,-6.79,-1.34
jhin,jinx,441,129.0,312.0,46.79,0.0,-13.46
jhin,kaisa,441,129.0,312.0,46.79,0.0,-8.69
jhin,kalista,441,129.0,312.0,46.79,0.0,-13.46
jhin,karma,441,129.0,312.0,46.79,19.88,-10.43
jhin,karthus,441,129.0,312.0,46.79,0.0,-46.79
jhin,kassadin,441,129.0,312.0,46.79,0.0,-46.79
jhin,kennen,441,129.0,312.0,46.79,19.88,-18.22
jhin,kindred,441,129.0,312.0,46.79,0.0,19.88
jhin,ksante,441,129.0,312.0,46.79,-16.79,-6.79
jhin,leblanc,441,129.0,312.0,46.79,0.0,3.21
jhin,lee sin,441,129.0,312.0,46.79,3.21,36.54
jhin,leona,441,129.0,312.0,46.79,-1.55,9.88
jhin,lillia,441,129.0,312.0,46.79,38.92,7.76
jhin,lissandra,441,129.0,312.0,46.79,-46.79,0.0
jhin,lucian,441,129.0,312.0,46.79,0.0,-6.79
jhin,lulu,441,129.0,312.0,46.79,0.0,53.21
jhin,malzahar,441,129.0,312.0,46.79,-46.79,0.0
jhin,maokai,441,129.0,312.0,46.79,3.21,19.88
jhin,mel,441,129.0,312.0,46.79,-46.79,53.21
jhin,miss fortune,441,129.0,312.0,46.79,0.0,0.94
jhin,mordekaiser,441,129.0,312.0,46.79,53.21,-46.79
jhin,morgana,441,129.0,312.0,46.79,-46.79,0.0
jhin,naafiri,441,129.0,312.0,46.79,3.21,9.46
jhin,nami,441,129.0,312.0,46.79,0.0,53.21
jhin,nautilus,441,129.0,312.0,46.79,-2.67,3.21
jhin,neeko,441,129.0,312.0,46.79,9.46,3.21
jhin,nidalee,441,129.0,312.0,46.79,10.35,-2.35
jhin,nocturne,441,129.0,312.0,46.79,3.21,-9.29
jhin,olaf,441,129.0,312.0,46.79,-21.79,0.0
jhin,orianna,441,129.0,312.0,46.79,5.59,-13.46
jhin,ornn,441,129.0,312.0,46.79,15.71,-0.12
jhin,pantheon,441,129.0,312.0,46.79,-2.79,6.15
jhin,poppy,441,129.0,312.0,46.79,12.3,-16.49
jhin,pyke,441,129.0,312.0,46.79,-6.79,0.0
jhin,qiyana,441,129.0,312.0,46.79,-46.79,0.0
jhin,quinn,441,129.0,312.0,46.79,-46.79,0.0
jhin,rakan,441,129.0,312.0,46.79,3.21,-3.46
jhin,rammus,441,129.0,312.0,46.79,-46.79,0.0
jhin,reksai,441,129.0,312.0,46.79,0.0,-46.79
jhin,rell,441,129.0,312.0,46.79,-7.73,10.71
jhin,renata glasc,441,129.0,312.0,46.79,-46.79,14.75
jhin,renekton,441,129.0,312.0,46.79,-2.35,3.21
jhin,rumble,441,129.0,312.0,46.79,-0.49,-2.72
jhin,ryze,441,129.0,312.0,46.79,7.06,8.77
jhin,sejuani,441,129.0,312.0,46.79,-20.47,9.21
jhin,senna,441,129.0,312.0,46.79,0.0,19.88
jhin,seraphine,441,129.0,312.0,46.79,0.0,53.21
jhin,sett,441,129.0,312.0,46.79,53.21,-46.79
jhin,shen,441,129.0,312.0,46.79,3.21,-46.79
jhin,sion,441,129.0,312.0,46.79,3.21,-9.75
jhin,sivir,441,129.0,312.0,46.79,0.0,-9.29
jhin,skarner,441,129.0,312.0,46.79,0.83,19.88
jhin,smolder,441,129.0,312.0,46.79,53.21,-46.79
jhin,swain,441,129.0,312.0,46.79,53.21,-46.79
jhin,sylas,441,129.0,312.0,46.79,10.35,-1.34
jhin,syndra,441,129.0,312.0,46.79,53.21,3.21
jhin,tahm kench,441,129.0,312.0,46.79,-46.79,53.21
jhin,taliyah,441,129.0,312.0,46.79,5.59,0.71
jhin,taric,441,129.0,312.0,46.79,0.0,-46.79
jhin,thresh,441,129.0,312.0,46.79,0.0,-13.46
jhin,tristana,441,129.0,312.0,46.79,-9.29,-3.93
jhin,trundle,441,129.0,312.0,46.79,-1.79,8.21
jhin,twisted fate,441,129.0,312.0,46.79,-13.46,3.21
jhin,udyr,441,129.0,312.0,46.79,-46.79,3.21
jhin,urgot,441,129.0,312.0,46.79,0.0,53.21
jhin,varus,441,129.0,312.0,46.79,0.0,0.83
jhin,veigar,441,129.0,312.0,46.79,0.0,53.21
jhin,vi,441,129.0,312.0,46.79,-11.79,-15.76
jhin,viego,441,129.0,312.0,46.79,-19.52,10.35
jhin,viktor,441,129.0,312.0,46.79,-14.65,11.54
jhin,vladimir,441,129.0,312.0,46.79,3.21,0.0
jhin,volibear,441,129.0,312.0,46.79,-46.79,19.88
jhin,wukong,441,129.0,312.0,46.79,10.79,-9.29
jhin,xayah,441,129.0,312.0,46.79,0.0,-5.61
jhin,xin zhao,441,129.0,312.0,46.79,-0.96,-2.67
jhin,yasuo,441,129.0,312.0,46.79,0.0,3.21
jhin,yone,441,129.0,312.0,46.79,12.03,-8.69
jhin,yorick,441,129.0,312.0,46.79,11.1,8.77
jhin,yunara,441,129.0,312.0,46.79,0.0,-13.46
jhin,yuumi,441,129.0,312.0,46.79,0.0,53.21
jhin,zac,441,129.0,312.0,46.79,-46.79,-46.79
jhin,zed,441,129.0,312.0,46.79,-46.79,-46.79
jhin,zeri,441,129.0,312.0,46.79,0.0,3.21
jhin,ziggs,441,129.0,312.0,46.79,3.21,-9.29
jhin,zoe,441,129.0,312.0,46.79,-46.79,0.0
jhin,zyra,441,129.0,312.0,46.79,-30.12,3.21
xin zhao,aatrox,710,179.0,531.0,49.91,2.72,-18.33
xin zhao,ahri,710,179.0,531.0,49.91,-4.26,12.88
xin zhao,akali,710,179.0,531.0,49.91,-8.73,2.26
xin zhao,alistar,710,179.0,531.0,49.91,2.09,-1.76
xin zhao,ambessa,710,179.0,531.0,49.91,-10.25,7.44
xin zhao,anivia,710,179.0,531.0,49.91,16.76,0.0
xin zhao,annie,710,179.0,531.0,49.91,10.09,-14.2
xin zhao,aphelios,710,179.0,531.0,49.91,-7.05,21.52
xin zhao,ashe,710,179.0,531.0,49.91,-2.85,7.23
xin zhao,aurelion sol,710,179.0,531.0,49.91,50.09,0.0
xin zhao,aurora,710,179.0,531.0,49.91,1.2,5.8
xin zhao,azir,710,179.0,531.0,49.91,-5.79,-3.1
xin zhao,bard,710,179.0,531.0,49.91,-13.55,-24.91
xin zhao,blitzcrank,710,179.0,531.0,49.91,50.09,10.09
xin zhao,brand,710,179.0,531.0,49.91,0.0,50.09
xin zhao,braum,710,179.0,531.0,49.91,5.26,1.03
xin zhao,caitlyn,710,179.0,531.0,49.91,25.09,-16.58
xin zhao,camille,710,179.0,531.0,49.91,16.76,-16.58
xin zhao,cassiopeia,710,179.0,531.0,49.91,50.09,33.42
xin zhao,chogath,710,179.0,531.0,49.91,0.09,30.09
xin zhao,corki,710,179.0,531.0,49.91,-11.45,6.09
xin zhao,diana,710,179.0,531.0,49.91,0.0,50.09
xin zhao,draven,710,179.0,531.0,49.91,50.09,-24.91
xin zhao,ekko,710,179.0,531.0,49.91,-49.91,0.0
xin zhao,elise,710,179.0,531.0,49.91,10.09,30.09
xin zhao,ezreal,710,179.0,531.0,49.91,-4.91,7.72
xin zhao,fiddlesticks,710,179.0,531.0,49.91,0.0,-49.91
xin zhao,galio,710,179.0,531.0,49.91,-1.52,-14.77
xin zhao,gangplank,710,179.0,531.0,49.91,0.0,50.09
xin zhao,garen,710,179.0,531.0,49.91,-49.91,0.0
xin zhao,gnar,710,179.0,531.0,49.91,8.42,21.52
xin zhao,gragas,710,179.0,531.0,49.91,7.23,30.09
xin zhao,gwen,710,179.0,531.0,49.91,2.55,-6.32
xin zhao,hwei,710,179.0,531.0,49.91,-24.91,12.59
xin zhao,ivern,710,179.0,531.0,49.91,0.0,50.09
xin zhao,janna,710,179.0,531.0,49.91,-49.91,0.0
xin zhao,jarvan iv,710,179.0,531.0,49.91,0.0,1.94
xin zhao,jax,710,179.0,531.0,49.91,13.73,-2.41
xin zhao,jayce,710,179.0,531.0,49.91,13.25,-2.18
xin zhao,jhin,710,179.0,531.0,49.91,-4.08,5.97
xin zhao,jinx,710,179.0,531.0,49.91,13.73,10.09
xin zhao,kaisa,710,179.0,531.0,49.91,6.91,2.4
xin zhao,kalista,710,179.0,531.0,49.91,7.23,0.09
xin zhao,karma,710,179.0,531.0,49.91,3.03,0.09
xin zhao,kassadin,710,179.0,531.0,49.91,50.09,0.0
xin zhao,kennen,710,179.0,531.0,49.91,-49.91,50.09
xin zhao,kindred,710,179.0,531.0,49.91,0.0,0.09
xin zhao,kled,710,179.0,531.0,49.91,50.09,0.0
xin zhao,kog,710,179.0,531.0,49.91,0.0,50.09
xin zhao,ksante,710,179.0,531.0,49.91,-2.41,-4.46
xin zhao,leblanc,710,179.0,531.0,49.91,50.09,50.09
xin zhao,lee sin,710,179.0,531.0,49.91,0.0,0.09
xin zhao,leona,710,179.0,531.0,49.91,4.64,10.7
xin zhao,lillia,710,179.0,531.0,49.91,0.0,16.76
xin zhao,lucian,710,179.0,531.0,49.91,13.98,-9.91
xin zhao,lulu,710,179.0,531.0,49.91,0.09,-9.91
xin zhao,lux,710,179.0,531.0,49.91,50.09,0.0
xin zhao,malphite,710,179.0,531.0,49.91,-49.91,0.0
xin zhao,maokai,710,179.0,531.0,49.91,16.76,-14.91
xin zhao,mel,710,179.0,531.0,49.91,0.0,50.09
xin zhao,miss fortune,710,179.0,531.0,49.91,-1.02,5.65
xin zhao,mordekaiser,710,179.0,531.0,49.91,50.09,-49.91
xin zhao,morgana,710,179.0,531.0,49.91,0.0,50.09
xin zhao,naafiri,710,179.0,531.0,49.91,0.0,6.85
xin zhao,nami,710,179.0,531.0,49.91,12.59,-5.47
xin zhao,nasus,710,179.0,531.0,49.91,0.0,50.09
xin zhao,nautilus,710,179.0,531.0,49.91,-10.25,2.63
xin zhao,neeko,710,179.0,531.0,49.91,-1.76,4.09
xin zhao,nidalee,710,179.0,531.0,49.91,50.09,-12.41
xin zhao,nilah,710,179.0,531.0,49.91,50.09,0.0
xin zhao,nocturne,710,179.0,531.0,49.91,0.0,0.09
xin zhao,olaf,710,179.0,531.0,49.91,-49.91,0.09
xin zhao,orianna,710,179.0,531.0,49.91,-22.13,-14.91
xin zhao,ornn,710,179.0,531.0,49.91,-1.91,-2.08
xin zhao,pantheon,710,179.0,531.0,49.91,-49.91,7.98
xin zhao,poppy,710,179.0,531.0,49.91,-1.91,-15.53
xin zhao,pyke,710,179.0,531.0,49.91,0.0,50.09
xin zhao,qiyana,710,179.0,531.0,49.91,0.0,-16.58
xin zhao,rakan,710,179.0,531.0,49.91,0.71,-11.45
xin zhao,reksai,710,179.0,531.0,49.91,50.09,-49.91
xin zhao,rell,710,179.0,531.0,49.91,-4.98,0.09
xin zhao,renata glasc,710,179.0,531.0,49.91,1.81,0.09
xin zhao,renekton,710,179.0,531.0,49.91,10.8,-4.08
xin zhao,rumble,710,179.0,531.0,49.91,0.09,-3.1
xin zhao,ryze,710,179.0,531.0,49.91,5.65,4.09
xin zhao,sejuani,710,179.0,531.0,49.91,-49.91,14.19
xin zhao,senna,710,179.0,531.0,49.91,12.59,3.94
xin zhao,seraphine,710,179.0,531.0,49.91,-49.91,50.09
xin zhao,sett,710,179.0,531.0,49.91,-16.58,-49.91
xin zhao,shen,710,179.0,531.0,49.91,25.09,7.23
xin zhao,sion,710,179.0,531.0,49.91,-6.05,0.97
xin zhao,sivir,710,179.0,531.0,49.91,-1.43,-6.58
xin zhao,skarner,710,179.0,531.0,49.91,0.0,5.09
xin zhao,smolder,710,179.0,531.0,49.91,-16.58,50.09
xin zhao,soraka,710,179.0,531.0,49.91,50.09,0.0
xin zhao,swain,710,179.0,531.0,49.91,0.09,0.0
xin zhao,sylas,710,179.0,531.0,49.91,1.94,-12.41
xin zhao,syndra,710,179.0,531.0,49.91,-49.91,10.09
xin zhao,tahm kench,710,179.0,531.0,49.91,50.09,50.09
xin zhao,taliyah,710,179.0,531.0,49.91,6.16,-13.91
xin zhao,thresh,710,179.0,531.0,49.91,50.09,0.09
xin zhao,tristana,710,179.0,531.0,49.91,-7.05,33.42
xin zhao,trundle,710,179.0,531.0,49.91,0.0,10.09
xin zhao,twisted fate,710,179.0,531.0,49.91,-16.58,0.0
xin zhao,udyr,710,179.0,531.0,49.91,-49.91,50.09
xin zhao,urgot,710,179.0,531.0,49.91,-49.91,50.09
xin zhao,varus,710,179.0,531.0,49.91,-4.08,-9.61
xin zhao,veigar,710,179.0,531.0,49.91,0.09,0.0
xin zhao,vi,710,179.0,531.0,49.91,0.0,-6.73
xin zhao,viego,710,179.0,531.0,49.91,0.0,0.09
xin zhao,viktor,710,179.0,531.0,49.91,10.56,20.09
xin zhao,vladimir,710,179.0,531.0,49.91,0.09,16.76
xin zhao,volibear,710,179.0,531.0,49.91,-49.91,16.76
xin zhao,warwick,710,179.0,531.0,49.91,0.0,50.09
xin zhao,wukong,710,179.0,531.0,49.91,-49.91,-5.82
xin zhao,xayah,710,179.0,531.0,49.91,0.09,-15.03
xin zhao,xerath,710,179.0,531.0,49.91,0.0,50.09
xin zhao,yasuo,710,179.0,531.0,49.91,-49.91,50.09
xin zhao,yone,710,179.0,531.0,49.91,0.0,9.47
xin zhao,yorick,710,179.0,531.0,49.91,-11.81,2.47
xin zhao,yunara,710,179.0,531.0,49.91,10.09,-11.45
xin zhao,yuumi,710,179.0,531.0,49.91,-24.91,50.09
xin zhao,zac,710,179.0,531.0,49.91,0.0,-49.91
xin zhao,zed,710,179.0,531.0,49.91,0.0,-16.58
xin zhao,zeri,710,179.0,531.0,49.91,-18.66,-7.8
xin zhao,ziggs,710,179.0,531.0,49.91,-21.34,-5.47
xin zhao,zoe,710,179.0,531.0,49.91,50.09,0.09
xin zhao,zyra,710,179.0,531.0,49.91,0.0,50.09
yone,aatrox,815,566.0,249.0,54.22,2.92,12.45
yone,ahri,815,566.0,249.0,54.22,-4.22,10.78
yone,akali,815,566.0,249.0,54.22,-4.22,3.67
yone,alistar,815,566.0,249.0,54.22,-0.17,-13.79
yone,ambessa,815,566.0,249.0,54.22,2.92,4.32
yone,anivia,815,566.0,249.0,54.22,-29.22,0.0
yone,annie,815,566.0,249.0,54.22,-54.22,-4.22
yone,aphelios,815,566.0,249.0,54.22,-4.22,-4.22
yone,ashe,815,566.0,249.0,54.22,-13.04,-20.89
yone,aurora,815,566.0,249.0,54.22,0.33,-14.22
yone,azir,815,566.0,249.0,54.22,0.0,11.69
yone,bard,815,566.0,249.0,54.22,5.78,-20.89
yone,blitzcrank,815,566.0,249.0,54.22,-54.22,45.78
yone,brand,815,566.0,249.0,54.22,-4.22,0.0
yone,braum,815,566.0,249.0,54.22,0.33,8.94
yone,caitlyn,815,566.0,249.0,54.22,20.78,45.78
yone,camille,815,566.0,249.0,54.22,-29.22,-54.22
yone,chogath,815,566.0,249.0,54.22,-20.89,-20.89
yone,corki,815,566.0,249.0,54.22,-17.86,21.39
yone,diana,815,566.0,249.0,54.22,0.0,45.78
yone,draven,815,566.0,249.0,54.22,12.45,-54.22
yone,elise,815,566.0,249.0,54.22,2.92,20.78
yone,ezreal,815,566.0,249.0,54.22,10.64,-0.37
yone,fiddlesticks,815,566.0,249.0,54.22,45.78,0.0
yone,galio,815,566.0,249.0,54.22,-34.22,5.78
yone,gangplank,815,566.0,249.0,54.22,-4.22,0.0
yone,gnar,815,566.0,249.0,54.22,1.34,7.32
yone,gragas,815,566.0,249.0,54.22,20.78,-29.22
yone,gwen,815,566.0,249.0,54.22,4.87,-16.72
yone,ivern,815,566.0,249.0,54.22,-4.22,-4.22
yone,jarvan iv,815,566.0,249.0,54.22,-20.89,-4.22
yone,jax,815,566.0,249.0,54.22,-20.89,2.03
yone,jayce,815,566.0,249.0,54.22,-24.81,3.67
yone,jhin,815,566.0,249.0,54.22,4.6,7.68
yone,jinx,815,566.0,249.0,54.22,-20.89,-4.22
yone,kaisa,815,566.0,249.0,54.22,1.34,5.16
yone,kalista,815,566.0,249.0,54.22,15.78,12.45
yone,karma,815,566.0,249.0,54.22,29.11,1.34
yone,karthus,815,566.0,249.0,54.22,45.78,45.78
yone,kennen,815,566.0,249.0,54.22,20.78,45.78
yone,kindred,815,566.0,249.0,54.22,0.0,45.78
yone,kog,815,566.0,249.0,54.22,45.78,0.0
yone,ksante,815,566.0,249.0,54.22,2.92,9.42
yone,lee sin,815,566.0,249.0,54.22,0.0,-4.22
yone,leona,815,566.0,249.0,54.22,-4.22,10.07
yone,lillia,815,566.0,249.0,54.22,5.78,2.92
yone,lucian,815,566.0,249.0,54.22,-4.22,19.11
yone,lulu,815,566.0,249.0,54.22,-4.22,45.78
yone,malphite,815,566.0,249.0,54.22,0.0,45.78
yone,maokai,815,566.0,249.0,54.22,-0.73,10.07
yone,mel,815,566.0,249.0,54.22,-54.22,0.0
yone,milio,815,566.0,249.0,54.22,0.0,-4.22
yone,miss fortune,815,566.0,249.0,54.22,-2.05,-10.22
yone,mordekaiser,815,566.0,249.0,54.22,0.0,45.78
yone,morgana,815,566.0,249.0,54.22,0.0,-54.22
yone,mundo,815,566.0,249.0,54.22,-54.22,-54.22
yone,naafiri,815,566.0,249.0,54.22,-20.89,-8.07
yone,nami,815,566.0,249.0,54.22,-54.22,45.78
yone,nautilus,815,566.0,249.0,54.22,-2.37,1.34
yone,neeko,815,566.0,249.0,54.22,-4.22,12.45
yone,nidalee,815,566.0,249.0,54.22,18.0,-0.37
yone,nocturne,815,566.0,249.0,54.22,-4.22,-54.22
yone,olaf,815,566.0,249.0,54.22,0.0,-4.22
yone,orianna,815,566.0,249.0,54.22,0.0,-25.65
yone,ornn,815,566.0,249.0,54.22,-4.22,-15.76
yone,pantheon,815,566.0,249.0,54.22,-4.22,4.87
yone,poppy,815,566.0,249.0,54.22,7.32,-4.22
yone,pyke,815,566.0,249.0,54.22,-4.22,-54.22
yone,rakan,815,566.0,249.0,54.22,11.41,-6.6
yone,rell,815,566.0,249.0,54.22,-0.17,-14.22
yone,renata glasc,815,566.0,249.0,54.22,1.34,12.45
yone,renekton,815,566.0,249.0,54.22,38.09,12.45
yone,rumble,815,566.0,249.0,54.22,4.71,-14.22
yone,ryze,815,566.0,249.0,54.22,0.0,-24.22
yone,sejuani,815,566.0,249.0,54.22,-0.68,4.87
yone,senna,815,566.0,249.0,54.22,12.45,5.78
yone,seraphine,815,566.0,249.0,54.22,-54.22,45.78
yone,sett,815,566.0,249.0,54.22,45.78,5.78
yone,shen,815,566.0,249.0,54.22,-4.22,45.78
yone,sion,815,566.0,249.0,54.22,-8.77,-1.84
yone,sivir,815,566.0,249.0,54.22,-4.22,-4.22
yone,skarner,815,566.0,249.0,54.22,-4.22,-4.22
yone,smolder,815,566.0,249.0,54.22,45.78,-4.22
yone,sylas,815,566.0,249.0,54.22,45.78,-14.22
yone,taliyah,815,566.0,249.0,54.22,0.0,2.3
yone,taric,815,566.0,249.0,54.22,-4.22,-54.22
yone,tristana,815,566.0,249.0,54.22,20.78,2.03
yone,trundle,815,566.0,249.0,54.22,-20.89,4.6
yone,twisted fate,815,566.0,249.0,54.22,0.0,-4.22
yone,udyr,815,566.0,249.0,54.22,-20.89,45.78
yone,urgot,815,566.0,249.0,54.22,-54.22,0.0
yone,varus,815,566.0,249.0,54.22,-2.61,-14.93
yone,vex,815,566.0,249.0,54.22,45.78,-54.22
yone,vi,815,566.0,249.0,54.22,5.78,1.34
yone,viego,815,566.0,249.0,54.22,-20.89,17.21
yone,viktor,815,566.0,249.0,54.22,-54.22,2.03
yone,vladimir,815,566.0,249.0,54.22,-20.89,0.0
yone,volibear,815,566.0,249.0,54.22,-54.22,0.0
yone,warwick,815,566.0,249.0,54.22,-54.22,0.0
yone,wukong,815,566.0,249.0,54.22,-20.89,7.32
yone,xayah,815,566.0,249.0,54.22,12.45,9.42
yone,xin zhao,815,566.0,249.0,54.22,0.0,-13.59
yone,yasuo,815,566.0,249.0,54.22,-54.22,20.78
yone,yorick,815,566.0,249.0,54.22,8.28,-16.72
yone,yunara,815,566.0,249.0,54.22,45.78,-54.22
yone,yuumi,815,566.0,249.0,54.22,-54.22,0.0
yone,zac,815,566.0,249.0,54.22,0.0,45.78
yone,zed,815,566.0,249.0,54.22,0.0,12.45
yone,zeri,815,566.0,249.0,54.22,-4.22,-11.36
yone,ziggs,815,566.0,249.0,54.22,-24.22,-9.78
yone,zyra,815,566.0,249.0,54.22,7.32,9.42
jinx,aatrox,129,41.0,88.0,54.55,-4.55,45.45
jinx,ahri,129,41.0,88.0,54.55,16.88,-14.55
jinx,akali,129,41.0,88.0,54.55,-14.55,45.45
jinx,alistar,129,41.0,88.0,54.55,1.01,-37.88
jinx,ambessa,129,41.0,88.0,54.55,1.01,-14.55
jinx,anivia,129,41.0,88.0,54.55,45.45,0.0
jinx,annie,129,41.0,88.0,54.55,-21.22,-21.22
jinx,aphelios,129,41.0,88.0,54.55,0.0,25.45
jinx,ashe,129,41.0,88.0,54.55,0.0,45.45
jinx,aurelion sol,129,41.0,88.0,54.55,-54.55,0.0
jinx,aurora,129,41.0,88.0,54.55,7.95,25.45
jinx,azir,129,41.0,88.0,54.55,-4.55,14.68
jinx,bard,129,41.0,88.0,54.55,0.0,-4.55
jinx,blitzcrank,129,41.0,88.0,54.55,45.45,-54.55
jinx,braum,129,41.0,88.0,54.55,-14.55,-4.55
jinx,caitlyn,129,41.0,88.0,54.55,0.0,-54.55
jinx,camille,129,41.0,88.0,54.55,45.45,-4.55
jinx,cassiopeia,129,41.0,88.0,54.55,45.45,0.0
jinx,chogath,129,41.0,88.0,54.55,0.0,-54.55
jinx,corki,129,41.0,88.0,54.55,45.45,20.45
jinx,draven,129,41.0,88.0,54.55,0.0,45.45
jinx,elise,129,41.0,88.0,54.55,-54.55,-4.55
jinx,ezreal,129,41.0,88.0,54.55,0.0,-29.55
jinx,galio,129,41.0,88.0,54.55,1.01,1.01
jinx,gangplank,129,41.0,88.0,54.55,0.0,45.45
jinx,gnar,129,41.0,88.0,54.55,-4.55,12.12
jinx,gragas,129,41.0,88.0,54.55,45.45,45.45
jinx,gwen,129,41.0,88.0,54.55,5.45,-54.55
jinx,hwei,129,41.0,88.0,54.55,-29.55,45.45
jinx,ivern,129,41.0,88.0,54.55,0.0,-54.55
jinx,jarvan iv,129,41.0,88.0,54.55,45.45,45.45
jinx,jax,129,41.0,88.0,54.55,25.45,12.12
jinx,jayce,129,41.0,88.0,54.55,5.45,-29.55
jinx,jhin,129,41.0,88.0,54.55,0.0,12.12
jinx,kaisa,129,41.0,88.0,54.55,0.0,12.12
jinx,karma,129,41.0,88.0,54.55,0.0,-4.55
jinx,kassadin,129,41.0,88.0,54.55,-54.55,-54.55
jinx,kennen,129,41.0,88.0,54.55,0.0,45.45
jinx,kindred,129,41.0,88.0,54.55,45.45,-4.55
jinx,ksante,129,41.0,88.0,54.55,-21.22,12.12
jinx,lee sin,129,41.0,88.0,54.55,-21.22,-4.55
jinx,leona,129,41.0,88.0,54.55,-21.22,1.01
jinx,lillia,129,41.0,88.0,54.55,45.45,-21.22
jinx,lucian,129,41.0,88.0,54.55,0.0,-54.55
jinx,lulu,129,41.0,88.0,54.55,7.35,-4.55
jinx,maokai,129,41.0,88.0,54.55,20.45,-4.55
jinx,milio,129,41.0,88.0,54.55,-54.55,45.45
jinx,miss fortune,129,41.0,88.0,54.55,0.0,-11.69
jinx,mundo,129,41.0,88.0,54.55,-54.55,0.0
jinx,naafiri,129,41.0,88.0,54.55,0.0,-54.55
jinx,nautilus,129,41.0,88.0,54.55,0.0,12.12
jinx,neeko,129,41.0,88.0,54.55,45.45,-4.55
jinx,nidalee,129,41.0,88.0,54.55,45.45,45.45
jinx,nocturne,129,41.0,88.0,54.55,-37.88,-14.55
jinx,olaf,129,41.0,88.0,54.55,0.0,45.45
jinx,orianna,129,41.0,88.0,54.55,-4.55,2.59
jinx,ornn,129,41.0,88.0,54.55,-54.55,45.45
jinx,pantheon,129,41.0,88.0,54.55,-29.55,-4.55
jinx,poppy,129,41.0,88.0,54.55,15.45,-8.4
jinx,pyke,129,41.0,88.0,54.55,0.0,45.45
jinx,qiyana,129,41.0,88.0,54.55,-54.55,0.0
jinx,rakan,129,41.0,88.0,54.55,-54.55,-1.22
jinx,reksai,129,41.0,88.0,54.55,-54.55,0.0
jinx,rell,129,41.0,88.0,54.55,-14.55,-4.55
jinx,renata glasc,129,41.0,88.0,54.55,45.45,-4.55
jinx,renekton,129,41.0,88.0,54.55,5.45,16.88
jinx,rumble,129,41.0,88.0,54.55,45.45,2.59
jinx,ryze,129,41.0,88.0,54.55,45.45,-24.55
jinx,sejuani,129,41.0,88.0,54.55,-14.55,31.16
jinx,senna,129,41.0,88.0,54.55,0.0,-54.55
jinx,seraphine,129,41.0,88.0,54.55,45.45,45.45
jinx,shen,129,41.0,88.0,54.55,0.0,45.45
jinx,sion,129,41.0,88.0,54.55,9.09,-54.55
jinx,sivir,129,41.0,88.0,54.55,0.0,2.59
jinx,skarner,129,41.0,88.0,54.55,2.59,-54.55
jinx,smolder,129,41.0,88.0,54.55,0.0,-54.55
jinx,sylas,129,41.0,88.0,54.55,16.88,16.88
jinx,syndra,129,41.0,88.0,54.55,-4.55,45.45
jinx,tahm kench,129,41.0,88.0,54.55,16.88,0.0
jinx,taliyah,129,41.0,88.0,54.55,-4.55,-14.55
jinx,taric,129,41.0,88.0,54.55,0.0,45.45
jinx,thresh,129,41.0,88.0,54.55,-14.55,12.12
jinx,tristana,129,41.0,88.0,54.55,45.45,12.12
jinx,trundle,129,41.0,88.0,54.55,-14.55,-4.55
jinx,twisted fate,129,41.0,88.0,54.55,0.0,-4.55
jinx,twitch,129,41.0,88.0,54.55,0.0,-4.55
jinx,udyr,129,41.0,88.0,54.55,-34.55,45.45
jinx,urgot,129,41.0,88.0,54.55,0.0,45.45
jinx,varus,129,41.0,88.0,54.55,0.0,-54.55
jinx,vi,129,41.0,88.0,54.55,-4.55,45.45
jinx,viego,129,41.0,88.0,54.55,5.45,20.45
jinx,viktor,129,41.0,88.0,54.55,-4.55,-21.22
jinx,volibear,129,41.0,88.0,54.55,45.45,0.0
jinx,wukong,129,41.0,88.0,54.55,-4.55,7.95
jinx,xayah,129,41.0,88.0,54.55,0.0,10.16
jinx,xin zhao,129,41.0,88.0,54.55,9.09,-14.55
jinx,yasuo,129,41.0,88.0,54.55,0.0,45.45
jinx,yone,129,41.0,88.0,54.55,-21.22,-4.55
jinx,yorick,129,41.0,88.0,54.55,-4.55,5.45
jinx,yunara,129,41.0,88.0,54.55,0.0,-4.55
jinx,yuumi,129,41.0,88.0,54.55,0.0,45.45
jinx,zed,129,41.0,88.0,54.55,-54.55,-54.55
jinx,zeri,129,41.0,88.0,54.55,0.0,-17.05
jinx,ziggs,129,41.0,88.0,54.55,-54.55,20.45
jinx,zyra,129,41.0,88.0,54.55,-4.55,5.45
thresh,ahri,29,9.0,20.0,50.0,50.0,0.0
thresh,alistar,29,9.0,20.0,50.0,0.0,50.0
thresh,ambessa,29,9.0,20.0,50.0,50.0,50.0
thresh,annie,29,9.0,20.0,50.0,0.0,0.0
thresh,aphelios,29,9.0,20.0,50.0,10.0,50.0
thresh,ashe,29,9.0,20.0,50.0,50.0,0.0
thresh,aurelion sol,29,9.0,20.0,50.0,0.0,50.0
thresh,aurora,29,9.0,20.0,50.0,-16.67,0.0
thresh,azir,29,9.0,20.0,50.0,-50.0,0.0
thresh,blitzcrank,29,9.0,20.0,50.0,0.0,-50.0
thresh,braum,29,9.0,20.0,50.0,0.0,0.0
thresh,caitlyn,29,9.0,20.0,50.0,-50.0,-50.0
thresh,camille,29,9.0,20.0,50.0,50.0,-50.0
thresh,chogath,29,9.0,20.0,50.0,-50.0,0.0
thresh,corki,29,9.0,20.0,50.0,50.0,0.0
thresh,ezreal,29,9.0,20.0,50.0,0.0,-16.67
thresh,galio,29,9.0,20.0,50.0,0.0,-16.67
thresh,gnar,29,9.0,20.0,50.0,0.0,-16.67
thresh,gragas,29,9.0,20.0,50.0,50.0,-50.0
thresh,gwen,29,9.0,20.0,50.0,-50.0,0.0
thresh,hwei,29,9.0,20.0,50.0,-50.0,50.0
thresh,jarvan iv,29,9.0,20.0,50.0,0.0,0.0
thresh,jax,29,9.0,20.0,50.0,-50.0,0.0
thresh,jayce,29,9.0,20.0,50.0,0.0,0.0
thresh,jhin,29,9.0,20.0,50.0,0.0,16.67
thresh,jinx,29,9.0,20.0,50.0,-10.0,-16.67
thresh,kalista,29,9.0,20.0,50.0,0.0,50.0
thresh,karma,29,9.0,20.0,50.0,0.0,0.0
thresh,kassadin,29,9.0,20.0,50.0,0.0,-50.0
thresh,ksante,29,9.0,20.0,50.0,0.0,-50.0
thresh,lee sin,29,9.0,20.0,50.0,-50.0,0.0
thresh,leona,29,9.0,20.0,50.0,0.0,0.0
thresh,lillia,29,9.0,20.0,50.0,50.0,0.0
thresh,lucian,29,9.0,20.0,50.0,50.0,50.0
thresh,lulu,29,9.0,20.0,50.0,0.0,-50.0
thresh,maokai,29,9.0,20.0,50.0,0.0,-50.0
thresh,mundo,29,9.0,20.0,50.0,-50.0,0.0
thresh,naafiri,29,9.0,20.0,50.0,0.0,-50.0
thresh,nautilus,29,9.0,20.0,50.0,0.0,0.0
thresh,nidalee,29,9.0,20.0,50.0,50.0,0.0
thresh,nocturne,29,9.0,20.0,50.0,50.0,0.0
thresh,orianna,29,9.0,20.0,50.0,-16.67,0.0
thresh,ornn,29,9.0,20.0,50.0,0.0,50.0
thresh,pantheon,29,9.0,20.0,50.0,-25.0,50.0
thresh,poppy,29,9.0,20.0,50.0,0.0,50.0
thresh,pyke,29,9.0,20.0,50.0,0.0,50.0
thresh,rakan,29,9.0,20.0,50.0,0.0,0.0
thresh,rell,29,9.0,20.0,50.0,0.0,0.0
thresh,renata glasc,29,9.0,20.0,50.0,0.0,50.0
thresh,renekton,29,9.0,20.0,50.0,50.0,50.0
thresh,rumble,29,9.0,20.0,50.0,50.0,16.67
thresh,ryze,29,9.0,20.0,50.0,0.0,-50.0
thresh,sejuani,29,9.0,20.0,50.0,0.0,16.67
thresh,senna,29,9.0,20.0,50.0,-50.0,50.0
thresh,sion,29,9.0,20.0,50.0,16.67,-50.0
thresh,sivir,29,9.0,20.0,50.0,-50.0,-50.0
thresh,skarner,29,9.0,20.0,50.0,-50.0,0.0
thresh,swain,29,9.0,20.0,50.0,0.0,-50.0
thresh,sylas,29,9.0,20.0,50.0,50.0,-50.0
thresh,tahm kench,29,9.0,20.0,50.0,0.0,50.0
thresh,taliyah,29,9.0,20.0,50.0,-50.0,50.0
thresh,tristana,29,9.0,20.0,50.0,50.0,-50.0
thresh,trundle,29,9.0,20.0,50.0,0.0,0.0
thresh,udyr,29,9.0,20.0,50.0,-50.0,-50.0
thresh,urgot,29,9.0,20.0,50.0,-50.0,0.0
thresh,vi,29,9.0,20.0,50.0,-50.0,50.0
thresh,viego,29,9.0,20.0,50.0,-50.0,-50.0
thresh,viktor,29,9.0,20.0,50.0,50.0,10.0
thresh,wukong,29,9.0,20.0,50.0,0.0,-50.0
thresh,xayah,29,9.0,20.0,50.0,0.0,50.0
thresh,xin zhao,29,9.0,20.0,50.0,50.0,0.0
thresh,zed,29,9.0,20.0,50.0,-50.0,-50.0
thresh,zeri,29,9.0,20.0,50.0,0.0,-50.0
thresh,ziggs,29,9.0,20.0,50.0,0.0,-50.0
thresh,zoe,29,9.0,20.0,50.0,0.0,50.0
alistar,aatrox,852,366.0,486.0,52.67,-11.49,-2.67
alistar,ahri,852,366.0,486.0,52.67,-9.81,-5.05
alistar,akali,852,366.0,486.0,52.67,-0.04,6.15
alistar,ambessa,852,366.0,486.0,52.67,1.88,13.43
alistar,annie,852,366.0,486.0,52.67,8.87,-18.19
alistar,aphelios,852,366.0,486.0,52.67,-2.67,30.66
alistar,ashe,852,366.0,486.0,52.67,7.33,5.66
alistar,aurelion sol,852,366.0,486.0,52.67,-52.67,-52.67
alistar,aurora,852,366.0,486.0,52.67,-3.73,6.95
alistar,azir,852,366.0,486.0,52.67,-7.22,-9.81
alistar,bard,852,366.0,486.0,52.67,0.0,14.0
alistar,blitzcrank,852,366.0,486.0,52.67,0.0,-2.67
alistar,brand,852,366.0,486.0,52.67,14.0,47.33
alistar,braum,852,366.0,486.0,52.67,0.0,-1.92
alistar,caitlyn,852,366.0,486.0,52.67,0.0,47.33
alistar,camille,852,366.0,486.0,52.67,-9.81,-19.34
alistar,cassiopeia,852,366.0,486.0,52.67,-12.67,-2.67
alistar,chogath,852,366.0,486.0,52.67,-27.67,-2.67
alistar,corki,852,366.0,486.0,52.67,-14.03,3.33
alistar,draven,852,366.0,486.0,52.67,0.0,47.33
alistar,ekko,852,366.0,486.0,52.67,47.33,0.0
alistar,elise,852,366.0,486.0,52.67,0.0,47.33
alistar,ezreal,852,366.0,486.0,52.67,-1.88,4.83
alistar,galio,852,366.0,486.0,52.67,-1.39,6.59
alistar,gangplank,852,366.0,486.0,52.67,-52.67,-52.67
alistar,garen,852,366.0,486.0,52.67,47.33,47.33
alistar,gnar,852,366.0,486.0,52.67,-6.0,7.33
alistar,gragas,852,366.0,486.0,52.67,-2.67,10.97
alistar,gwen,852,366.0,486.0,52.67,10.49,-0.67
alistar,hwei,852,366.0,486.0,52.67,-36.0,47.33
alistar,ivern,852,366.0,486.0,52.67,7.33,47.33
alistar,janna,852,366.0,486.0,52.67,0.0,47.33
alistar,jarvan iv,852,366.0,486.0,52.67,11.62,-6.52
alistar,jax,852,366.0,486.0,52.67,8.04,-9.81
alistar,jayce,852,366.0,486.0,52.67,-4.19,10.97
alistar,jhin,852,366.0,486.0,52.67,0.27,14.68
alistar,jinx,852,366.0,486.0,52.67,2.89,30.66
alistar,kaisa,852,366.0,486.0,52.67,4.23,-10.08
alistar,kalista,852,366.0,486.0,52.67,-19.34,-43.58
alistar,karma,852,366.0,486.0,52.67,-52.67,14.0
alistar,karthus,852,366.0,486.0,52.67,47.33,0.0
alistar,kassadin,852,366.0,486.0,52.67,-2.67,-2.67
alistar,kennen,852,366.0,486.0,52.67,47.33,47.33
alistar,kindred,852,366.0,486.0,52.67,-27.67,-2.67
alistar,kled,852,366.0,486.0,52.67,-2.67,0.0
alistar,ksante,852,366.0,486.0,52.67,-8.23,8.31
alistar,leblanc,852,366.0,486.0,52.67,-2.67,-52.67
alistar,lee sin,852,366.0,486.0,52.67,17.33,-7.22
alistar,leona,852,366.0,486.0,52.67,0.0,4.47
alistar,lillia,852,366.0,486.0,52.67,2.33,1.88
alistar,lissandra,852,366.0,486.0,52.67,-52.67,0.0
alistar,lucian,852,366.0,486.0,52.67,-2.67,-4.28
alistar,lulu,852,366.0,486.0,52.67,0.0,14.0
alistar,lux,852,366.0,486.0,52.67,0.0,47.33
alistar,malphite,852,366.0,486.0,52.67,-52.67,0.0
alistar,maokai,852,366.0,486.0,52.67,-5.3,1.5
alistar,mel,852,366.0,486.0,52.67,-52.67,47.33
alistar,milio,852,366.0,486.0,52.67,0.0,-52.67
alistar,miss fortune,852,366.0,486.0,52.67,2.33,-1.73
alistar,mordekaiser,852,366.0,486.0,52.67,0.0,47.33
alistar,morgana,852,366.0,486.0,52.67,-52.67,-52.67
alistar,mundo,852,366.0,486.0,52.67,-2.67,-52.67
alistar,naafiri,852,366.0,486.0,52.67,-4.28,-7.84
alistar,nautilus,852,366.0,486.0,52.67,0.0,1.3
alistar,neeko,852,366.0,486.0,52.67,0.0,-20.85
alistar,nidalee,852,366.0,486.0,52.67,10.97,0.66
alistar,nilah,852,366.0,486.0,52.67,-52.67,0.0
alistar,nocturne,852,366.0,486.0,52.67,-2.67,17.92
alistar,olaf,852,366.0,486.0,52.67,-52.67,-19.34
alistar,orianna,852,366.0,486.0,52.67,3.74,1.88
alistar,ornn,852,366.0,486.0,52.67,-2.67,4.47
alistar,pantheon,852,366.0,486.0,52.67,-0.17,-1.61
alistar,poppy,852,366.0,486.0,52.67,-5.05,-8.92
alistar,pyke,852,366.0,486.0,52.67,0.0,47.33
alistar,qiyana,852,366.0,486.0,52.67,14.0,-12.67
alistar,rakan,852,366.0,486.0,52.67,0.0,-7.48
alistar,reksai,852,366.0,486.0,52.67,47.33,-2.67
alistar,rell,852,366.0,486.0,52.67,0.0,7.73
alistar,renata glasc,852,366.0,486.0,52.67,0.0,-17.38
alistar,renekton,852,366.0,486.0,52.67,2.17,-2.67
alistar,rumble,852,366.0,486.0,52.67,2.54,-6.33
alistar,ryze,852,366.0,486.0,52.67,14.77,-8.48
alistar,sejuani,852,366.0,486.0,52.67,-6.24,14.0
alistar,senna,852,366.0,486.0,52.67,2.33,22.33
alistar,seraphine,852,366.0,486.0,52.67,0.0,47.33
alistar,shen,852,366.0,486.0,52.67,-52.67,14.0
alistar,sion,852,366.0,486.0,52.67,-6.0,-20.06
alistar,sivir,852,366.0,486.0,52.67,-6.67,17.33
alistar,skarner,852,366.0,486.0,52.67,2.5,2.09
alistar,smolder,852,366.0,486.0,52.67,-2.67,-25.4
alistar,swain,852,366.0,486.0,52.67,0.0,-52.67
alistar,sylas,852,366.0,486.0,52.67,5.66,-12.67
alistar,syndra,852,366.0,486.0,52.67,14.0,-52.67
alistar,tahm kench,852,366.0,486.0,52.67,0.0,47.33
alistar,taliyah,852,366.0,486.0,52.67,4.83,-2.02
alistar,taric,852,366.0,486.0,52.67,0.0,47.33
alistar,thresh,852,366.0,486.0,52.67,0.0,-52.67
alistar,tristana,852,366.0,486.0,52.67,16.08,4.47
alistar,trundle,852,366.0,486.0,52.67,-11.93,-4.84
alistar,tryndamere,852,366.0,486.0,52.67,0.0,-52.67
alistar,twisted fate,852,366.0,486.0,52.67,7.33,-2.67
alistar,udyr,852,366.0,486.0,52.67,47.33,47.33
alistar,urgot,852,366.0,486.0,52.67,0.0,47.33
alistar,varus,852,366.0,486.0,52.67,9.67,-6.77
alistar,vayne,852,366.0,486.0,52.67,0.0,-52.67
alistar,vi,852,366.0,486.0,52.67,6.15,-15.42
alistar,viego,852,366.0,486.0,52.67,-25.4,14.0
alistar,viktor,852,366.0,486.0,52.67,-0.5,19.21
alistar,vladimir,852,366.0,486.0,52.67,-27.67,0.0
alistar,warwick,852,366.0,486.0,52.67,47.33,0.0
alistar,wukong,852,366.0,486.0,52.67,4.47,3.33
alistar,xayah,852,366.0,486.0,52.67,-6.0,-13.78
alistar,xin zhao,852,366.0,486.0,52.67,-0.67,-0.82
alistar,yasuo,852,366.0,486.0,52.67,-32.67,47.33
alistar,yone,852,366.0,486.0,52.67,1.38,6.9
alistar,yorick,852,366.0,486.0,52.67,15.75,7.33
alistar,yunara,852,366.0,486.0,52.67,-9.81,14.0
alistar,zac,852,366.0,486.0,52.67,-2.67,0.0
alistar,zed,852,366.0,486.0,52.67,7.33,-2.67
alistar,zeri,852,366.0,486.0,52.67,14.0,18.76
alistar,ziggs,852,366.0,486.0,52.67,-2.67,7.33
alistar,zyra,852,366.0,486.0,52.67,-2.67,18.76
wukong,aatrox,563,207.0,356.0,49.72,-2.66,19.51
wukong,ahri,563,207.0,356.0,49.72,0.28,15.5
wukong,akali,563,207.0,356.0,49.72,6.53,-13.36
wukong,alistar,563,207.0,356.0,49.72,7.42,-5.72
wukong,ambessa,563,207.0,356.0,49.72,-5.97,-5.53
wukong,anivia,563,207.0,356.0,49.72,0.0,16.95
wukong,annie,563,207.0,356.0,49.72,15.59,-11.79
wukong,aphelios,563,207.0,356.0,49.72,-49.72,50.28
wukong,ashe,563,207.0,356.0,49.72,-29.72,0.28
wukong,aurelion sol,563,207.0,356.0,49.72,50.28,50.28
wukong,aurora,563,207.0,356.0,49.72,-8.05,-1.24
wukong,azir,563,207.0,356.0,49.72,-10.59,6.28
wukong,bard,563,207.0,356.0,49.72,3.61,-5.28
wukong,blitzcrank,563,207.0,356.0,49.72,50.28,0.28
wukong,braum,563,207.0,356.0,49.72,-8.05,5.84
wukong,caitlyn,563,207.0,356.0,49.72,12.78,-9.72
wukong,camille,563,207.0,356.0,49.72,-9.72,-21.15
wukong,cassiopeia,563,207.0,356.0,49.72,16.95,50.28
wukong,chogath,563,207.0,356.0,49.72,50.28,10.28
wukong,corki,563,207.0,356.0,49.72,0.28,3.61
wukong,diana,563,207.0,356.0,49.72,0.0,50.28
wukong,draven,563,207.0,356.0,49.72,0.28,50.28
wukong,elise,563,207.0,356.0,49.72,0.0,5.84
wukong,ezreal,563,207.0,356.0,49.72,-9.72,-1.72
wukong,galio,563,207.0,356.0,49.72,1.56,-3.77
wukong,gangplank,563,207.0,356.0,49.72,0.0,50.28
wukong,garen,563,207.0,356.0,49.72,50.28,0.0
wukong,gnar,563,207.0,356.0,49.72,0.28,-16.39
wukong,gragas,563,207.0,356.0,49.72,-9.72,0.28
wukong,gwen,563,207.0,356.0,49.72,2.91,9.8
wukong,hwei,563,207.0,356.0,49.72,-24.72,0.28
wukong,jarvan iv,563,207.0,356.0,49.72,0.0,-8.05
wukong,jax,563,207.0,356.0,49.72,-9.72,0.28
wukong,jayce,563,207.0,356.0,49.72,-4.72,0.28
wukong,jhin,563,207.0,356.0,49.72,7.86,12.78
wukong,jinx,563,207.0,356.0,49.72,0.28,-12.22
wukong,kaisa,563,207.0,356.0,49.72,3.77,-9.72
wukong,kalista,563,207.0,356.0,49.72,-24.72,-16.39
wukong,karma,563,207.0,356.0,49.72,0.28,-16.39
wukong,kennen,563,207.0,356.0,49.72,-49.72,-49.72
wukong,kled,563,207.0,356.0,49.72,0.28,-49.72
wukong,kog,563,207.0,356.0,49.72,-49.72,0.0
wukong,ksante,563,207.0,356.0,49.72,-13.36,-3.57
wukong,leblanc,563,207.0,356.0,49.72,0.28,0.0
wukong,lee sin,563,207.0,356.0,49.72,0.0,4.13
wukong,leona,563,207.0,356.0,49.72,-16.39,-4.72
wukong,lillia,563,207.0,356.0,49.72,50.28,7.42
wukong,lissandra,563,207.0,356.0,49.72,0.28,0.0
wukong,lucian,563,207.0,356.0,49.72,4.83,6.8
wukong,lulu,563,207.0,356.0,49.72,10.28,-21.15
wukong,malzahar,563,207.0,356.0,49.72,0.0,50.28
wukong,maokai,563,207.0,356.0,49.72,-16.39,-4.27
wukong,mel,563,207.0,356.0,49.72,-49.72,50.28
wukong,milio,563,207.0,356.0,49.72,-49.72,0.0
wukong,miss fortune,563,207.0,356.0,49.72,-12.22,10.28
wukong,morgana,563,207.0,356.0,49.72,-49.72,50.28
wukong,naafiri,563,207.0,356.0,49.72,0.0,3.22
wukong,nami,563,207.0,356.0,49.72,10.28,16.95
wukong,nautilus,563,207.0,356.0,49.72,-5.6,15.5
wukong,neeko,563,207.0,356.0,49.72,-5.97,-8.05
wukong,nidalee,563,207.0,356.0,49.72,0.28,-16.39
wukong,nilah,563,207.0,356.0,49.72,50.28,0.0
wukong,nocturne,563,207.0,356.0,49.72,0.0,-9.72
wukong,nunu,563,207.0,356.0,49.72,0.0,50.28
wukong,olaf,563,207.0,356.0,49.72,-49.72,-16.39
wukong,orianna,563,207.0,356.0,49.72,3.22,8.61
wukong,ornn,563,207.0,356.0,49.72,20.28,-5.72
wukong,pantheon,563,207.0,356.0,49.72,0.0,-2.35
wukong,poppy,563,207.0,356.0,49.72,12.78,-17.72
wukong,pyke,563,207.0,356.0,49.72,16.95,-49.72
wukong,qiyana,563,207.0,356.0,49.72,0.0,-24.72
wukong,rakan,563,207.0,356.0,49.72,12.78,2.55
wukong,reksai,563,207.0,356.0,49.72,0.0,-49.72
wukong,rell,563,207.0,356.0,49.72,5.18,6.42
wukong,renata glasc,563,207.0,356.0,49.72,-24.72,-10.83
wukong,renekton,563,207.0,356.0,49.72,5.84,-18.95
wukong,rumble,563,207.0,356.0,49.72,7.0,2.36
wukong,ryze,563,207.0,356.0,49.72,1.89,-10.83
wukong,sejuani,563,207.0,356.0,49.72,0.28,-15.24
wukong,senna,563,207.0,356.0,49.72,10.28,8.17
wukong,sett,563,207.0,356.0,49.72,50.28,50.28
wukong,shen,563,207.0,356.0,49.72,0.0,-29.72
wukong,sion,563,207.0,356.0,49.72,-1.24,7.42
wukong,sivir,563,207.0,356.0,49.72,-4.27,-13.72
wukong,skarner,563,207.0,356.0,49.72,0.0,3.61
wukong,smolder,563,207.0,356.0,49.72,0.28,50.28
wukong,soraka,563,207.0,356.0,49.72,0.0,-49.72
wukong,swain,563,207.0,356.0,49.72,50.28,0.0
wukong,sylas,563,207.0,356.0,49.72,-26.64,0.28
wukong,syndra,563,207.0,356.0,49.72,-16.39,0.28
wukong,tahm kench,563,207.0,356.0,49.72,-49.72,0.28
wukong,taliyah,563,207.0,356.0,49.72,7.78,-5.28
wukong,taric,563,207.0,356.0,49.72,-49.72,-49.72
wukong,thresh,563,207.0,356.0,49.72,0.0,50.28
wukong,tristana,563,207.0,356.0,49.72,-49.72,0.28
wukong,trundle,563,207.0,356.0,49.72,0.0,8.9
wukong,tryndamere,563,207.0,356.0,49.72,0.0,50.28
wukong,twisted fate,563,207.0,356.0,49.72,0.0,50.28
wukong,udyr,563,207.0,356.0,49.72,-49.72,0.28
wukong,varus,563,207.0,356.0,49.72,3.85,-2.5
wukong,vayne,563,207.0,356.0,49.72,-49.72,0.0
wukong,vi,563,207.0,356.0,49.72,0.0,-0.78
wukong,viego,563,207.0,356.0,49.72,0.0,10.28
wukong,viktor,563,207.0,356.0,49.72,-7.61,1.89
wukong,vladimir,563,207.0,356.0,49.72,50.28,-49.72
wukong,volibear,563,207.0,356.0,49.72,0.0,50.28
wukong,xayah,563,207.0,356.0,49.72,13.92,-4.27
wukong,xerath,563,207.0,356.0,49.72,-49.72,0.0
wukong,xin zhao,563,207.0,356.0,49.72,-49.72,6.19
wukong,yasuo,563,207.0,356.0,49.72,50.28,50.28
wukong,yone,563,207.0,356.0,49.72,-16.39,-11.26
wukong,yorick,563,207.0,356.0,49.72,0.28,0.28
wukong,yunara,563,207.0,356.0,49.72,7.42,2.91
wukong,yuumi,563,207.0,356.0,49.72,-49.72,-49.72
wukong,zeri,563,207.0,356.0,49.72,3.61,12.78
wukong,ziggs,563,207.0,356.0,49.72,-6.86,0.28
wukong,zilean,563,207.0,356.0,49.72,-49.72,50.28
wukong,zoe,563,207.0,356.0,49.72,0.28,0.0
wukong,zyra,563,207.0,356.0,49.72,0.0,16.95
galio,aatrox,492,223.0,269.0,50.56,-17.23,-0.56
galio,ahri,492,223.0,269.0,50.56,9.44,-5.56
galio,akali,492,223.0,269.0,50.56,-30.56,16.11
galio,alistar,492,223.0,269.0,50.56,0.72,-9.82
galio,ambessa,492,223.0,269.0,50.56,9.44,0.87
galio,anivia,492,223.0,269.0,50.56,49.44,0.0
galio,annie,492,223.0,269.0,50.56,0.0,-6.44
galio,aphelios,492,223.0,269.0,50.56,-50.56,16.11
galio,ashe,492,223.0,269.0,50.56,-7.7,-14.2
galio,aurelion sol,492,223.0,269.0,50.56,0.0,-50.56
galio,aurora,492,223.0,269.0,50.56,2.77,-5.4
galio,azir,492,223.0,269.0,50.56,35.15,-6.12
galio,bard,492,223.0,269.0,50.56,-13.06,-5.11
galio,blitzcrank,492,223.0,269.0,50.56,0.0,-50.56
galio,braum,492,223.0,269.0,50.56,-23.29,-5.4
galio,caitlyn,492,223.0,269.0,50.56,29.44,-0.56
galio,camille,492,223.0,269.0,50.56,3.29,24.44
galio,cassiopeia,492,223.0,269.0,50.56,0.0,24.44
galio,chogath,492,223.0,269.0,50.56,49.44,16.11
galio,corki,492,223.0,269.0,50.56,14.15,5.69
galio,draven,492,223.0,269.0,50.56,-50.56,-0.56
galio,elise,492,223.0,269.0,50.56,20.87,16.11
galio,ezreal,492,223.0,269.0,50.56,1.29,-5.11
galio,gnar,492,223.0,269.0,50.56,-6.12,49.44
galio,gragas,492,223.0,269.0,50.56,-0.56,-0.56
galio,gwen,492,223.0,269.0,50.56,10.98,-38.06
galio,hwei,492,223.0,269.0,50.56,-50.56,16.11
galio,janna,492,223.0,269.0,50.56,0.0,-50.56
galio,jarvan iv,492,223.0,269.0,50.56,13.73,-40.56
galio,jax,492,223.0,269.0,50.56,-0.56,6.58
galio,jayce,492,223.0,269.0,50.56,-37.23,-50.56
galio,jhin,492,223.0,269.0,50.56,-15.27,3.99
galio,jinx,492,223.0,269.0,50.56,5.0,-6.12
galio,kaisa,492,223.0,269.0,50.56,-5.82,3.99
galio,kalista,492,223.0,269.0,50.56,22.17,-0.56
galio,karma,492,223.0,269.0,50.56,-14.2,-17.23
galio,kennen,492,223.0,269.0,50.56,-0.56,-0.56
galio,kindred,492,223.0,269.0,50.56,-36.27,0.0
galio,ksante,492,223.0,269.0,50.56,-7.7,9.44
galio,leblanc,492,223.0,269.0,50.56,49.44,0.0
galio,lee sin,492,223.0,269.0,50.56,-25.56,16.11
galio,leona,492,223.0,269.0,50.56,-4.73,13.08
galio,lillia,492,223.0,269.0,50.56,-17.23,9.44
galio,lucian,492,223.0,269.0,50.56,-19.31,20.87
galio,lulu,492,223.0,269.0,50.56,9.44,-30.56
galio,lux,492,223.0,269.0,50.56,49.44,0.0
galio,maokai,492,223.0,269.0,50.56,-50.56,-50.56
galio,mel,492,223.0,269.0,50.56,-50.56,49.44
galio,milio,492,223.0,269.0,50.56,-50.56,0.0
galio,miss fortune,492,223.0,269.0,50.56,7.77,-2.94
galio,mordekaiser,492,223.0,269.0,50.56,0.0,-50.56
galio,naafiri,492,223.0,269.0,50.56,-3.19,-3.89
galio,nami,492,223.0,269.0,50.56,-0.56,49.44
galio,nautilus,492,223.0,269.0,50.56,4.44,12.77
galio,neeko,492,223.0,269.0,50.56,16.11,14.15
galio,nidalee,492,223.0,269.0,50.56,-0.56,-0.56
galio,nilah,492,223.0,269.0,50.56,0.0,-50.56
galio,nocturne,492,223.0,269.0,50.56,13.08,-8.89
galio,olaf,492,223.0,269.0,50.56,-50.56,0.0
galio,orianna,492,223.0,269.0,50.56,-0.56,-3.5
galio,ornn,492,223.0,269.0,50.56,5.0,-0.56
galio,pantheon,492,223.0,269.0,50.56,-4.13,-10.56
galio,poppy,492,223.0,269.0,50.56,34.06,-4.41
galio,pyke,492,223.0,269.0,50.56,49.44,-50.56
galio,qiyana,492,223.0,269.0,50.56,-0.56,-50.56
galio,rakan,492,223.0,269.0,50.56,-5.73,2.57
galio,reksai,492,223.0,269.0,50.56,16.11,0.0
galio,rell,492,223.0,269.0,50.56,-13.06,-10.56
galio,renata glasc,492,223.0,269.0,50.56,3.99,-10.56
galio,renekton,492,223.0,269.0,50.56,-17.23,-10.56
galio,rumble,492,223.0,269.0,50.56,-6.12,6.02
galio,ryze,492,223.0,269.0,50.56,16.11,5.0
galio,sejuani,492,223.0,269.0,50.56,-25.56,10.98
galio,senna,492,223.0,269.0,50.56,-5.11,6.58
galio,seraphine,492,223.0,269.0,50.56,-50.56,0.0
galio,sett,492,223.0,269.0,50.56,49.44,0.0
galio,shen,492,223.0,269.0,50.56,49.44,-50.56
galio,sion,492,223.0,269.0,50.56,5.0,-0.56
galio,sivir,492,223.0,269.0,50.56,20.87,-3.89
galio,skarner,492,223.0,269.0,50.56,38.33,20.03
galio,smolder,492,223.0,269.0,50.56,16.11,-50.56
galio,soraka,492,223.0,269.0,50.56,49.44,0.0
galio,swain,492,223.0,269.0,50.56,0.0,-50.56
galio,sylas,492,223.0,269.0,50.56,24.44,10.55
galio,syndra,492,223.0,269.0,50.56,0.0,49.44
galio,tahm kench,492,223.0,269.0,50.56,-50.56,0.0
galio,taliyah,492,223.0,269.0,50.56,-17.23,-5.4
galio,taric,492,223.0,269.0,50.56,49.44,0.0
galio,thresh,492,223.0,269.0,50.56,-0.56,16.11
galio,tristana,492,223.0,269.0,50.56,-30.56,-0.56
galio,trundle,492,223.0,269.0,50.56,-21.99,-4.41
galio,tryndamere,492,223.0,269.0,50.56,0.0,49.44
galio,twisted fate,492,223.0,269.0,50.56,0.0,49.44
galio,twitch,492,223.0,269.0,50.56,0.0,-50.56
galio,udyr,492,223.0,269.0,50.56,0.0,49.44
galio,urgot,492,223.0,269.0,50.56,-50.56,49.44
galio,varus,492,223.0,269.0,50.56,1.94,11.34
galio,vayne,492,223.0,269.0,50.56,-50.56,0.0
galio,vi,492,223.0,269.0,50.56,9.44,-0.56
galio,viego,492,223.0,269.0,50.56,-9.38,20.87
galio,viktor,492,223.0,269.0,50.56,49.44,23.12
galio,vladimir,492,223.0,269.0,50.56,49.44,0.0
galio,volibear,492,223.0,269.0,50.56,49.44,0.0
galio,wukong,492,223.0,269.0,50.56,0.72,3.49
galio,xayah,492,223.0,269.0,50.56,-0.56,2.57
galio,xin zhao,492,223.0,269.0,50.56,-2.17,14.3
galio,yone,492,223.0,269.0,50.56,-30.56,-10.56
galio,yorick,492,223.0,269.0,50.56,-0.56,13.08
galio,yunara,492,223.0,269.0,50.56,6.58,-10.56
galio,zed,492,223.0,269.0,50.56,9.44,-50.56
galio,zeri,492,223.0,269.0,50.56,-4.41,-17.23
galio,ziggs,492,223.0,269.0,50.56,9.44,9.44
galio,zilean,492,223.0,269.0,50.56,0.0,49.44
galio,zoe,492,223.0,269.0,50.56,49.44,-50.56
galio,zyra,492,223.0,269.0,50.56,49.44,0.0
rell,aatrox,662,158.0,504.0,47.62,7.94,5.71
rell,ahri,662,158.0,504.0,47.62,3.6,10.52
rell,akali,662,158.0,504.0,47.62,-2.62,-4.76
rell,alistar,662,158.0,504.0,47.62,0.0,-8.02
rell,ambessa,662,158.0,504.0,47.62,-16.25,4.84
rell,annie,662,158.0,504.0,47.62,3.81,-14.29
rell,aphelios,662,158.0,504.0,47.62,2.38,2.38
rell,ashe,662,158.0,504.0,47.62,22.38,6.93
rell,aurelion sol,662,158.0,504.0,47.62,52.38,0.0
rell,aurora,662,158.0,504.0,47.62,4.46,8.52
rell,azir,662,158.0,504.0,47.62,-0.81,-8.04
rell,bard,662,158.0,504.0,47.62,0.0,-20.35
rell,blitzcrank,662,158.0,504.0,47.62,0.0,-47.62
rell,brand,662,158.0,504.0,47.62,-47.62,27.38
rell,braum,662,158.0,504.0,47.62,0.0,6.35
rell,caitlyn,662,158.0,504.0,47.62,0.0,-10.12
rell,camille,662,158.0,504.0,47.62,35.71,6.93
rell,cassiopeia,662,158.0,504.0,47.62,-14.29,-7.62
rell,chogath,662,158.0,504.0,47.62,-4.76,2.38
rell,corki,662,158.0,504.0,47.62,-4.06,18.53
rell,diana,662,158.0,504.0,47.62,-47.62,52.38
rell,draven,662,158.0,504.0,47.62,27.38,2.38
rell,elise,662,158.0,504.0,47.62,0.0,2.38
rell,ezreal,662,158.0,504.0,47.62,-1.47,-3.0
rell,galio,662,158.0,504.0,47.62,-10.12,12.38
rell,gangplank,662,158.0,504.0,47.62,-14.29,0.0
rell,garen,662,158.0,504.0,47.62,-47.62,-47.62
rell,gnar,662,158.0,504.0,47.62,7.38,-20.95
rell,gragas,662,158.0,504.0,47.62,-7.62,7.94
rell,gwen,662,158.0,504.0,47.62,1.36,1.36
rell,hwei,662,158.0,504.0,47.62,9.52,-27.62
rell,irelia,662,158.0,504.0,47.62,52.38,0.0
rell,ivern,662,158.0,504.0,47.62,0.0,2.38
rell,jarvan iv,662,158.0,504.0,47.62,8.63,-10.12
rell,jax,662,158.0,504.0,47.62,-20.95,-5.31
rell,jayce,662,158.0,504.0,47.62,1.32,6.23
rell,jhin,662,158.0,504.0,47.62,-8.56,-5.12
rell,jinx,662,158.0,504.0,47.62,-7.62,2.38
rell,kaisa,662,158.0,504.0,47.62,3.23,-9.62
rell,kalista,662,158.0,504.0,47.62,14.88,12.38
rell,karma,662,158.0,504.0,47.62,-47.62,-19.05
rell,karthus,662,158.0,504.0,47.62,-47.62,0.0
rell,kassadin,662,158.0,504.0,47.62,0.0,-47.62
rell,kennen,662,158.0,504.0,47.62,35.71,-47.62
rell,kindred,662,158.0,504.0,47.62,19.05,52.38
rell,kled,662,158.0,504.0,47.62,-14.29,52.38
rell,ksante,662,158.0,504.0,47.62,-1.11,-1.67
rell,leblanc,662,158.0,504.0,47.62,-7.62,-47.62
rell,lee sin,662,158.0,504.0,47.62,-5.95,19.05
rell,leona,662,158.0,504.0,47.62,0.0,3.77
rell,lillia,662,158.0,504.0,47.62,-2.62,-22.62
rell,lucian,662,158.0,504.0,47.62,-25.4,-3.62
rell,lulu,662,158.0,504.0,47.62,0.0,2.38
rell,malzahar,662,158.0,504.0,47.62,-47.62,0.0
rell,maokai,662,158.0,504.0,47.62,0.53,-14.29
rell,mel,662,158.0,504.0,47.62,-47.62,52.38
rell,milio,662,158.0,504.0,47.62,0.0,52.38
rell,miss fortune,662,158.0,504.0,47.62,1.47,3.49
rell,mordekaiser,662,158.0,504.0,47.62,0.0,-47.62
rell,morgana,662,158.0,504.0,47.62,-47.62,52.38
rell,mundo,662,158.0,504.0,47.62,2.38,-47.62
rell,naafiri,662,158.0,504.0,47.62,-17.99,0.38
rell,nami,662,158.0,504.0,47.62,0.0,52.38
rell,nautilus,662,158.0,504.0,47.62,0.0,9.52
rell,neeko,662,158.0,504.0,47.62,0.0,-0.95
rell,nidalee,662,158.0,504.0,47.62,15.54,-5.95
rell,nilah,662,158.0,504.0,47.62,52.38,0.0
rell,nocturne,662,158.0,504.0,47.62,-27.62,-0.95
rell,olaf,662,158.0,504.0,47.62,-7.62,52.38
rell,orianna,662,158.0,504.0,47.62,2.38,-9.78
rell,ornn,662,158.0,504.0,47.62,-0.25,5.71
rell,pantheon,662,158.0,504.0,47.62,2.38,1.22
rell,poppy,662,158.0,504.0,47.62,19.05,-15.36
rell,pyke,662,158.0,504.0,47.62,0.0,52.38
rell,qiyana,662,158.0,504.0,47.62,0.0,19.05
rell,quinn,662,158.0,504.0,47.62,-47.62,0.0
rell,rakan,662,158.0,504.0,47.62,0.0,-1.24
rell,reksai,662,158.0,504.0,47.62,0.0,-47.62
rell,renata glasc,662,158.0,504.0,47.62,0.0,4.76
rell,renekton,662,158.0,504.0,47.62,-5.95,-9.38
rell,rumble,662,158.0,504.0,47.62,13.14,1.73
rell,ryze,662,158.0,504.0,47.62,-17.89,1.16
rell,sejuani,662,158.0,504.0,47.62,-7.62,8.9
rell,senna,662,158.0,504.0,47.62,-14.29,7.94
rell,sett,662,158.0,504.0,47.62,52.38,-47.62
rell,shen,662,158.0,504.0,47.62,-30.95,-14.29
rell,sion,662,158.0,504.0,47.62,-5.76,-4.14
rell,sivir,662,158.0,504.0,47.62,8.9,-4.76
rell,skarner,662,158.0,504.0,47.62,2.38,-4.76
rell,smolder,662,158.0,504.0,47.62,-5.95,-47.62
rell,swain,662,158.0,504.0,47.62,52.38,0.0
rell,sylas,662,158.0,504.0,47.62,0.21,2.38
rell,syndra,662,158.0,504.0,47.62,0.0,2.38
rell,tahm kench,662,158.0,504.0,47.62,0.0,52.38
rell,taliyah,662,158.0,504.0,47.62,3.05,-10.7
rell,taric,662,158.0,504.0,47.62,0.0,-47.62
rell,thresh,662,158.0,504.0,47.62,0.0,2.38
rell,tristana,662,158.0,504.0,47.62,-27.62,-9.16
rell,trundle,662,158.0,504.0,47.62,-3.62,-2.17
rell,twisted fate,662,158.0,504.0,47.62,-14.29,2.38
rell,udyr,662,158.0,504.0,47.62,0.0,52.38
rell,urgot,662,158.0,504.0,47.62,0.0,52.38
rell,varus,662,158.0,504.0,47.62,10.27,-6.29
rell,vayne,662,158.0,504.0,47.62,0.0,52.38
rell,veigar,662,158.0,504.0,47.62,52.38,2.38
rell,vex,662,158.0,504.0,47.62,0.0,-47.62
rell,vi,662,158.0,504.0,47.62,10.07,-1.11
rell,viego,662,158.0,504.0,47.62,-20.95,-1.47
rell,viktor,662,158.0,504.0,47.62,-1.47,3.54
rell,vladimir,662,158.0,504.0,47.62,52.38,52.38
rell,warwick,662,158.0,504.0,47.62,-47.62,-47.62
rell,wukong,662,158.0,504.0,47.62,7.28,-3.76
rell,xayah,662,158.0,504.0,47.62,-16.85,-5.2
rell,xin zhao,662,158.0,504.0,47.62,-2.69,2.38
rell,yasuo,662,158.0,504.0,47.62,27.38,52.38
rell,yone,662,158.0,504.0,47.62,6.43,12.38
rell,yorick,662,158.0,504.0,47.62,-2.62,-5.51
rell,yunara,662,158.0,504.0,47.62,-11.26,-3.18
rell,zac,662,158.0,504.0,47.62,0.0,-47.62
rell,zed,662,158.0,504.0,47.62,19.05,19.05
rell,zeri,662,158.0,504.0,47.62,-0.95,-3.18
rell,ziggs,662,158.0,504.0,47.62,23.81,35.71
rell,zyra,662,158.0,504.0,47.62,9.52,10.71
tristana,aatrox,134,46.0,88.0,45.45,54.55,4.55
tristana,ahri,134,46.0,88.0,45.45,-45.45,-20.45
tristana,akali,134,46.0,88.0,45.45,4.55,4.55
tristana,alistar,134,46.0,88.0,45.45,23.3,-2.59
tristana,ambessa,134,46.0,88.0,45.45,-2.59,11.69
tristana,annie,134,46.0,88.0,45.45,0.0,-20.45
tristana,aphelios,134,46.0,88.0,45.45,0.0,54.55
tristana,ashe,134,46.0,88.0,45.45,14.55,-20.45
tristana,aurora,134,46.0,88.0,45.45,-45.45,-5.45
tristana,azir,134,46.0,88.0,45.45,-45.45,-45.45
tristana,bard,134,46.0,88.0,45.45,0.0,-45.45
tristana,blitzcrank,134,46.0,88.0,45.45,14.55,54.55
tristana,braum,134,46.0,88.0,45.45,4.55,-45.45
tristana,caitlyn,134,46.0,88.0,45.45,-45.45,-45.45
tristana,camille,134,46.0,88.0,45.45,-12.12,0.0
tristana,cassiopeia,134,46.0,88.0,45.45,54.55,4.55
tristana,chogath,134,46.0,88.0,45.45,0.0,54.55
tristana,corki,134,46.0,88.0,45.45,-45.45,43.44
tristana,diana,134,46.0,88.0,45.45,0.0,54.55
tristana,draven,134,46.0,88.0,45.45,54.55,0.0
tristana,elise,134,46.0,88.0,45.45,0.0,4.55
tristana,ezreal,134,46.0,88.0,45.45,-2.59,-2.59
tristana,fiora,134,46.0,88.0,45.45,0.0,-45.45
tristana,galio,134,46.0,88.0,45.45,-25.45,4.55
tristana,gangplank,134,46.0,88.0,45.45,54.55,0.0
tristana,gnar,134,46.0,88.0,45.45,4.55,25.98
tristana,gragas,134,46.0,88.0,45.45,0.0,21.22
tristana,gwen,134,46.0,88.0,45.45,-12.12,-2.59
tristana,hwei,134,46.0,88.0,45.45,0.0,-20.45
tristana,ivern,134,46.0,88.0,45.45,-45.45,0.0
tristana,jarvan iv,134,46.0,88.0,45.45,-45.45,4.55
tristana,jax,134,46.0,88.0,45.45,-25.45,-5.45
tristana,jayce,134,46.0,88.0,45.45,54.55,4.55
tristana,jhin,134,46.0,88.0,45.45,-7.95,11.69
tristana,jinx,134,46.0,88.0,45.45,54.55,-12.12
tristana,kaisa,134,46.0,88.0,45.45,21.22,-18.18
tristana,kalista,134,46.0,88.0,45.45,0.0,54.55
tristana,karma,134,46.0,88.0,45.45,54.55,-45.45
tristana,karthus,134,46.0,88.0,45.45,4.55,0.0
tristana,kassadin,134,46.0,88.0,45.45,54.55,0.0
tristana,kennen,134,46.0,88.0,45.45,-45.45,0.0
tristana,ksante,134,46.0,88.0,45.45,14.55,4.55
tristana,lee sin,134,46.0,88.0,45.45,-45.45,-45.45
tristana,leona,134,46.0,88.0,45.45,21.22,-12.12
tristana,lillia,134,46.0,88.0,45.45,24.55,-12.12
tristana,lucian,134,46.0,88.0,45.45,-45.45,0.0
tristana,lulu,134,46.0,88.0,45.45,-12.12,21.22
tristana,maokai,134,46.0,88.0,45.45,18.84,21.22
tristana,mel,134,46.0,88.0,45.45,-45.45,0.0
tristana,milio,134,46.0,88.0,45.45,-45.45,0.0
tristana,miss fortune,134,46.0,88.0,45.45,21.22,17.05
tristana,morgana,134,46.0,88.0,45.45,4.55,0.0
tristana,mundo,134,46.0,88.0,45.45,0.0,-12.12
tristana,naafiri,134,46.0,88.0,45.45,-45.45,-12.12
tristana,nautilus,134,46.0,88.0,45.45,-24.02,21.22
tristana,neeko,134,46.0,88.0,45.45,25.98,-12.12
tristana,nidalee,134,46.0,88.0,45.45,25.98,21.22
tristana,nocturne,134,46.0,88.0,45.45,54.55,54.55
tristana,nunu,134,46.0,88.0,45.45,-45.45,0.0
tristana,orianna,134,46.0,88.0,45.45,-45.45,4.55
tristana,ornn,134,46.0,88.0,45.45,-2.59,-25.45
tristana,pantheon,134,46.0,88.0,45.45,29.55,-20.45
tristana,poppy,134,46.0,88.0,45.45,54.55,-20.45
tristana,pyke,134,46.0,88.0,45.45,0.0,21.22
tristana,qiyana,134,46.0,88.0,45.45,-45.45,0.0
tristana,quinn,134,46.0,88.0,45.45,-45.45,0.0
tristana,rakan,134,46.0,88.0,45.45,-32.95,-25.45
tristana,reksai,134,46.0,88.0,45.45,0.0,54.55
tristana,rell,134,46.0,88.0,45.45,-25.45,16.09
tristana,renata glasc,134,46.0,88.0,45.45,-20.45,54.55
tristana,renekton,134,46.0,88.0,45.45,9.1,-25.45
tristana,rumble,134,46.0,88.0,45.45,-7.95,-25.45
tristana,ryze,134,46.0,88.0,45.45,29.55,4.55
tristana,sejuani,134,46.0,88.0,45.45,-15.45,-1.01
tristana,senna,134,46.0,88.0,45.45,0.0,21.22
tristana,seraphine,134,46.0,88.0,45.45,0.0,-45.45
tristana,sett,134,46.0,88.0,45.45,54.55,-45.45
tristana,shen,134,46.0,88.0,45.45,-45.45,-45.45
tristana,sion,134,46.0,88.0,45.45,-20.45,29.55
tristana,sivir,134,46.0,88.0,45.45,-45.45,4.55
tristana,skarner,134,46.0,88.0,45.45,-5.45,-16.88
tristana,smolder,134,46.0,88.0,45.45,0.0,54.55
tristana,swain,134,46.0,88.0,45.45,54.55,4.55
tristana,sylas,134,46.0,88.0,45.45,21.22,-1.01
tristana,syndra,134,46.0,88.0,45.45,0.0,54.55
tristana,tahm kench,134,46.0,88.0,45.45,0.0,-45.45
tristana,taliyah,134,46.0,88.0,45.45,14.55,11.69
tristana,thresh,134,46.0,88.0,45.45,54.55,54.55
tristana,trundle,134,46.0,88.0,45.45,0.0,-12.12
tristana,udyr,134,46.0,88.0,45.45,54.55,54.55
tristana,urgot,134,46.0,88.0,45.45,-45.45,0.0
tristana,varus,134,46.0,88.0,45.45,12.88,-12.12
tristana,vi,134,46.0,88.0,45.45,-25.45,12.88
tristana,viego,134,46.0,88.0,45.45,54.55,21.22
tristana,viktor,134,46.0,88.0,45.45,54.55,21.22
tristana,volibear,134,46.0,88.0,45.45,0.0,-45.45
tristana,wukong,134,46.0,88.0,45.45,-45.45,4.55
tristana,xayah,134,46.0,88.0,45.45,-45.45,-20.45
tristana,xin zhao,134,46.0,88.0,45.45,-2.59,-28.78
tristana,yasuo,134,46.0,88.0,45.45,0.0,29.55
tristana,yone,134,46.0,88.0,45.45,29.55,-1.7
tristana,yorick,134,46.0,88.0,45.45,-5.45,-45.45
tristana,yunara,134,46.0,88.0,45.45,54.55,0.0
tristana,zeri,134,46.0,88.0,45.45,-45.45,21.22
tristana,ziggs,134,46.0,88.0,45.45,4.55,54.55
tristana,zoe,134,46.0,88.0,45.45,0.0,4.55
tristana,zyra,134,46.0,88.0,45.45,-31.16,-45.45
akali,aatrox,272,142.0,130.0,48.46,24.27,8.68
akali,ahri,272,142.0,130.0,48.46,-48.46,18.21
akali,alistar,272,142.0,130.0,48.46,4.17,-7.28
akali,ambessa,272,142.0,130.0,48.46,-4.02,-10.96
akali,amumu,272,142.0,130.0,48.46,0.0,-48.46
akali,annie,272,142.0,130.0,48.46,0.0,1.54
akali,ashe,272,142.0,130.0,48.46,1.54,-23.46
akali,aurora,272,142.0,130.0,48.46,18.21,-10.0
akali,azir,272,142.0,130.0,48.46,51.54,-8.46
akali,bard,272,142.0,130.0,48.46,-28.46,1.54
akali,blitzcrank,272,142.0,130.0,48.46,0.0,1.54
akali,braum,272,142.0,130.0,48.46,-10.96,1.54
akali,caitlyn,272,142.0,130.0,48.46,51.54,1.54
akali,camille,272,142.0,130.0,48.46,51.54,51.54
akali,chogath,272,142.0,130.0,48.46,-48.46,0.0
akali,corki,272,142.0,130.0,48.46,-12.1,6.09
akali,draven,272,142.0,130.0,48.46,-48.46,51.54
akali,elise,272,142.0,130.0,48.46,-15.13,51.54
akali,ezreal,272,142.0,130.0,48.46,1.54,1.54
akali,fiddlesticks,272,142.0,130.0,48.46,51.54,0.0
akali,fiora,272,142.0,130.0,48.46,-48.46,0.0
akali,galio,272,142.0,130.0,48.46,-28.46,-15.13
akali,gangplank,272,142.0,130.0,48.46,-48.46,0.0
akali,garen,272,142.0,130.0,48.46,0.0,51.54
akali,gnar,272,142.0,130.0,48.46,22.97,18.21
akali,gragas,272,142.0,130.0,48.46,-48.46,1.54
akali,graves,272,142.0,130.0,48.46,0.0,51.54
akali,gwen,272,142.0,130.0,48.46,1.54,7.1
akali,hwei,272,142.0,130.0,48.46,-48.46,-48.46
akali,ivern,272,142.0,130.0,48.46,0.0,51.54
akali,jarvan iv,272,142.0,130.0,48.46,1.54,11.54
akali,jax,272,142.0,130.0,48.46,-5.6,-23.46
akali,jayce,272,142.0,130.0,48.46,34.87,1.54
akali,jhin,272,142.0,130.0,48.46,-15.13,8.68
akali,jinx,272,142.0,130.0,48.46,-8.46,-48.46
akali,kaisa,272,142.0,130.0,48.46,-19.89,-12.75
akali,kalista,272,142.0,130.0,48.46,51.54,-5.6
akali,karma,272,142.0,130.0,48.46,31.54,-15.13
akali,kindred,272,142.0,130.0,48.46,-48.46,0.0
akali,kog,272,142.0,130.0,48.46,0.0,-48.46
akali,ksante,272,142.0,130.0,48.46,-6.79,-23.46
akali,leblanc,272,142.0,130.0,48.46,0.0,-48.46
akali,lee sin,272,142.0,130.0,48.46,51.54,7.1
akali,leona,272,142.0,130.0,48.46,-8.46,-5.6
akali,lillia,272,142.0,130.0,48.46,51.54,-48.46
akali,lissandra,272,142.0,130.0,48.46,0.0,-48.46
akali,lucian,272,142.0,130.0,48.46,11.54,20.77
akali,lulu,272,142.0,130.0,48.46,-8.46,-23.46
akali,lux,272,142.0,130.0,48.46,51.54,0.0
akali,maokai,272,142.0,130.0,48.46,1.54,-15.13
akali,milio,272,142.0,130.0,48.46,-48.46,51.54
akali,miss fortune,272,142.0,130.0,48.46,-5.6,18.21
akali,mordekaiser,272,142.0,130.0,48.46,51.54,0.0
akali,mundo,272,142.0,130.0,48.46,51.54,-48.46
akali,naafiri,272,142.0,130.0,48.46,-31.79,-8.46
akali,nami,272,142.0,130.0,48.46,0.0,26.54
akali,nasus,272,142.0,130.0,48.46,-48.46,0.0
akali,nautilus,272,142.0,130.0,48.46,1.54,5.39
akali,neeko,272,142.0,130.0,48.46,-12.1,1.54
akali,nidalee,272,142.0,130.0,48.46,51.54,-48.46
akali,nocturne,272,142.0,130.0,48.46,34.87,22.97
akali,olaf,272,142.0,130.0,48.46,-48.46,-48.46
akali,orianna,272,142.0,130.0,48.46,0.0,11.54
akali,ornn,272,142.0,130.0,48.46,-15.13,18.21
akali,pantheon,272,142.0,130.0,48.46,-17.21,11.54
akali,poppy,272,142.0,130.0,48.46,-4.02,18.21
akali,qiyana,272,142.0,130.0,48.46,0.0,-48.46
akali,rakan,272,142.0,130.0,48.46,11.54,-7.28
akali,rell,272,142.0,130.0,48.46,-3.46,8.68
akali,renata glasc,272,142.0,130.0,48.46,21.54,1.54
akali,renekton,272,142.0,130.0,48.46,-8.46,7.1
akali,rumble,272,142.0,130.0,48.46,22.97,-13.17
akali,ryze,272,142.0,130.0,48.46,51.54,-8.46
akali,sejuani,272,142.0,130.0,48.46,-15.13,-7.28
akali,senna,272,142.0,130.0,48.46,51.54,51.54
akali,seraphine,272,142.0,130.0,48.46,51.54,51.54
akali,shen,272,142.0,130.0,48.46,51.54,18.21
akali,sion,272,142.0,130.0,48.46,-15.13,9.87
akali,sivir,272,142.0,130.0,48.46,34.87,-31.79
akali,skarner,272,142.0,130.0,48.46,8.68,18.21
akali,smolder,272,142.0,130.0,48.46,51.54,51.54
akali,soraka,272,142.0,130.0,48.46,-48.46,0.0
akali,sylas,272,142.0,130.0,48.46,0.0,51.54
akali,taliyah,272,142.0,130.0,48.46,0.0,-15.13
akali,taric,272,142.0,130.0,48.46,0.0,1.54
akali,tristana,272,142.0,130.0,48.46,1.54,1.54
akali,trundle,272,142.0,130.0,48.46,1.54,-48.46
akali,twisted fate,272,142.0,130.0,48.46,0.0,-48.46
akali,udyr,272,142.0,130.0,48.46,0.0,51.54
akali,varus,272,142.0,130.0,48.46,1.54,-9.57
akali,vi,272,142.0,130.0,48.46,7.79,-21.19
akali,viego,272,142.0,130.0,48.46,1.54,34.87
akali,viktor,272,142.0,130.0,48.46,0.0,11.54
akali,vladimir,272,142.0,130.0,48.46,0.0,51.54
akali,wukong,272,142.0,130.0,48.46,7.79,15.18
akali,xayah,272,142.0,130.0,48.46,-28.46,-3.01
akali,xin zhao,272,142.0,130.0,48.46,-7.28,-0.63
akali,yone,272,142.0,130.0,48.46,1.54,-6.35
akali,yorick,272,142.0,130.0,48.46,11.54,-28.46
akali,yunara,272,142.0,130.0,48.46,-48.46,0.0
akali,yuumi,272,142.0,130.0,48.46,0.0,51.54
akali,zac,272,142.0,130.0,48.46,-48.46,0.0
akali,zed,272,142.0,130.0,48.46,1.54,51.54
akali,zeri,272,142.0,130.0,48.46,1.54,1.54
akali,ziggs,272,142.0,130.0,48.46,-48.46,14.04
akali,zoe,272,142.0,130.0,48.46,-48.46,0.0
akali,zyra,272,142.0,130.0,48.46,-48.46,51.54
miss fortune,aatrox,471,192.0,279.0,45.88,29.12,11.26
miss fortune,ahri,471,192.0,279.0,45.88,-3.57,-1.44
miss fortune,akali,471,192.0,279.0,45.88,-3.02,-12.55
miss fortune,alistar,471,192.0,279.0,45.88,9.12,3.18
miss fortune,ambessa,471,192.0,279.0,45.88,-16.15,4.12
miss fortune,anivia,471,192.0,279.0,45.88,0.0,54.12
miss fortune,annie,471,192.0,279.0,45.88,14.12,9.68
miss fortune,ashe,471,192.0,279.0,45.88,0.0,1.18
miss fortune,aurelion sol,471,192.0,279.0,45.88,54.12,4.12
miss fortune,aurora,471,192.0,279.0,45.88,1.95,-2.55
miss fortune,azir,471,192.0,279.0,45.88,-10.17,0.07
miss fortune,bard,471,192.0,279.0,45.88,4.12,-12.55
miss fortune,blitzcrank,471,192.0,279.0,45.88,54.12,-20.88
miss fortune,brand,471,192.0,279.0,45.88,-45.88,54.12
miss fortune,braum,471,192.0,279.0,45.88,-12.55,5.97
miss fortune,caitlyn,471,192.0,279.0,45.88,0.0,-5.88
miss fortune,camille,471,192.0,279.0,45.88,4.12,-25.88
miss fortune,cassiopeia,471,192.0,279.0,45.88,0.0,-45.88
miss fortune,chogath,471,192.0,279.0,45.88,-25.88,0.0
miss fortune,corki,471,192.0,279.0,45.88,-12.55,18.64
miss fortune,diana,471,192.0,279.0,45.88,0.0,54.12
miss fortune,draven,471,192.0,279.0,45.88,0.0,-45.88
miss fortune,elise,471,192.0,279.0,45.88,-5.88,-12.55
miss fortune,ezreal,471,192.0,279.0,45.88,0.0,-4.7
miss fortune,fiddlesticks,471,192.0,279.0,45.88,54.12,0.0
miss fortune,galio,471,192.0,279.0,45.88,12.45,6.5
miss fortune,gangplank,471,192.0,279.0,45.88,-12.55,-45.88
miss fortune,gnar,471,192.0,279.0,45.88,-4.7,-3.02
miss fortune,gragas,471,192.0,279.0,45.88,-4.21,14.12
miss fortune,gwen,471,192.0,279.0,45.88,10.64,10.64
miss fortune,hwei,471,192.0,279.0,45.88,4.12,20.79
miss fortune,irelia,471,192.0,279.0,45.88,-45.88,0.0
miss fortune,ivern,471,192.0,279.0,45.88,4.12,-20.88
miss fortune,jarvan iv,471,192.0,279.0,45.88,4.12,20.79
miss fortune,jax,471,192.0,279.0,45.88,7.97,-24.14
miss fortune,jayce,471,192.0,279.0,45.88,11.26,4.12
miss fortune,jhin,471,192.0,279.0,45.88,0.0,6.39
miss fortune,jinx,471,192.0,279.0,45.88,0.0,11.26
miss fortune,kaisa,471,192.0,279.0,45.88,0.0,-0.43
miss fortune,kalista,471,192.0,279.0,45.88,0.0,-12.55
miss fortune,karma,471,192.0,279.0,45.88,54.12,-5.88
miss fortune,kassadin,471,192.0,279.0,45.88,54.12,54.12
miss fortune,kennen,471,192.0,279.0,45.88,-20.88,-45.88
miss fortune,kindred,471,192.0,279.0,45.88,0.0,20.79
miss fortune,kled,471,192.0,279.0,45.88,-45.88,54.12
miss fortune,ksante,471,192.0,279.0,45.88,30.59,14.12
miss fortune,leblanc,471,192.0,279.0,45.88,-12.55,-45.88
miss fortune,lee sin,471,192.0,279.0,45.88,-12.55,-5.88
miss fortune,leona,471,192.0,279.0,45.88,-2.13,-1.76
miss fortune,lillia,471,192.0,279.0,45.88,4.12,0.27
miss fortune,lissandra,471,192.0,279.0,45.88,0.0,54.12
miss fortune,lucian,471,192.0,279.0,45.88,0.0,4.12
miss fortune,lulu,471,192.0,279.0,45.88,-12.55,-45.88
miss fortune,malphite,471,192.0,279.0,45.88,0.0,54.12
miss fortune,maokai,471,192.0,279.0,45.88,0.79,4.12
miss fortune,mel,471,192.0,279.0,45.88,-45.88,54.12
miss fortune,milio,471,192.0,279.0,45.88,0.0,54.12
miss fortune,mordekaiser,471,192.0,279.0,45.88,54.12,0.0
miss fortune,morgana,471,192.0,279.0,45.88,54.12,54.12
miss fortune,mundo,471,192.0,279.0,45.88,0.0,54.12
miss fortune,naafiri,471,192.0,279.0,45.88,-5.88,-1.44
miss fortune,nami,471,192.0,279.0,45.88,0.0,54.12
miss fortune,nautilus,471,192.0,279.0,45.88,-5.88,5.84
miss fortune,neeko,471,192.0,279.0,45.88,-9.52,4.12
miss fortune,nidalee,471,192.0,279.0,45.88,12.45,-15.88
miss fortune,nocturne,471,192.0,279.0,45.88,4.12,20.79
miss fortune,nunu,471,192.0,279.0,45.88,-45.88,0.0
miss fortune,olaf,471,192.0,279.0,45.88,54.12,54.12
miss fortune,orianna,471,192.0,279.0,45.88,-7.42,-20.88
miss fortune,ornn,471,192.0,279.0,45.88,-8.38,0.27
miss fortune,pantheon,471,192.0,279.0,45.88,-23.15,-8.38
miss fortune,poppy,471,192.0,279.0,45.88,22.54,-4.97
miss fortune,pyke,471,192.0,279.0,45.88,4.12,4.12
miss fortune,qiyana,471,192.0,279.0,45.88,0.0,54.12
miss fortune,rakan,471,192.0,279.0,45.88,-5.88,2.27
miss fortune,rammus,471,192.0,279.0,45.88,0.0,54.12
miss fortune,rell,471,192.0,279.0,45.88,3.21,3.01
miss fortune,renata glasc,471,192.0,279.0,45.88,54.12,-29.21
miss fortune,renekton,471,192.0,279.0,45.88,4.12,5.97
miss fortune,rumble,471,192.0,279.0,45.88,12.74,2.27
miss fortune,ryze,471,192.0,279.0,45.88,-4.97,-28.23
miss fortune,sejuani,471,192.0,279.0,45.88,-8.74,7.06
miss fortune,senna,471,192.0,279.0,45.88,0.0,-12.55
miss fortune,seraphine,471,192.0,279.0,45.88,-45.88,0.0
miss fortune,sett,471,192.0,279.0,45.88,-45.88,-45.88
miss fortune,shen,471,192.0,279.0,45.88,-45.88,-5.88
miss fortune,sion,471,192.0,279.0,45.88,-18.1,-7.42
miss fortune,sivir,471,192.0,279.0,45.88,0.0,20.79
miss fortune,skarner,471,192.0,279.0,45.88,-8.38,6.5
miss fortune,smolder,471,192.0,279.0,45.88,-12.55,54.12
miss fortune,swain,471,192.0,279.0,45.88,54.12,-45.88
miss fortune,sylas,471,192.0,279.0,45.88,10.37,-17.31
miss fortune,syndra,471,192.0,279.0,45.88,-45.88,54.12
miss fortune,tahm kench,471,192.0,279.0,45.88,0.0,4.12
miss fortune,taliyah,471,192.0,279.0,45.88,16.28,-13.62
miss fortune,taric,471,192.0,279.0,45.88,-45.88,-45.88
miss fortune,tristana,471,192.0,279.0,45.88,20.79,-8.38
miss fortune,trundle,471,192.0,279.0,45.88,4.12,-31.59
miss fortune,twisted fate,471,192.0,279.0,45.88,0.0,4.12
miss fortune,udyr,471,192.0,279.0,45.88,54.12,54.12
miss fortune,urgot,471,192.0,279.0,45.88,-45.88,0.0
miss fortune,varus,471,192.0,279.0,45.88,0.0,-6.99
miss fortune,vayne,471,192.0,279.0,45.88,0.0,54.12
miss fortune,vi,471,192.0,279.0,45.88,14.12,0.27
miss fortune,viego,471,192.0,279.0,45.88,8.67,4.12
miss fortune,viktor,471,192.0,279.0,45.88,-16.85,13.21
miss fortune,vladimir,471,192.0,279.0,45.88,20.79,54.12
miss fortune,volibear,471,192.0,279.0,45.88,-45.88,-45.88
miss fortune,warwick,471,192.0,279.0,45.88,0.0,54.12
miss fortune,wukong,471,192.0,279.0,45.88,-8.38,-5.88
miss fortune,xayah,471,192.0,279.0,45.88,0.0,-12.55
miss fortune,xerath,471,192.0,279.0,45.88,-45.88,0.0
miss fortune,xin zhao,471,192.0,279.0,45.88,3.01,-1.44
miss fortune,yasuo,471,192.0,279.0,45.88,54.12,54.12
miss fortune,yone,471,192.0,279.0,45.88,6.29,10.12
miss fortune,yorick,471,192.0,279.0,45.88,-32.55,-15.11
miss fortune,yunara,471,192.0,279.0,45.88,0.0,54.12
miss fortune,zed,471,192.0,279.0,45.88,20.79,-45.88
miss fortune,zeri,471,192.0,279.0,45.88,0.0,4.12
miss fortune,ziggs,471,192.0,279.0,45.88,0.0,-5.88
miss fortune,zyra,471,192.0,279.0,45.88,4.12,34.12
udyr,aatrox,39,18.0,21.0,33.33,0.0,-33.33
udyr,ahri,39,18.0,21.0,33.33,-33.33,66.67
udyr,akali,39,18.0,21.0,33.33,0.0,-33.33
udyr,alistar,39,18.0,21.0,33.33,66.67,-33.33
udyr,ambessa,39,18.0,21.0,33.33,0.0,6.67
udyr,annie,39,18.0,21.0,33.33,0.0,66.67
udyr,aphelios,39,18.0,21.0,33.33,0.0,66.67
udyr,ashe,39,18.0,21.0,33.33,-33.33,-33.33
udyr,aurora,39,18.0,21.0,33.33,66.67,-33.33
udyr,azir,39,18.0,21.0,33.33,-33.33,33.34
udyr,bard,39,18.0,21.0,33.33,16.67,16.67
udyr,blitzcrank,39,18.0,21.0,33.33,0.0,-33.33
udyr,brand,39,18.0,21.0,33.33,66.67,0.0
udyr,braum,39,18.0,21.0,33.33,16.67,0.0
udyr,caitlyn,39,18.0,21.0,33.33,66.67,0.0
udyr,camille,39,18.0,21.0,33.33,0.0,-33.33
udyr,corki,39,18.0,21.0,33.33,0.0,66.67
udyr,draven,39,18.0,21.0,33.33,-33.33,0.0
udyr,ezreal,39,18.0,21.0,33.33,33.34,-33.33
udyr,galio,39,18.0,21.0,33.33,0.0,-33.33
udyr,gnar,39,18.0,21.0,33.33,0.0,-33.33
udyr,gragas,39,18.0,21.0,33.33,0.0,66.67
udyr,hwei,39,18.0,21.0,33.33,-33.33,-33.33
udyr,jax,39,18.0,21.0,33.33,0.0,33.34
udyr,jhin,39,18.0,21.0,33.33,-33.33,16.67
udyr,jinx,39,18.0,21.0,33.33,-13.33,-33.33
udyr,kaisa,39,18.0,21.0,33.33,0.0,66.67
udyr,kalista,39,18.0,21.0,33.33,0.0,16.67
udyr,karma,39,18.0,21.0,33.33,66.67,0.0
udyr,karthus,39,18.0,21.0,33.33,0.0,-33.33
udyr,kindred,39,18.0,21.0,33.33,16.67,0.0
udyr,ksante,39,18.0,21.0,33.33,0.0,66.67
udyr,lee sin,39,18.0,21.0,33.33,-8.33,-33.33
udyr,leona,39,18.0,21.0,33.33,0.0,-33.33
udyr,lillia,39,18.0,21.0,33.33,66.67,0.0
udyr,lissandra,39,18.0,21.0,33.33,0.0,66.67
udyr,lucian,39,18.0,21.0,33.33,16.67,0.0
udyr,lulu,39,18.0,21.0,33.33,0.0,-33.33
udyr,maokai,39,18.0,21.0,33.33,0.0,16.67
udyr,milio,39,18.0,21.0,33.33,-33.33,0.0
udyr,miss fortune,39,18.0,21.0,33.33,66.67,-33.33
udyr,naafiri,39,18.0,21.0,33.33,0.0,66.67
udyr,nautilus,39,18.0,21.0,33.33,-33.33,0.0
udyr,neeko,39,18.0,21.0,33.33,-33.33,66.67
udyr,nidalee,39,18.0,21.0,33.33,16.67,-33.33
udyr,nocturne,39,18.0,21.0,33.33,-33.33,-33.33
udyr,orianna,39,18.0,21.0,33.33,-33.33,0.0
udyr,ornn,39,18.0,21.0,33.33,0.0,-33.33
udyr,pantheon,39,18.0,21.0,33.33,-33.33,16.67
udyr,poppy,39,18.0,21.0,33.33,0.0,66.67
udyr,rakan,39,18.0,21.0,33.33,-33.33,16.67
udyr,rell,39,18.0,21.0,33.33,0.0,-33.33
udyr,renata glasc,39,18.0,21.0,33.33,-33.33,0.0
udyr,renekton,39,18.0,21.0,33.33,0.0,66.67
udyr,rumble,39,18.0,21.0,33.33,0.0,-33.33
udyr,ryze,39,18.0,21.0,33.33,16.67,-33.33
udyr,sejuani,39,18.0,21.0,33.33,0.0,16.67
udyr,seraphine,39,18.0,21.0,33.33,-33.33,0.0
udyr,sivir,39,18.0,21.0,33.33,-33.33,0.0
udyr,skarner,39,18.0,21.0,33.33,0.0,-33.33
udyr,swain,39,18.0,21.0,33.33,66.67,0.0
udyr,sylas,39,18.0,21.0,33.33,66.67,-33.33
udyr,syndra,39,18.0,21.0,33.33,0.0,-33.33
udyr,taliyah,39,18.0,21.0,33.33,0.0,-33.33
udyr,taric,39,18.0,21.0,33.33,-33.33,66.67
udyr,thresh,39,18.0,21.0,33.33,-33.33,66.67
udyr,tristana,39,18.0,21.0,33.33,66.67,-33.33
udyr,trundle,39,18.0,21.0,33.33,0.0,-33.33
udyr,varus,39,18.0,21.0,33.33,-33.33,0.0
udyr,vi,39,18.0,21.0,33.33,66.67,-33.33
udyr,viego,39,18.0,21.0,33.33,66.67,-33.33
udyr,viktor,39,18.0,21.0,33.33,-33.33,66.67
udyr,wukong,39,18.0,21.0,33.33,-33.33,16.67
udyr,xayah,39,18.0,21.0,33.33,-33.33,66.67
udyr,xin zhao,39,18.0,21.0,33.33,-33.33,-33.33
udyr,yasuo,39,18.0,21.0,33.33,0.0,66.67
udyr,yone,39,18.0,21.0,33.33,0.0,-33.33
udyr,yunara,39,18.0,21.0,33.33,0.0,-33.33
udyr,zed,39,18.0,21.0,33.33,0.0,66.67
udyr,zeri,39,18.0,21.0,33.33,0.0,-33.33
udyr,zyra,39,18.0,21.0,33.33,-33.33,0.0
zac,aatrox,8,4.0,4.0,50.0,0.0,-50.0
zac,akali,8,4.0,4.0,50.0,-50.0,0.0
zac,alistar,8,4.0,4.0,50.0,0.0,0.0
zac,aurora,8,4.0,4.0,50.0,-50.0,0.0
zac,braum,8,4.0,4.0,50.0,50.0,0.0
zac,caitlyn,8,4.0,4.0,50.0,50.0,-50.0
zac,camille,8,4.0,4.0,50.0,0.0,-50.0
zac,elise,8,4.0,4.0,50.0,0.0,-50.0
zac,gnar,8,4.0,4.0,50.0,-50.0,0.0
zac,jayce,8,4.0,4.0,50.0,0.0,50.0
zac,jhin,8,4.0,4.0,50.0,-50.0,50.0
zac,ksante,8,4.0,4.0,50.0,50.0,0.0
zac,leblanc,8,4.0,4.0,50.0,0.0,-50.0
zac,leona,8,4.0,4.0,50.0,0.0,50.0
zac,neeko,8,4.0,4.0,50.0,-50.0,0.0
zac,nocturne,8,4.0,4.0,50.0,0.0,50.0
zac,olaf,8,4.0,4.0,50.0,-50.0,0.0
zac,orianna,8,4.0,4.0,50.0,50.0,0.0
zac,pantheon,8,4.0,4.0,50.0,0.0,-50.0
zac,rell,8,4.0,4.0,50.0,0.0,50.0
zac,renekton,8,4.0,4.0,50.0,50.0,0.0
zac,sejuani,8,4.0,4.0,50.0,0.0,-50.0
zac,shen,8,4.0,4.0,50.0,0.0,-50.0
zac,smolder,8,4.0,4.0,50.0,0.0,50.0
zac,varus,8,4.0,4.0,50.0,50.0,0.0
zac,viktor,8,4.0,4.0,50.0,0.0,50.0
zac,volibear,8,4.0,4.0,50.0,0.0,50.0
zac,xin zhao,8,4.0,4.0,50.0,0.0,50.0
zac,yone,8,4.0,4.0,50.0,0.0,-50.0
zac,zeri,8,4.0,4.0,50.0,50.0,0.0
zac,ziggs,8,4.0,4.0,50.0,0.0,0.0
pyke,aatrox,32,14.0,18.0,50.0,-16.67,0.0
pyke,ahri,32,14.0,18.0,50.0,-50.0,50.0
pyke,alistar,32,14.0,18.0,50.0,0.0,-50.0
pyke,ambessa,32,14.0,18.0,50.0,-50.0,0.0
pyke,anivia,32,14.0,18.0,50.0,0.0,50.0
pyke,ashe,32,14.0,18.0,50.0,0.0,-25.0
pyke,aurora,32,14.0,18.0,50.0,16.67,-50.0
pyke,azir,32,14.0,18.0,50.0,50.0,-50.0
pyke,bard,32,14.0,18.0,50.0,0.0,50.0
pyke,blitzcrank,32,14.0,18.0,50.0,0.0,-50.0
pyke,braum,32,14.0,18.0,50.0,0.0,16.67
pyke,caitlyn,32,14.0,18.0,50.0,0.0,16.67
pyke,camille,32,14.0,18.0,50.0,0.0,-50.0
pyke,cassiopeia,32,14.0,18.0,50.0,0.0,-50.0
pyke,chogath,32,14.0,18.0,50.0,50.0,0.0
pyke,corki,32,14.0,18.0,50.0,50.0,50.0
pyke,draven,32,14.0,18.0,50.0,0.0,0.0
pyke,elise,32,14.0,18.0,50.0,0.0,0.0
pyke,ezreal,32,14.0,18.0,50.0,0.0,0.0
pyke,galio,32,14.0,18.0,50.0,50.0,50.0
pyke,gangplank,32,14.0,18.0,50.0,0.0,50.0
pyke,gnar,32,14.0,18.0,50.0,0.0,50.0
pyke,gragas,32,14.0,18.0,50.0,-50.0,0.0
pyke,hwei,32,14.0,18.0,50.0,0.0,-50.0
pyke,ivern,32,14.0,18.0,50.0,0.0,-50.0
pyke,jarvan iv,32,14.0,18.0,50.0,0.0,50.0
pyke,jax,32,14.0,18.0,50.0,0.0,50.0
pyke,jayce,32,14.0,18.0,50.0,0.0,-50.0
pyke,jhin,32,14.0,18.0,50.0,-10.0,0.0
pyke,jinx,32,14.0,18.0,50.0,0.0,-50.0
pyke,kaisa,32,14.0,18.0,50.0,25.0,0.0
pyke,kalista,32,14.0,18.0,50.0,0.0,50.0
pyke,karma,32,14.0,18.0,50.0,0.0,50.0
pyke,kayle,32,14.0,18.0,50.0,50.0,0.0
pyke,ksante,32,14.0,18.0,50.0,50.0,50.0
pyke,lee sin,32,14.0,18.0,50.0,0.0,0.0
pyke,leona,32,14.0,18.0,50.0,0.0,0.0
pyke,lillia,32,14.0,18.0,50.0,0.0,50.0
pyke,lucian,32,14.0,18.0,50.0,-50.0,0.0
pyke,maokai,32,14.0,18.0,50.0,50.0,0.0
pyke,mel,32,14.0,18.0,50.0,0.0,50.0
pyke,miss fortune,32,14.0,18.0,50.0,0.0,0.0
pyke,mordekaiser,32,14.0,18.0,50.0,0.0,-50.0
pyke,mundo,32,14.0,18.0,50.0,50.0,0.0
pyke,nidalee,32,14.0,18.0,50.0,50.0,-50.0
pyke,orianna,32,14.0,18.0,50.0,50.0,50.0
pyke,ornn,32,14.0,18.0,50.0,-50.0,-50.0
pyke,pantheon,32,14.0,18.0,50.0,0.0,0.0
pyke,poppy,32,14.0,18.0,50.0,0.0,-50.0
pyke,rell,32,14.0,18.0,50.0,0.0,-50.0
pyke,renata glasc,32,14.0,18.0,50.0,0.0,50.0
pyke,renekton,32,14.0,18.0,50.0,0.0,-30.0
pyke,rumble,32,14.0,18.0,50.0,50.0,50.0
pyke,ryze,32,14.0,18.0,50.0,50.0,0.0
pyke,sejuani,32,14.0,18.0,50.0,0.0,50.0
pyke,sion,32,14.0,18.0,50.0,50.0,0.0
pyke,sivir,32,14.0,18.0,50.0,0.0,50.0
pyke,skarner,32,14.0,18.0,50.0,-50.0,0.0
pyke,smolder,32,14.0,18.0,50.0,0.0,-50.0
pyke,swain,32,14.0,18.0,50.0,0.0,-50.0
pyke,sylas,32,14.0,18.0,50.0,-50.0,0.0
pyke,tahm kench,32,14.0,18.0,50.0,0.0,-50.0
pyke,thresh,32,14.0,18.0,50.0,0.0,-50.0
pyke,tristana,32,14.0,18.0,50.0,0.0,-16.67
pyke,trundle,32,14.0,18.0,50.0,50.0,50.0
pyke,varus,32,14.0,18.0,50.0,50.0,0.0
pyke,vi,32,14.0,18.0,50.0,-10.0,0.0
pyke,viego,32,14.0,18.0,50.0,0.0,50.0
pyke,viktor,32,14.0,18.0,50.0,-50.0,0.0
pyke,wukong,32,14.0,18.0,50.0,16.67,50.0
pyke,xayah,32,14.0,18.0,50.0,50.0,-50.0
pyke,xin zhao,32,14.0,18.0,50.0,0.0,-50.0
pyke,yone,32,14.0,18.0,50.0,0.0,50.0
pyke,yorick,32,14.0,18.0,50.0,0.0,0.0
pyke,ziggs,32,14.0,18.0,50.0,-50.0,50.0
pyke,zoe,32,14.0,18.0,50.0,-50.0,0.0
pyke,zyra,32,14.0,18.0,50.0,-50.0,0.0
neeko,aatrox,739,476.0,263.0,54.75,7.15,16.68
neeko,ahri,739,476.0,263.0,54.75,-18.39,1.5
neeko,akali,739,476.0,263.0,54.75,-18.39,-4.75
neeko,alistar,739,476.0,263.0,54.75,0.0,13.43
neeko,ambessa,739,476.0,263.0,54.75,-11.42,1.77
neeko,anivia,739,476.0,263.0,54.75,0.0,-54.75
neeko,annie,739,476.0,263.0,54.75,9.25,-0.2
neeko,aphelios,739,476.0,263.0,54.75,-54.75,45.25
neeko,ashe,739,476.0,263.0,54.75,45.25,-27.48
neeko,aurelion sol,739,476.0,263.0,54.75,45.25,0.0
neeko,aurora,739,476.0,263.0,54.75,-25.58,-1.18
neeko,azir,739,476.0,263.0,54.75,1.77,18.93
neeko,bard,739,476.0,263.0,54.75,0.0,-17.91
neeko,blitzcrank,739,476.0,263.0,54.75,-54.75,-4.75
neeko,brand,739,476.0,263.0,54.75,0.0,-54.75
neeko,braum,739,476.0,263.0,54.75,0.0,5.25
neeko,caitlyn,739,476.0,263.0,54.75,30.96,-26.18
neeko,camille,739,476.0,263.0,54.75,-21.42,-14.75
neeko,cassiopeia,739,476.0,263.0,54.75,45.25,11.92
neeko,chogath,739,476.0,263.0,54.75,-4.75,45.25
neeko,corki,739,476.0,263.0,54.75,-3.23,11.92
neeko,draven,739,476.0,263.0,54.75,-4.75,11.92
neeko,elise,739,476.0,263.0,54.75,0.0,-4.75
neeko,ezreal,739,476.0,263.0,54.75,2.94,-4.75
neeko,fiddlesticks,739,476.0,263.0,54.75,0.0,-54.75
neeko,fiora,739,476.0,263.0,54.75,0.0,45.25
neeko,galio,739,476.0,263.0,54.75,11.92,-19.46
neeko,gnar,739,476.0,263.0,54.75,-16.29,0.0
neeko,gragas,739,476.0,263.0,54.75,5.25,45.25
neeko,gwen,739,476.0,263.0,54.75,14.48,-13.84
neeko,hecarim,739,476.0,263.0,54.75,45.25,0.0
neeko,hwei,739,476.0,263.0,54.75,-4.75,20.25
neeko,ivern,739,476.0,263.0,54.75,45.25,0.0
neeko,jarvan iv,739,476.0,263.0,54.75,6.36,-19.46
neeko,jax,739,476.0,263.0,54.75,-21.42,-1.42
neeko,jayce,739,476.0,263.0,54.75,2.39,13.67
neeko,jhin,739,476.0,263.0,54.75,1.5,-4.75
neeko,jinx,739,476.0,263.0,54.75,45.25,-4.75
neeko,kaisa,739,476.0,263.0,54.75,3.58,-2.12
neeko,kalista,739,476.0,263.0,54.75,4.63,6.12
neeko,karma,739,476.0,263.0,54.75,0.0,-14.01
neeko,karthus,739,476.0,263.0,54.75,0.0,45.25
neeko,kassadin,739,476.0,263.0,54.75,45.25,0.0
neeko,kennen,739,476.0,263.0,54.75,0.0,-54.75
neeko,khazix,739,476.0,263.0,54.75,-54.75,0.0
neeko,kog,739,476.0,263.0,54.75,0.0,45.25
neeko,ksante,739,476.0,263.0,54.75,-0.58,-8.08
neeko,leblanc,739,476.0,263.0,54.75,-54.75,-54.75
neeko,lee sin,739,476.0,263.0,54.75,-54.75,-14.75
neeko,leona,739,476.0,263.0,54.75,0.0,-7.13
neeko,lillia,739,476.0,263.0,54.75,-54.75,28.58
neeko,lissandra,739,476.0,263.0,54.75,0.0,45.25
neeko,lucian,739,476.0,263.0,54.75,-4.75,17.98
neeko,lulu,739,476.0,263.0,54.75,0.0,-9.3
neeko,malphite,739,476.0,263.0,54.75,0.0,45.25
neeko,maokai,739,476.0,263.0,54.75,-21.42,-4.75
neeko,miss fortune,739,476.0,263.0,54.75,-18.39,-4.75
neeko,mordekaiser,739,476.0,263.0,54.75,-21.42,45.25
neeko,morgana,739,476.0,263.0,54.75,45.25,0.0
neeko,mundo,739,476.0,263.0,54.75,45.25,0.0
neeko,naafiri,739,476.0,263.0,54.75,21.72,-8.6
neeko,nami,739,476.0,263.0,54.75,0.0,8.89
neeko,nasus,739,476.0,263.0,54.75,45.25,0.0
neeko,nautilus,739,476.0,263.0,54.75,45.25,12.9
neeko,nidalee,739,476.0,263.0,54.75,45.25,11.92
neeko,nocturne,739,476.0,263.0,54.75,-32.53,2.39
neeko,nunu,739,476.0,263.0,54.75,-54.75,0.0
neeko,olaf,739,476.0,263.0,54.75,-4.75,-54.75
neeko,orianna,739,476.0,263.0,54.75,5.25,-13.08
neeko,ornn,739,476.0,263.0,54.75,15.25,11.92
neeko,pantheon,739,476.0,263.0,54.75,0.81,1.77
neeko,poppy,739,476.0,263.0,54.75,15.25,-4.75
neeko,qiyana,739,476.0,263.0,54.75,11.92,0.0
neeko,rakan,739,476.0,263.0,54.75,0.0,7.75
neeko,reksai,739,476.0,263.0,54.75,0.0,-54.75
neeko,rell,739,476.0,263.0,54.75,0.0,-1.42
neeko,renata glasc,739,476.0,263.0,54.75,0.0,1.77
neeko,renekton,739,476.0,263.0,54.75,17.98,-2.37
neeko,rumble,739,476.0,263.0,54.75,-2.37,3.95
neeko,ryze,739,476.0,263.0,54.75,7.75,-3.14
neeko,sejuani,739,476.0,263.0,54.75,-8.6,6.36
neeko,senna,739,476.0,263.0,54.75,0.0,5.25
neeko,seraphine,739,476.0,263.0,54.75,0.0,-4.75
neeko,sett,739,476.0,263.0,54.75,0.0,-54.75
neeko,shen,739,476.0,263.0,54.75,45.25,45.25
neeko,singed,739,476.0,263.0,54.75,0.0,45.25
neeko,sion,739,476.0,263.0,54.75,-4.75,4.71
neeko,sivir,739,476.0,263.0,54.75,-4.75,-14.75
neeko,skarner,739,476.0,263.0,54.75,-0.2,15.25
neeko,smolder,739,476.0,263.0,54.75,45.25,45.25
neeko,swain,739,476.0,263.0,54.75,0.0,-54.75
neeko,sylas,739,476.0,263.0,54.75,26.5,-1.81
neeko,syndra,739,476.0,263.0,54.75,45.25,0.0
neeko,tahm kench,739,476.0,263.0,54.75,0.0,-54.75
neeko,taliyah,739,476.0,263.0,54.75,13.43,-2.58
neeko,tristana,739,476.0,263.0,54.75,16.68,11.92
neeko,trundle,739,476.0,263.0,54.75,14.48,-1.42
neeko,twisted fate,739,476.0,263.0,54.75,-54.75,-54.75
neeko,udyr,739,476.0,263.0,54.75,-54.75,-54.75
neeko,varus,739,476.0,263.0,54.75,-28.08,-4.75
neeko,vex,739,476.0,263.0,54.75,-54.75,0.0
neeko,vi,739,476.0,263.0,54.75,4.07,25.25
neeko,viego,739,476.0,263.0,54.75,20.25,-4.75
neeko,viktor,739,476.0,263.0,54.75,-23.5,25.25
neeko,vladimir,739,476.0,263.0,54.75,45.25,0.0
neeko,volibear,739,476.0,263.0,54.75,-54.75,-54.75
neeko,warwick,739,476.0,263.0,54.75,0.0,-54.75
neeko,wukong,739,476.0,263.0,54.75,-11.0,3.58
neeko,xayah,739,476.0,263.0,54.75,-54.75,22.17
neeko,xin zhao,739,476.0,263.0,54.75,-6.6,-8.75
neeko,yasuo,739,476.0,263.0,54.75,0.0,-54.75
neeko,yone,739,476.0,263.0,54.75,-4.75,-21.42
neeko,yorick,739,476.0,263.0,54.75,3.14,8.89
neeko,yunara,739,476.0,263.0,54.75,30.96,-21.42
neeko,zac,739,476.0,263.0,54.75,-54.75,0.0
neeko,zed,739,476.0,263.0,54.75,-54.75,11.92
neeko,zeri,739,476.0,263.0,54.75,-21.42,-4.75
neeko,ziggs,739,476.0,263.0,54.75,0.0,-21.42
neeko,zoe,739,476.0,263.0,54.75,0.0,-54.75
neeko,zyra,739,476.0,263.0,54.75,45.25,11.92
blitzcrank,aatrox,75,34.0,41.0,60.98,0.0,-60.98
blitzcrank,ahri,75,34.0,41.0,60.98,0.0,39.02
blitzcrank,akali,75,34.0,41.0,60.98,0.0,-10.98
blitzcrank,alistar,75,34.0,41.0,60.98,0.0,-10.98
blitzcrank,ambessa,75,34.0,41.0,60.98,39.02,-10.98
blitzcrank,anivia,75,34.0,41.0,60.98,-60.98,0.0
blitzcrank,annie,75,34.0,41.0,60.98,39.02,-10.98
blitzcrank,aphelios,75,34.0,41.0,60.98,-60.98,39.02
blitzcrank,ashe,75,34.0,41.0,60.98,-60.98,-60.98
blitzcrank,aurelion sol,75,34.0,41.0,60.98,0.0,-60.98
blitzcrank,aurora,75,34.0,41.0,60.98,-60.98,5.69
blitzcrank,azir,75,34.0,41.0,60.98,39.02,-10.98
blitzcrank,bard,75,34.0,41.0,60.98,0.0,19.02
blitzcrank,braum,75,34.0,41.0,60.98,0.0,-27.65
blitzcrank,caitlyn,75,34.0,41.0,60.98,0.0,-27.65
blitzcrank,camille,75,34.0,41.0,60.98,39.02,0.0
blitzcrank,cassiopeia,75,34.0,41.0,60.98,39.02,39.02
blitzcrank,chogath,75,34.0,41.0,60.98,39.02,39.02
blitzcrank,corki,75,34.0,41.0,60.98,-60.98,39.02
blitzcrank,draven,75,34.0,41.0,60.98,39.02,0.0
blitzcrank,elise,75,34.0,41.0,60.98,0.0,-60.98
blitzcrank,ezreal,75,34.0,41.0,60.98,-35.98,39.02
blitzcrank,fiora,75,34.0,41.0,60.98,0.0,39.02
blitzcrank,galio,75,34.0,41.0,60.98,0.0,39.02
blitzcrank,gnar,75,34.0,41.0,60.98,39.02,39.02
blitzcrank,gragas,75,34.0,41.0,60.98,0.0,39.02
blitzcrank,gwen,75,34.0,41.0,60.98,39.02,39.02
blitzcrank,hwei,75,34.0,41.0,60.98,0.0,-60.98
blitzcrank,ivern,75,34.0,41.0,60.98,0.0,5.69
blitzcrank,jarvan iv,75,34.0,41.0,60.98,0.0,39.02
blitzcrank,jax,75,34.0,41.0,60.98,-27.65,-35.98
blitzcrank,jayce,75,34.0,41.0,60.98,5.69,-0.98
blitzcrank,jhin,75,34.0,41.0,60.98,39.02,-60.98
blitzcrank,jinx,75,34.0,41.0,60.98,39.02,39.02
blitzcrank,kaisa,75,34.0,41.0,60.98,-35.98,-0.98
blitzcrank,kalista,75,34.0,41.0,60.98,-10.98,0.0
blitzcrank,kindred,75,34.0,41.0,60.98,0.0,39.02
blitzcrank,ksante,75,34.0,41.0,60.98,-18.12,39.02
blitzcrank,leona,75,34.0,41.0,60.98,0.0,-60.98
blitzcrank,lillia,75,34.0,41.0,60.98,-27.65,0.0
blitzcrank,lucian,75,34.0,41.0,60.98,0.0,-27.65
blitzcrank,lulu,75,34.0,41.0,60.98,0.0,39.02
blitzcrank,maokai,75,34.0,41.0,60.98,11.75,-10.98
blitzcrank,mel,75,34.0,41.0,60.98,0.0,-10.98
blitzcrank,miss fortune,75,34.0,41.0,60.98,39.02,14.02
blitzcrank,mordekaiser,75,34.0,41.0,60.98,0.0,-60.98
blitzcrank,mundo,75,34.0,41.0,60.98,0.0,-60.98
blitzcrank,naafiri,75,34.0,41.0,60.98,-60.98,0.0
blitzcrank,nami,75,34.0,41.0,60.98,0.0,-60.98
blitzcrank,nautilus,75,34.0,41.0,60.98,0.0,-10.98
blitzcrank,neeko,75,34.0,41.0,60.98,-60.98,-10.98
blitzcrank,nidalee,75,34.0,41.0,60.98,-27.65,0.0
blitzcrank,nocturne,75,34.0,41.0,60.98,-10.98,-0.98
blitzcrank,orianna,75,34.0,41.0,60.98,-10.98,5.69
blitzcrank,ornn,75,34.0,41.0,60.98,0.0,39.02
blitzcrank,pantheon,75,34.0,41.0,60.98,39.02,39.02
blitzcrank,poppy,75,34.0,41.0,60.98,19.02,-40.98
blitzcrank,pyke,75,34.0,41.0,60.98,0.0,39.02
blitzcrank,qiyana,75,34.0,41.0,60.98,-60.98,0.0
blitzcrank,rakan,75,34.0,41.0,60.98,0.0,-60.98
blitzcrank,reksai,75,34.0,41.0,60.98,0.0,39.02
blitzcrank,rell,75,34.0,41.0,60.98,0.0,39.02
blitzcrank,renata glasc,75,34.0,41.0,60.98,0.0,39.02
blitzcrank,renekton,75,34.0,41.0,60.98,-10.98,-10.98
blitzcrank,rumble,75,34.0,41.0,60.98,14.02,-27.65
blitzcrank,ryze,75,34.0,41.0,60.98,39.02,5.69
blitzcrank,sejuani,75,34.0,41.0,60.98,-10.98,39.02
blitzcrank,senna,75,34.0,41.0,60.98,0.0,39.02
blitzcrank,seraphine,75,34.0,41.0,60.98,0.0,-60.98
blitzcrank,shen,75,34.0,41.0,60.98,0.0,39.02
blitzcrank,sion,75,34.0,41.0,60.98,-10.98,-10.98
blitzcrank,sivir,75,34.0,41.0,60.98,39.02,39.02
blitzcrank,skarner,75,34.0,41.0,60.98,39.02,-3.84
blitzcrank,smolder,75,34.0,41.0,60.98,0.0,-27.65
blitzcrank,swain,75,34.0,41.0,60.98,39.02,0.0
blitzcrank,sylas,75,34.0,41.0,60.98,39.02,5.69
blitzcrank,syndra,75,34.0,41.0,60.98,39.02,0.0
blitzcrank,taliyah,75,34.0,41.0,60.98,39.02,39.02
blitzcrank,thresh,75,34.0,41.0,60.98,0.0,39.02
blitzcrank,tristana,75,34.0,41.0,60.98,-0.98,-60.98
blitzcrank,trundle,75,34.0,41.0,60.98,39.02,5.69
blitzcrank,tryndamere,75,34.0,41.0,60.98,-60.98,39.02
blitzcrank,twisted fate,75,34.0,41.0,60.98,-60.98,39.02
blitzcrank,twitch,75,34.0,41.0,60.98,0.0,39.02
blitzcrank,udyr,75,34.0,41.0,60.98,0.0,39.02
blitzcrank,varus,75,34.0,41.0,60.98,-10.98,39.02
blitzcrank,vi,75,34.0,41.0,60.98,-10.98,0.0
blitzcrank,viego,75,34.0,41.0,60.98,39.02,-10.98
blitzcrank,viktor,75,34.0,41.0,60.98,-16.54,39.02
blitzcrank,vladimir,75,34.0,41.0,60.98,39.02,0.0
blitzcrank,volibear,75,34.0,41.0,60.98,-60.98,-60.98
blitzcrank,wukong,75,34.0,41.0,60.98,39.02,-10.98
blitzcrank,xayah,75,34.0,41.0,60.98,24.73,-27.65
blitzcrank,xin zhao,75,34.0,41.0,60.98,39.02,-20.98
blitzcrank,yone,75,34.0,41.0,60.98,-60.98,-60.98
blitzcrank,yorick,75,34.0,41.0,60.98,-27.65,-10.98
blitzcrank,zed,75,34.0,41.0,60.98,39.02,0.0
blitzcrank,zeri,75,34.0,41.0,60.98,-60.98,39.02
blitzcrank,ziggs,75,34.0,41.0,60.98,0.0,-60.98
blitzcrank,zoe,75,34.0,41.0,60.98,0.0,-60.98
blitzcrank,zyra,75,34.0,41.0,60.98,-60.98,0.0
taliyah,aatrox,899,447.0,452.0,54.65,13.77,9.64
taliyah,ahri,899,447.0,452.0,54.65,0.0,2.49
taliyah,akali,899,447.0,452.0,54.65,0.0,12.02
taliyah,alistar,899,447.0,452.0,54.65,2.85,-5.3
taliyah,ambessa,899,447.0,452.0,54.65,-3.83,10.66
taliyah,amumu,899,447.0,452.0,54.65,45.35,0.0
taliyah,annie,899,447.0,452.0,54.65,0.0,-14.65
taliyah,aphelios,899,447.0,452.0,54.65,-26.08,20.35
taliyah,ashe,899,447.0,452.0,54.65,-9.2,25.35
taliyah,aurora,899,447.0,452.0,54.65,12.02,10.47
taliyah,azir,899,447.0,452.0,54.65,0.0,4.11
taliyah,bard,899,447.0,452.0,54.65,-37.98,-12.98
taliyah,blitzcrank,899,447.0,452.0,54.65,45.35,-54.65
taliyah,brand,899,447.0,452.0,54.65,-54.65,45.35
taliyah,braum,899,447.0,452.0,54.65,4.81,8.99
taliyah,caitlyn,899,447.0,452.0,54.65,-4.65,12.02
taliyah,camille,899,447.0,452.0,54.65,-14.65,-21.32
taliyah,chogath,899,447.0,452.0,54.65,-54.65,12.02
taliyah,corki,899,447.0,452.0,54.65,-14.65,-4.65
taliyah,draven,899,447.0,452.0,54.65,-54.65,45.35
taliyah,elise,899,447.0,452.0,54.65,-4.65,12.02
taliyah,ezreal,899,447.0,452.0,54.65,-6.65,8.99
taliyah,galio,899,447.0,452.0,54.65,-21.32,0.19
taliyah,gangplank,899,447.0,452.0,54.65,-54.65,0.0
taliyah,gnar,899,447.0,452.0,54.65,6.89,-8.82
taliyah,gragas,899,447.0,452.0,54.65,-37.98,5.35
taliyah,gwen,899,447.0,452.0,54.65,2.25,6.46
taliyah,hwei,899,447.0,452.0,54.65,0.0,2.49
taliyah,irelia,899,447.0,452.0,54.65,45.35,0.0
taliyah,ivern,899,447.0,452.0,54.65,45.35,-4.65
taliyah,janna,899,447.0,452.0,54.65,0.0,45.35
taliyah,jarvan iv,899,447.0,452.0,54.65,-17.15,-9.2
taliyah,jax,899,447.0,452.0,54.65,-7.28,4.17
taliyah,jayce,899,447.0,452.0,54.65,13.21,4.81
taliyah,jhin,899,447.0,452.0,54.65,-2.27,-2.15
taliyah,jinx,899,447.0,452.0,54.65,-4.65,5.35
taliyah,kaisa,899,447.0,452.0,54.65,8.68,-13.47
taliyah,kalista,899,447.0,452.0,54.65,16.78,-8.5
taliyah,karma,899,447.0,452.0,54.65,7.85,-4.65
taliyah,kennen,899,447.0,452.0,54.65,45.35,45.35
taliyah,kindred,899,447.0,452.0,54.65,-4.65,45.35
taliyah,kled,899,447.0,452.0,54.65,45.35,0.0
taliyah,kog,899,447.0,452.0,54.65,-54.65,45.35
taliyah,ksante,899,447.0,452.0,54.65,-18.94,0.91
taliyah,leblanc,899,447.0,452.0,54.65,0.0,45.35
taliyah,lee sin,899,447.0,452.0,54.65,-4.65,-4.65
taliyah,leona,899,447.0,452.0,54.65,-13.62,11.06
taliyah,lillia,899,447.0,452.0,54.65,2.49,-21.32
taliyah,lissandra,899,447.0,452.0,54.65,0.0,-4.65
taliyah,lucian,899,447.0,452.0,54.65,-8.5,12.02
taliyah,lulu,899,447.0,452.0,54.65,-4.65,12.02
taliyah,lux,899,447.0,452.0,54.65,0.0,45.35
taliyah,maokai,899,447.0,452.0,54.65,15.35,-11.79
taliyah,milio,899,447.0,452.0,54.65,0.0,45.35
taliyah,miss fortune,899,447.0,452.0,54.65,7.51,13.09
taliyah,mordekaiser,899,447.0,452.0,54.65,-54.65,0.0
taliyah,morgana,899,447.0,452.0,54.65,0.0,-54.65
taliyah,mundo,899,447.0,452.0,54.65,-54.65,45.35
taliyah,naafiri,899,447.0,452.0,54.65,12.02,4.61
taliyah,nami,899,447.0,452.0,54.65,25.35,20.35
taliyah,nautilus,899,447.0,452.0,54.65,-5.37,-1.32
taliyah,neeko,899,447.0,452.0,54.65,13.53,-6.82
taliyah,nidalee,899,447.0,452.0,54.65,45.35,-10.21
taliyah,nilah,899,447.0,452.0,54.65,45.35,0.0
taliyah,nocturne,899,447.0,452.0,54.65,-17.15,2.49
taliyah,olaf,899,447.0,452.0,54.65,-4.65,0.0
taliyah,orianna,899,447.0,452.0,54.65,0.0,-11.06
taliyah,ornn,899,447.0,452.0,54.65,-21.32,-10.65
taliyah,pantheon,899,447.0,452.0,54.65,6.57,3.97
taliyah,poppy,899,447.0,452.0,54.65,3.41,-10.21
taliyah,qiyana,899,447.0,452.0,54.65,-54.65,-54.65
taliyah,rakan,899,447.0,452.0,54.65,6.01,-17.92
taliyah,reksai,899,447.0,452.0,54.65,-54.65,-4.65
taliyah,rell,899,447.0,452.0,54.65,-3.98,8.43
taliyah,renata glasc,899,447.0,452.0,54.65,10.06,5.35
taliyah,renekton,899,447.0,452.0,54.65,-2.02,-29.65
taliyah,rumble,899,447.0,452.0,54.65,0.91,-9.91
taliyah,ryze,899,447.0,452.0,54.65,0.0,15.94
taliyah,sejuani,899,447.0,452.0,54.65,5.35,20.35
taliyah,senna,899,447.0,452.0,54.65,5.35,6.46
taliyah,seraphine,899,447.0,452.0,54.65,0.0,45.35
taliyah,sett,899,447.0,452.0,54.65,45.35,45.35
taliyah,shen,899,447.0,452.0,54.65,-4.65,45.35
taliyah,shyvana,899,447.0,452.0,54.65,0.0,-54.65
taliyah,sion,899,447.0,452.0,54.65,9.14,0.25
taliyah,sivir,899,447.0,452.0,54.65,4.61,-6.65
taliyah,skarner,899,447.0,452.0,54.65,-6.17,-4.65
taliyah,smolder,899,447.0,452.0,54.65,-54.65,25.35
taliyah,soraka,899,447.0,452.0,54.65,0.0,45.35
taliyah,swain,899,447.0,452.0,54.65,0.0,-4.65
taliyah,sylas,899,447.0,452.0,54.65,0.0,-8.82
taliyah,syndra,899,447.0,452.0,54.65,0.0,-21.32
taliyah,tahm kench,899,447.0,452.0,54.65,0.0,-54.65
taliyah,taric,899,447.0,452.0,54.65,45.35,45.35
taliyah,thresh,899,447.0,452.0,54.65,-54.65,-54.65
taliyah,tristana,899,447.0,452.0,54.65,5.35,-11.79
taliyah,trundle,899,447.0,452.0,54.65,-4.65,-2.8
taliyah,twisted fate,899,447.0,452.0,54.65,0.0,20.35
taliyah,twitch,899,447.0,452.0,54.65,0.0,-54.65
taliyah,udyr,899,447.0,452.0,54.65,0.0,45.35
taliyah,urgot,899,447.0,452.0,54.65,0.0,45.35
taliyah,varus,899,447.0,452.0,54.65,10.8,-3.86
taliyah,vi,899,447.0,452.0,54.65,-3.67,-7.98
taliyah,viego,899,447.0,452.0,54.65,-11.79,12.02
taliyah,viktor,899,447.0,452.0,54.65,0.0,-4.65
taliyah,vladimir,899,447.0,452.0,54.65,0.0,20.35
taliyah,volibear,899,447.0,452.0,54.65,45.35,0.0
taliyah,warwick,899,447.0,452.0,54.65,45.35,45.35
taliyah,wukong,899,447.0,452.0,54.65,2.85,0.91
taliyah,xayah,899,447.0,452.0,54.65,-1.52,-22.65
taliyah,xin zhao,899,447.0,452.0,54.65,1.42,9.35
taliyah,yasuo,899,447.0,452.0,54.65,-54.65,0.0
taliyah,yone,899,447.0,452.0,54.65,0.0,-11.17
taliyah,yorick,899,447.0,452.0,54.65,-4.65,-6.5
taliyah,yunara,899,447.0,452.0,54.65,-21.32,-14.65
taliyah,yuumi,899,447.0,452.0,54.65,0.0,12.02
taliyah,zed,899,447.0,452.0,54.65,-54.65,-29.65
taliyah,zeri,899,447.0,452.0,54.65,5.35,15.35
taliyah,ziggs,899,447.0,452.0,54.65,5.35,-54.65
taliyah,zilean,899,447.0,452.0,54.65,0.0,-54.65
taliyah,zoe,899,447.0,452.0,54.65,0.0,45.35
taliyah,zyra,899,447.0,452.0,54.65,20.35,-29.65
ahri,aatrox,412,129.0,283.0,44.17,12.08,1.98
ahri,akali,412,129.0,283.0,44.17,-44.17,-10.84
ahri,alistar,412,129.0,283.0,44.17,-1.31,8.21
ahri,ambessa,412,129.0,283.0,44.17,-10.84,12.97
ahri,anivia,412,129.0,283.0,44.17,-44.17,0.0
ahri,annie,412,129.0,283.0,44.17,0.0,-27.5
ahri,aphelios,412,129.0,283.0,44.17,5.83,0.0
ahri,ashe,412,129.0,283.0,44.17,19.47,-19.17
ahri,aurora,412,129.0,283.0,44.17,-24.17,24.25
ahri,azir,412,129.0,283.0,44.17,0.0,-4.59
ahri,bard,412,129.0,283.0,44.17,-44.17,5.83
ahri,blitzcrank,412,129.0,283.0,44.17,0.0,-44.17
ahri,braum,412,129.0,283.0,44.17,12.97,-5.28
ahri,caitlyn,412,129.0,283.0,44.17,5.83,-19.17
ahri,camille,412,129.0,283.0,44.17,55.83,-44.17
ahri,chogath,412,129.0,283.0,44.17,15.83,55.83
ahri,corki,412,129.0,283.0,44.17,-25.42,16.7
ahri,diana,412,129.0,283.0,44.17,-44.17,55.83
ahri,draven,412,129.0,283.0,44.17,-44.17,39.16
ahri,elise,412,129.0,283.0,44.17,15.83,-10.84
ahri,ezreal,412,129.0,283.0,44.17,1.28,7.18
ahri,galio,412,129.0,283.0,44.17,15.83,10.83
ahri,gangplank,412,129.0,283.0,44.17,5.83,55.83
ahri,gnar,412,129.0,283.0,44.17,15.83,9.68
ahri,gragas,412,129.0,283.0,44.17,5.83,-1.31
ahri,gwen,412,129.0,283.0,44.17,0.99,-10.84
ahri,ivern,412,129.0,283.0,44.17,0.0,-44.17
ahri,janna,412,129.0,283.0,44.17,-44.17,0.0
ahri,jarvan iv,412,129.0,283.0,44.17,10.38,-44.17
ahri,jax,412,129.0,283.0,44.17,14.65,1.98
ahri,jayce,412,129.0,283.0,44.17,-1.31,-3.26
ahri,jhin,412,129.0,283.0,44.17,8.21,0.66
ahri,jinx,412,129.0,283.0,44.17,27.26,15.83
ahri,kaisa,412,129.0,283.0,44.17,1.78,-12.92
ahri,kalista,412,129.0,283.0,44.17,2.89,-7.81
ahri,karma,412,129.0,283.0,44.17,12.97,-19.17
ahri,kennen,412,129.0,283.0,44.17,55.83,5.83
ahri,kindred,412,129.0,283.0,44.17,0.0,55.83
ahri,kled,412,129.0,283.0,44.17,0.0,55.83
ahri,kog,412,129.0,283.0,44.17,-44.17,55.83
ahri,ksante,412,129.0,283.0,44.17,-36.48,8.77
ahri,leblanc,412,129.0,283.0,44.17,0.0,-44.17
ahri,lee sin,412,129.0,283.0,44.17,-44.17,12.97
ahri,leona,412,129.0,283.0,44.17,-14.17,7.55
ahri,lillia,412,129.0,283.0,44.17,-44.17,25.83
ahri,lissandra,412,129.0,283.0,44.17,0.0,5.83
ahri,lucian,412,129.0,283.0,44.17,5.83,-0.42
ahri,lulu,412,129.0,283.0,44.17,5.83,5.83
ahri,maokai,412,129.0,283.0,44.17,-10.84,1.98
ahri,mel,412,129.0,283.0,44.17,0.0,55.83
ahri,milio,412,129.0,283.0,44.17,-44.17,0.0
ahri,miss fortune,412,129.0,283.0,44.17,-1.86,11.39
ahri,mordekaiser,412,129.0,283.0,44.17,0.0,-10.84
ahri,morgana,412,129.0,283.0,44.17,0.0,-44.17
ahri,naafiri,412,129.0,283.0,44.17,-9.79,-1.86
ahri,nami,412,129.0,283.0,44.17,-44.17,5.83
ahri,nautilus,412,129.0,283.0,44.17,0.57,11.83
ahri,neeko,412,129.0,283.0,44.17,-7.81,-0.42
ahri,nidalee,412,129.0,283.0,44.17,22.5,-7.81
ahri,nilah,412,129.0,283.0,44.17,0.0,-44.17
ahri,nocturne,412,129.0,283.0,44.17,-4.17,-4.17
ahri,nunu,412,129.0,283.0,44.17,0.0,55.83
ahri,olaf,412,129.0,283.0,44.17,5.83,-44.17
ahri,orianna,412,129.0,283.0,44.17,0.0,-19.17
ahri,ornn,412,129.0,283.0,44.17,25.83,30.83
ahri,pantheon,412,129.0,283.0,44.17,-13.4,0.27
ahri,poppy,412,129.0,283.0,44.17,7.83,-8.17
ahri,pyke,412,129.0,283.0,44.17,-44.17,-44.17
ahri,rakan,412,129.0,283.0,44.17,5.83,-4.64
ahri,rell,412,129.0,283.0,44.17,7.05,-2.31
ahri,renata glasc,412,129.0,283.0,44.17,-26.52,17.37
ahri,renekton,412,129.0,283.0,44.17,18.33,-29.88
ahri,rumble,412,129.0,283.0,44.17,4.67,-3.35
ahri,ryze,412,129.0,283.0,44.17,0.0,-2.71
ahri,sejuani,412,129.0,283.0,44.17,0.0,-1.31
ahri,senna,412,129.0,283.0,44.17,5.83,55.83
ahri,seraphine,412,129.0,283.0,44.17,-44.17,0.0
ahri,sett,412,129.0,283.0,44.17,-44.17,-44.17
ahri,shen,412,129.0,283.0,44.17,-44.17,5.83
ahri,shyvana,412,129.0,283.0,44.17,55.83,0.0
ahri,sion,412,129.0,283.0,44.17,-12.35,-9.55
ahri,sivir,412,129.0,283.0,44.17,11.39,-28.79
ahri,skarner,412,129.0,283.0,44.17,-2.5,0.83
ahri,smolder,412,129.0,283.0,44.17,-10.84,5.83
ahri,swain,412,129.0,283.0,44.17,0.0,5.83
ahri,sylas,412,129.0,283.0,44.17,0.0,-8.46
ahri,tahm kench,412,129.0,283.0,44.17,55.83,-44.17
ahri,taliyah,412,129.0,283.0,44.17,0.0,-1.31
ahri,thresh,412,129.0,283.0,44.17,55.83,0.0
ahri,tristana,412,129.0,283.0,44.17,-44.17,30.83
ahri,trundle,412,129.0,283.0,44.17,0.27,28.56
ahri,twitch,412,129.0,283.0,44.17,0.0,55.83
ahri,udyr,412,129.0,283.0,44.17,-44.17,-44.17
ahri,varus,412,129.0,283.0,44.17,-7.5,-15.6
ahri,vayne,412,129.0,283.0,44.17,0.0,55.83
ahri,vi,412,129.0,283.0,44.17,5.83,-12.92
ahri,viego,412,129.0,283.0,44.17,5.83,19.47
ahri,viktor,412,129.0,283.0,44.17,0.0,-10.84
ahri,vladimir,412,129.0,283.0,44.17,-44.17,-44.17
ahri,volibear,412,129.0,283.0,44.17,-44.17,0.0
ahri,warwick,412,129.0,283.0,44.17,-44.17,-44.17
ahri,wukong,412,129.0,283.0,44.17,5.83,-9.39
ahri,xayah,412,129.0,283.0,44.17,11.39,-10.84
ahri,xin zhao,412,129.0,283.0,44.17,1.48,-6.96
ahri,yasuo,412,129.0,283.0,44.17,55.83,55.83
ahri,yone,412,129.0,283.0,44.17,5.83,-9.17
ahri,yorick,412,129.0,283.0,44.17,-8.88,22.5
ahri,yunara,412,129.0,283.0,44.17,-44.17,55.83
ahri,yuumi,412,129.0,283.0,44.17,-10.84,0.0
ahri,zed,412,129.0,283.0,44.17,-44.17,-44.17
ahri,zeri,412,129.0,283.0,44.17,1.98,35.83
ahri,ziggs,412,129.0,283.0,44.17,-10.84,5.83
ahri,zyra,412,129.0,283.0,44.17,55.83,35.83
garen,akali,9,5.0,4.0,50.0,0.0,-50.0
garen,alistar,9,5.0,4.0,50.0,50.0,-50.0
garen,annie,9,5.0,4.0,50.0,50.0,0.0
garen,aurora,9,5.0,4.0,50.0,-50.0,50.0
garen,bard,9,5.0,4.0,50.0,50.0,0.0
garen,corki,9,5.0,4.0,50.0,-50.0,0.0
garen,ezreal,9,5.0,4.0,50.0,-50.0,0.0
garen,jax,9,5.0,4.0,50.0,0.0,-50.0
garen,ksante,9,5.0,4.0,50.0,0.0,16.67
garen,maokai,9,5.0,4.0,50.0,50.0,-50.0
garen,nautilus,9,5.0,4.0,50.0,-50.0,0.0
garen,orianna,9,5.0,4.0,50.0,50.0,0.0
garen,rakan,9,5.0,4.0,50.0,0.0,-50.0
garen,rell,9,5.0,4.0,50.0,-50.0,50.0
garen,sejuani,9,5.0,4.0,50.0,0.0,50.0
garen,senna,9,5.0,4.0,50.0,50.0,0.0
garen,skarner,9,5.0,4.0,50.0,-50.0,0.0
garen,sylas,9,5.0,4.0,50.0,-50.0,0.0
garen,varus,9,5.0,4.0,50.0,50.0,-50.0
garen,vi,9,5.0,4.0,50.0,0.0,50.0
garen,viktor,9,5.0,4.0,50.0,0.0,50.0
garen,wukong,9,5.0,4.0,50.0,50.0,0.0
garen,xayah,9,5.0,4.0,50.0,0.0,-50.0
garen,xin zhao,9,5.0,4.0,50.0,-50.0,0.0
garen,zeri,9,5.0,4.0,50.0,0.0,50.0
garen,zyra,9,5.0,4.0,50.0,0.0,-50.0
cassiopeia,aatrox,60,28.0,32.0,43.75,-43.75,0.0
cassiopeia,alistar,60,28.0,32.0,43.75,-3.75,6.25
cassiopeia,ambessa,60,28.0,32.0,43.75,-43.75,16.25
cassiopeia,aphelios,60,28.0,32.0,43.75,0.0,-43.75
cassiopeia,ashe,60,28.0,32.0,43.75,56.25,0.0
cassiopeia,aurora,60,28.0,32.0,43.75,22.92,0.0
cassiopeia,bard,60,28.0,32.0,43.75,-10.42,-43.75
cassiopeia,blitzcrank,60,28.0,32.0,43.75,56.25,-43.75
cassiopeia,braum,60,28.0,32.0,43.75,0.0,-43.75
cassiopeia,camille,60,28.0,32.0,43.75,0.0,-43.75
cassiopeia,chogath,60,28.0,32.0,43.75,56.25,-43.75
cassiopeia,corki,60,28.0,32.0,43.75,-27.08,22.92
cassiopeia,ezreal,60,28.0,32.0,43.75,0.0,6.25
cassiopeia,galio,60,28.0,32.0,43.75,0.0,-18.75
cassiopeia,gnar,60,28.0,32.0,43.75,-43.75,-43.75
cassiopeia,gragas,60,28.0,32.0,43.75,-43.75,0.0
cassiopeia,gwen,60,28.0,32.0,43.75,0.0,-18.75
cassiopeia,hwei,60,28.0,32.0,43.75,0.0,-43.75
cassiopeia,jarvan iv,60,28.0,32.0,43.75,6.25,6.25
cassiopeia,jax,60,28.0,32.0,43.75,-43.75,-43.75
cassiopeia,jayce,60,28.0,32.0,43.75,56.25,0.0
cassiopeia,jhin,60,28.0,32.0,43.75,-23.75,6.25
cassiopeia,jinx,60,28.0,32.0,43.75,56.25,0.0
cassiopeia,kaisa,60,28.0,32.0,43.75,-10.42,6.25
cassiopeia,kalista,60,28.0,32.0,43.75,22.92,0.0
cassiopeia,karma,60,28.0,32.0,43.75,6.25,-43.75
cassiopeia,kindred,60,28.0,32.0,43.75,0.0,56.25
cassiopeia,kled,60,28.0,32.0,43.75,56.25,0.0
cassiopeia,ksante,60,28.0,32.0,43.75,22.92,-10.42
cassiopeia,lee sin,60,28.0,32.0,43.75,0.0,56.25
cassiopeia,leona,60,28.0,32.0,43.75,-43.75,0.0
cassiopeia,lillia,60,28.0,32.0,43.75,-43.75,0.0
cassiopeia,lucian,60,28.0,32.0,43.75,6.25,-10.42
cassiopeia,maokai,60,28.0,32.0,43.75,22.92,6.25
cassiopeia,miss fortune,60,28.0,32.0,43.75,0.0,56.25
cassiopeia,naafiri,60,28.0,32.0,43.75,0.0,56.25
cassiopeia,nautilus,60,28.0,32.0,43.75,-18.75,31.25
cassiopeia,neeko,60,28.0,32.0,43.75,56.25,-10.42
cassiopeia,nidalee,60,28.0,32.0,43.75,56.25,0.0
cassiopeia,nocturne,60,28.0,32.0,43.75,0.0,56.25
cassiopeia,olaf,60,28.0,32.0,43.75,-43.75,0.0
cassiopeia,ornn,60,28.0,32.0,43.75,-43.75,31.25
cassiopeia,pantheon,60,28.0,32.0,43.75,56.25,-43.75
cassiopeia,poppy,60,28.0,32.0,43.75,56.25,-10.42
cassiopeia,pyke,60,28.0,32.0,43.75,0.0,56.25
cassiopeia,qiyana,60,28.0,32.0,43.75,-43.75,0.0
cassiopeia,quinn,60,28.0,32.0,43.75,0.0,56.25
cassiopeia,rakan,60,28.0,32.0,43.75,-10.42,6.25
cassiopeia,reksai,60,28.0,32.0,43.75,0.0,56.25
cassiopeia,rell,60,28.0,32.0,43.75,-10.42,16.25
cassiopeia,renata glasc,60,28.0,32.0,43.75,0.0,6.25
cassiopeia,renekton,60,28.0,32.0,43.75,36.25,-10.42
cassiopeia,rumble,60,28.0,32.0,43.75,6.25,6.25
cassiopeia,ryze,60,28.0,32.0,43.75,0.0,1.25
cassiopeia,sejuani,60,28.0,32.0,43.75,-18.75,-10.42
cassiopeia,senna,60,28.0,32.0,43.75,6.25,0.0
cassiopeia,sett,60,28.0,32.0,43.75,-43.75,0.0
cassiopeia,shen,60,28.0,32.0,43.75,-43.75,0.0
cassiopeia,sion,60,28.0,32.0,43.75,-10.42,22.92
cassiopeia,sivir,60,28.0,32.0,43.75,0.0,-10.42
cassiopeia,skarner,60,28.0,32.0,43.75,-18.75,6.25
cassiopeia,smolder,60,28.0,32.0,43.75,0.0,22.92
cassiopeia,sylas,60,28.0,32.0,43.75,-43.75,-3.75
cassiopeia,taric,60,28.0,32.0,43.75,0.0,-43.75
cassiopeia,tristana,60,28.0,32.0,43.75,56.25,6.25
cassiopeia,trundle,60,28.0,32.0,43.75,-0.89,56.25
cassiopeia,twisted fate,60,28.0,32.0,43.75,0.0,56.25
cassiopeia,varus,60,28.0,32.0,43.75,31.25,-23.75
cassiopeia,vi,60,28.0,32.0,43.75,-43.75,6.25
cassiopeia,viego,60,28.0,32.0,43.75,0.0,-10.42
cassiopeia,viktor,60,28.0,32.0,43.75,0.0,56.25
cassiopeia,wukong,60,28.0,32.0,43.75,22.92,-43.75
cassiopeia,xayah,60,28.0,32.0,43.75,22.92,-43.75
cassiopeia,xin zhao,60,28.0,32.0,43.75,56.25,-27.08
cassiopeia,yorick,60,28.0,32.0,43.75,56.25,0.0
cassiopeia,yunara,60,28.0,32.0,43.75,-43.75,6.25
cassiopeia,zed,60,28.0,32.0,43.75,0.0,-43.75
cassiopeia,zeri,60,28.0,32.0,43.75,-43.75,-43.75
cassiopeia,ziggs,60,28.0,32.0,43.75,0.0,56.25
cassiopeia,zyra,60,28.0,32.0,43.75,0.0,56.25
seraphine,aatrox,25,6.0,19.0,31.58,-31.58,68.42
seraphine,ahri,25,6.0,19.0,31.58,-31.58,0.0
seraphine,akali,25,6.0,19.0,31.58,68.42,-31.58
seraphine,alistar,25,6.0,19.0,31.58,0.0,-31.58
seraphine,ambessa,25,6.0,19.0,31.58,68.42,1.75
seraphine,anivia,25,6.0,19.0,31.58,0.0,-31.58
seraphine,annie,25,6.0,19.0,31.58,0.0,-31.58
seraphine,ashe,25,6.0,19.0,31.58,-0.81,0.0
seraphine,aurora,25,6.0,19.0,31.58,-31.58,18.42
seraphine,azir,25,6.0,19.0,31.58,-31.58,68.42
seraphine,bard,25,6.0,19.0,31.58,0.0,68.42
seraphine,blitzcrank,25,6.0,19.0,31.58,0.0,68.42
seraphine,braum,25,6.0,19.0,31.58,0.0,-31.58
seraphine,caitlyn,25,6.0,19.0,31.58,0.0,18.42
seraphine,chogath,25,6.0,19.0,31.58,0.0,-31.58
seraphine,corki,25,6.0,19.0,31.58,-31.58,-31.58
seraphine,draven,25,6.0,19.0,31.58,-31.58,0.0
seraphine,ezreal,25,6.0,19.0,31.58,0.0,18.42
seraphine,galio,25,6.0,19.0,31.58,-31.58,0.0
seraphine,gnar,25,6.0,19.0,31.58,-31.58,0.0
seraphine,gwen,25,6.0,19.0,31.58,0.0,-31.58
seraphine,ivern,25,6.0,19.0,31.58,0.0,-31.58
seraphine,jax,25,6.0,19.0,31.58,68.42,0.0
seraphine,jayce,25,6.0,19.0,31.58,0.0,-31.58
seraphine,jhin,25,6.0,19.0,31.58,0.0,-31.58
seraphine,jinx,25,6.0,19.0,31.58,68.42,-31.58
seraphine,kaisa,25,6.0,19.0,31.58,0.0,-31.58
seraphine,kalista,25,6.0,19.0,31.58,-31.58,18.42
seraphine,karma,25,6.0,19.0,31.58,0.0,68.42
seraphine,khazix,25,6.0,19.0,31.58,0.0,68.42
seraphine,ksante,25,6.0,19.0,31.58,18.42,-31.58
seraphine,lee sin,25,6.0,19.0,31.58,0.0,18.42
seraphine,leona,25,6.0,19.0,31.58,0.0,-31.58
seraphine,lulu,25,6.0,19.0,31.58,0.0,18.42
seraphine,maokai,25,6.0,19.0,31.58,-31.58,-31.58
seraphine,miss fortune,25,6.0,19.0,31.58,-31.58,0.0
seraphine,naafiri,25,6.0,19.0,31.58,0.0,1.75
seraphine,nautilus,25,6.0,19.0,31.58,-31.58,0.0
seraphine,neeko,25,6.0,19.0,31.58,0.0,18.42
seraphine,nidalee,25,6.0,19.0,31.58,-31.58,-31.58
seraphine,nocturne,25,6.0,19.0,31.58,68.42,68.42
seraphine,olaf,25,6.0,19.0,31.58,0.0,-31.58
seraphine,orianna,25,6.0,19.0,31.58,18.42,-31.58
seraphine,ornn,25,6.0,19.0,31.58,-31.58,68.42
seraphine,pantheon,25,6.0,19.0,31.58,1.75,-31.58
seraphine,poppy,25,6.0,19.0,31.58,18.42,0.0
seraphine,renata glasc,25,6.0,19.0,31.58,0.0,-6.58
seraphine,renekton,25,6.0,19.0,31.58,68.42,68.42
seraphine,rumble,25,6.0,19.0,31.58,-31.58,-31.58
seraphine,ryze,25,6.0,19.0,31.58,18.42,-31.58
seraphine,sejuani,25,6.0,19.0,31.58,18.42,-31.58
seraphine,senna,25,6.0,19.0,31.58,0.0,-31.58
seraphine,sion,25,6.0,19.0,31.58,18.42,-31.58
seraphine,sivir,25,6.0,19.0,31.58,0.0,-31.58
seraphine,skarner,25,6.0,19.0,31.58,0.0,-31.58
seraphine,sylas,25,6.0,19.0,31.58,35.09,18.42
seraphine,tahm kench,25,6.0,19.0,31.58,0.0,-31.58
seraphine,taliyah,25,6.0,19.0,31.58,0.0,-31.58
seraphine,tristana,25,6.0,19.0,31.58,0.0,68.42
seraphine,trundle,25,6.0,19.0,31.58,-31.58,0.0
seraphine,twisted fate,25,6.0,19.0,31.58,0.0,68.42
seraphine,udyr,25,6.0,19.0,31.58,-31.58,0.0
seraphine,urgot,25,6.0,19.0,31.58,0.0,68.42
seraphine,varus,25,6.0,19.0,31.58,68.42,-31.58
seraphine,vi,25,6.0,19.0,31.58,-31.58,35.09
seraphine,viego,25,6.0,19.0,31.58,-31.58,-31.58
seraphine,viktor,25,6.0,19.0,31.58,0.0,18.42
seraphine,volibear,25,6.0,19.0,31.58,68.42,0.0
seraphine,xayah,25,6.0,19.0,31.58,0.0,-31.58
seraphine,xin zhao,25,6.0,19.0,31.58,-31.58,-31.58
seraphine,yone,25,6.0,19.0,31.58,-31.58,-31.58
pantheon,aatrox,848,516.0,332.0,48.8,1.2,5.05
pantheon,ahri,848,516.0,332.0,48.8,-18.03,6.76
pantheon,akali,848,516.0,332.0,48.8,-17.55,-8.8
pantheon,alistar,848,516.0,332.0,48.8,3.7,0.14
pantheon,ambessa,848,516.0,332.0,48.8,-5.56,1.2
pantheon,annie,848,516.0,332.0,48.8,4.14,-16.66
pantheon,aphelios,848,516.0,332.0,48.8,1.2,-48.8
pantheon,ashe,848,516.0,332.0,48.8,1.2,-12.44
pantheon,aurelion sol,848,516.0,332.0,48.8,1.2,1.2
pantheon,aurora,848,516.0,332.0,48.8,-14.42,24.88
pantheon,azir,848,516.0,332.0,48.8,-2.13,-1.74
pantheon,bard,848,516.0,332.0,48.8,-15.47,13.7
pantheon,blitzcrank,848,516.0,332.0,48.8,51.2,-48.8
pantheon,brand,848,516.0,332.0,48.8,0.0,-48.8
pantheon,braum,848,516.0,332.0,48.8,-14.02,-8.17
pantheon,caitlyn,848,516.0,332.0,48.8,1.2,-4.36
pantheon,camille,848,516.0,332.0,48.8,51.2,-12.44
pantheon,cassiopeia,848,516.0,332.0,48.8,51.2,51.2
pantheon,chogath,848,516.0,332.0,48.8,17.87,-15.47
pantheon,corki,848,516.0,332.0,48.8,-3.35,3.05
pantheon,draven,848,516.0,332.0,48.8,1.2,-48.8
pantheon,elise,848,516.0,332.0,48.8,21.2,-5.94
pantheon,ezreal,848,516.0,332.0,48.8,-14.18,-0.52
pantheon,fiddlesticks,848,516.0,332.0,48.8,0.0,-48.8
pantheon,fiora,848,516.0,332.0,48.8,51.2,0.0
pantheon,galio,848,516.0,332.0,48.8,-2.37,11.2
pantheon,gangplank,848,516.0,332.0,48.8,0.0,51.2
pantheon,gnar,848,516.0,332.0,48.8,-8.8,-5.94
pantheon,gragas,848,516.0,332.0,48.8,-5.94,9.53
pantheon,gwen,848,516.0,332.0,48.8,-0.52,3.37
pantheon,hwei,848,516.0,332.0,48.8,1.2,1.2
pantheon,irelia,848,516.0,332.0,48.8,0.0,51.2
pantheon,ivern,848,516.0,332.0,48.8,0.0,-48.8
pantheon,jarvan iv,848,516.0,332.0,48.8,0.0,-3.35
pantheon,jax,848,516.0,332.0,48.8,30.15,1.2
pantheon,jayce,848,516.0,332.0,48.8,-6.69,-1.74
pantheon,jhin,848,516.0,332.0,48.8,-4.8,-1.74
pantheon,jinx,848,516.0,332.0,48.8,-23.8,1.2
pantheon,kaisa,848,516.0,332.0,48.8,3.2,7.87
pantheon,kalista,848,516.0,332.0,48.8,17.87,-3.8
pantheon,karma,848,516.0,332.0,48.8,17.87,-20.23
pantheon,karthus,848,516.0,332.0,48.8,0.0,-48.8
pantheon,kassadin,848,516.0,332.0,48.8,-48.8,0.0
pantheon,kayle,848,516.0,332.0,48.8,0.0,-48.8
pantheon,kennen,848,516.0,332.0,48.8,-8.8,-15.47
pantheon,kindred,848,516.0,332.0,48.8,0.0,51.2
pantheon,kled,848,516.0,332.0,48.8,51.2,0.0
pantheon,kog,848,516.0,332.0,48.8,1.2,0.0
pantheon,ksante,848,516.0,332.0,48.8,-11.3,12.74
pantheon,leblanc,848,516.0,332.0,48.8,1.2,51.2
pantheon,lee sin,848,516.0,332.0,48.8,0.0,-48.8
pantheon,leona,848,516.0,332.0,48.8,-9.51,6.04
pantheon,lillia,848,516.0,332.0,48.8,51.2,-8.8
pantheon,lucian,848,516.0,332.0,48.8,-18.37,14.36
pantheon,lulu,848,516.0,332.0,48.8,1.2,1.2
pantheon,lux,848,516.0,332.0,48.8,-48.8,0.0
pantheon,maokai,848,516.0,332.0,48.8,-48.8,27.67
pantheon,mel,848,516.0,332.0,48.8,0.0,51.2
pantheon,miss fortune,848,516.0,332.0,48.8,-26.07,13.7
pantheon,mordekaiser,848,516.0,332.0,48.8,51.2,51.2
pantheon,morgana,848,516.0,332.0,48.8,51.2,51.2
pantheon,naafiri,848,516.0,332.0,48.8,1.2,-2.97
pantheon,nami,848,516.0,332.0,48.8,-32.13,26.2
pantheon,nasus,848,516.0,332.0,48.8,1.2,0.0
pantheon,nautilus,848,516.0,332.0,48.8,3.05,16.99
pantheon,neeko,848,516.0,332.0,48.8,6.76,-5.32
pantheon,nidalee,848,516.0,332.0,48.8,11.2,-20.23
pantheon,nilah,848,516.0,332.0,48.8,0.0,51.2
pantheon,nocturne,848,516.0,332.0,48.8,0.0,23.93
pantheon,olaf,848,516.0,332.0,48.8,0.0,51.2
pantheon,orianna,848,516.0,332.0,48.8,14.06,-7.89
pantheon,ornn,848,516.0,332.0,48.8,-8.8,12.31
pantheon,poppy,848,516.0,332.0,48.8,17.87,-9.51
pantheon,pyke,848,516.0,332.0,48.8,0.0,1.2
pantheon,rakan,848,516.0,332.0,48.8,5.25,-13.51
pantheon,reksai,848,516.0,332.0,48.8,0.0,51.2
pantheon,rell,848,516.0,332.0,48.8,1.2,2.36
pantheon,renata glasc,848,516.0,332.0,48.8,-9.91,6.76
pantheon,renekton,848,516.0,332.0,48.8,17.87,-11.3
pantheon,rumble,848,516.0,332.0,48.8,4.86,-3.35
pantheon,ryze,848,516.0,332.0,48.8,1.2,3.05
pantheon,sejuani,848,516.0,332.0,48.8,26.2,1.2
pantheon,senna,848,516.0,332.0,48.8,22.63,6.76
pantheon,seraphine,848,516.0,332.0,48.8,-15.47,51.2
pantheon,shen,848,516.0,332.0,48.8,-28.8,1.2
pantheon,singed,848,516.0,332.0,48.8,-48.8,0.0
pantheon,sion,848,516.0,332.0,48.8,4.33,-4.61
pantheon,sivir,848,516.0,332.0,48.8,28.12,4.14
pantheon,skarner,848,516.0,332.0,48.8,-48.8,-0.65
pantheon,smolder,848,516.0,332.0,48.8,-48.8,26.2
pantheon,soraka,848,516.0,332.0,48.8,0.0,51.2
pantheon,swain,848,516.0,332.0,48.8,-48.8,51.2
pantheon,sylas,848,516.0,332.0,48.8,1.2,-12.44
pantheon,syndra,848,516.0,332.0,48.8,1.2,1.2
pantheon,taliyah,848,516.0,332.0,48.8,12.42,-7.42
pantheon,taric,848,516.0,332.0,48.8,51.2,0.0
pantheon,thresh,848,516.0,332.0,48.8,-23.8,-48.8
pantheon,tristana,848,516.0,332.0,48.8,26.2,26.2
pantheon,trundle,848,516.0,332.0,48.8,0.0,5.75
pantheon,twisted fate,848,516.0,332.0,48.8,1.2,-48.8
pantheon,twitch,848,516.0,332.0,48.8,-48.8,-48.8
pantheon,udyr,848,516.0,332.0,48.8,-48.8,1.2
pantheon,urgot,848,516.0,332.0,48.8,-48.8,51.2
pantheon,varus,848,516.0,332.0,48.8,13.7,-4.36
pantheon,vayne,848,516.0,332.0,48.8,0.0,51.2
pantheon,veigar,848,516.0,332.0,48.8,0.0,-48.8
pantheon,vi,848,516.0,332.0,48.8,-15.47,-10.09
pantheon,viego,848,516.0,332.0,48.8,-48.8,11.2
pantheon,viktor,848,516.0,332.0,48.8,-3.64,15.2
pantheon,vladimir,848,516.0,332.0,48.8,-23.8,-48.8
pantheon,volibear,848,516.0,332.0,48.8,-48.8,0.0
pantheon,warwick,848,516.0,332.0,48.8,51.2,0.0
pantheon,wukong,848,516.0,332.0,48.8,0.0,3.83
pantheon,xayah,848,516.0,332.0,48.8,5.75,-9.51
pantheon,xin zhao,848,516.0,332.0,48.8,-48.8,-6.69
pantheon,yone,848,516.0,332.0,48.8,1.2,-7.89
pantheon,yorick,848,516.0,332.0,48.8,-2.37,9.53
pantheon,yunara,848,516.0,332.0,48.8,-23.8,-15.47
pantheon,yuumi,848,516.0,332.0,48.8,51.2,1.2
pantheon,zac,848,516.0,332.0,48.8,0.0,51.2
pantheon,zed,848,516.0,332.0,48.8,0.0,-48.8
pantheon,zeri,848,516.0,332.0,48.8,28.12,-5.94
pantheon,ziggs,848,516.0,332.0,48.8,8.34,-20.23
pantheon,zilean,848,516.0,332.0,48.8,1.2,0.0
pantheon,zyra,848,516.0,332.0,48.8,-48.8,26.2
malphite,alistar,3,2.0,1.0,0.0,0.0,0.0
malphite,aurora,3,2.0,1.0,0.0,0.0,0.0
malphite,ezreal,3,2.0,1.0,0.0,0.0,0.0
malphite,jax,3,2.0,1.0,0.0,0.0,0.0
malphite,miss fortune,3,2.0,1.0,0.0,0.0,0.0
malphite,neeko,3,2.0,1.0,0.0,0.0,0.0
malphite,sejuani,3,2.0,1.0,0.0,0.0,0.0
malphite,xin zhao,3,2.0,1.0,0.0,0.0,0.0
malphite,yone,3,2.0,1.0,0.0,0.0,0.0
nilah,aatrox,6,2.0,4.0,75.0,25.0,0.0
nilah,ahri,6,2.0,4.0,75.0,0.0,25.0
nilah,alistar,6,2.0,4.0,75.0,-75.0,0.0
nilah,ambessa,6,2.0,4.0,75.0,0.0,25.0
nilah,annie,6,2.0,4.0,75.0,0.0,-75.0
nilah,braum,6,2.0,4.0,75.0,0.0,-75.0
nilah,corki,6,2.0,4.0,75.0,-25.0,0.0
nilah,galio,6,2.0,4.0,75.0,0.0,25.0
nilah,gangplank,6,2.0,4.0,75.0,0.0,25.0
nilah,gnar,6,2.0,4.0,75.0,0.0,-75.0
nilah,jax,6,2.0,4.0,75.0,25.0,0.0
nilah,kaisa,6,2.0,4.0,75.0,0.0,25.0
nilah,ksante,6,2.0,4.0,75.0,25.0,0.0
nilah,lucian,6,2.0,4.0,75.0,0.0,-75.0
nilah,maokai,6,2.0,4.0,75.0,25.0,0.0
nilah,nidalee,6,2.0,4.0,75.0,-75.0,0.0
nilah,orianna,6,2.0,4.0,75.0,0.0,25.0
nilah,pantheon,6,2.0,4.0,75.0,0.0,-75.0
nilah,poppy,6,2.0,4.0,75.0,0.0,25.0
nilah,rakan,6,2.0,4.0,75.0,25.0,25.0
nilah,rell,6,2.0,4.0,75.0,25.0,0.0
nilah,renekton,6,2.0,4.0,75.0,-75.0,0.0
nilah,senna,6,2.0,4.0,75.0,25.0,0.0
nilah,skarner,6,2.0,4.0,75.0,0.0,25.0
nilah,taliyah,6,2.0,4.0,75.0,25.0,0.0
nilah,varus,6,2.0,4.0,75.0,0.0,25.0
nilah,vi,6,2.0,4.0,75.0,0.0,25.0
nilah,viktor,6,2.0,4.0,75.0,25.0,0.0
nilah,warwick,6,2.0,4.0,75.0,0.0,25.0
nilah,wukong,6,2.0,4.0,75.0,25.0,0.0
nilah,xin zhao,6,2.0,4.0,75.0,25.0,0.0
nilah,yuumi,6,2.0,4.0,75.0,0.0,25.0
nilah,zeri,6,2.0,4.0,75.0,0.0,25.0
karthus,aatrox,8,2.0,6.0,66.67,33.33,-66.67
karthus,alistar,8,2.0,6.0,66.67,33.33,0.0
karthus,ambessa,8,2.0,6.0,66.67,33.33,0.0
karthus,ashe,8,2.0,6.0,66.67,33.33,0.0
karthus,bard,8,2.0,6.0,66.67,33.33,0.0
karthus,camille,8,2.0,6.0,66.67,33.33,0.0
karthus,corki,8,2.0,6.0,66.67,-66.67,33.33
karthus,ezreal,8,2.0,6.0,66.67,33.33,-66.67
karthus,fiora,8,2.0,6.0,66.67,0.0,33.33
karthus,gnar,8,2.0,6.0,66.67,-66.67,33.33
karthus,ivern,8,2.0,6.0,66.67,0.0,-66.67
karthus,jayce,8,2.0,6.0,66.67,0.0,33.33
karthus,jhin,8,2.0,6.0,66.67,0.0,33.33
karthus,kaisa,8,2.0,6.0,66.67,0.0,33.33
karthus,leona,8,2.0,6.0,66.67,0.0,-16.67
karthus,maokai,8,2.0,6.0,66.67,0.0,33.33
karthus,nautilus,8,2.0,6.0,66.67,-16.67,0.0
karthus,neeko,8,2.0,6.0,66.67,0.0,-66.67
karthus,nidalee,8,2.0,6.0,66.67,0.0,33.33
karthus,ornn,8,2.0,6.0,66.67,-66.67,0.0
karthus,pantheon,8,2.0,6.0,66.67,0.0,33.33
karthus,rell,8,2.0,6.0,66.67,-66.67,0.0
karthus,renekton,8,2.0,6.0,66.67,0.0,-16.67
karthus,shen,8,2.0,6.0,66.67,0.0,33.33
karthus,sion,8,2.0,6.0,66.67,33.33,0.0
karthus,sivir,8,2.0,6.0,66.67,0.0,-16.67
karthus,smolder,8,2.0,6.0,66.67,33.33,0.0
karthus,sylas,8,2.0,6.0,66.67,0.0,-16.67
karthus,tristana,8,2.0,6.0,66.67,-16.67,0.0
karthus,udyr,8,2.0,6.0,66.67,0.0,33.33
karthus,varus,8,2.0,6.0,66.67,-33.34,0.0
karthus,viego,8,2.0,6.0,66.67,33.33,0.0
karthus,xayah,8,2.0,6.0,66.67,0.0,33.33
karthus,yone,8,2.0,6.0,66.67,33.33,-66.67
karthus,zyra,8,2.0,6.0,66.67,0.0,8.33
lillia,aatrox,236,125.0,111.0,54.95,45.05,-4.95
lillia,ahri,236,125.0,111.0,54.95,-54.95,-24.95
lillia,akali,236,125.0,111.0,54.95,45.05,45.05
lillia,alistar,236,125.0,111.0,54.95,0.05,-9.5
lillia,ambessa,236,125.0,111.0,54.95,-8.8,13.47
lillia,anivia,236,125.0,111.0,54.95,45.05,-54.95
lillia,annie,236,125.0,111.0,54.95,0.0,45.05
lillia,aphelios,236,125.0,111.0,54.95,-54.95,45.05
lillia,ashe,236,125.0,111.0,54.95,5.05,-10.51
lillia,aurelion sol,236,125.0,111.0,54.95,0.0,45.05
lillia,aurora,236,125.0,111.0,54.95,-4.95,45.05
lillia,azir,236,125.0,111.0,54.95,-4.95,-4.95
lillia,bard,236,125.0,111.0,54.95,0.0,45.05
lillia,blitzcrank,236,125.0,111.0,54.95,-21.62,0.0
lillia,brand,236,125.0,111.0,54.95,0.0,45.05
lillia,braum,236,125.0,111.0,54.95,-13.28,-8.8
lillia,caitlyn,236,125.0,111.0,54.95,-29.95,-4.95
lillia,camille,236,125.0,111.0,54.95,45.05,45.05
lillia,cassiopeia,236,125.0,111.0,54.95,-54.95,0.0
lillia,chogath,236,125.0,111.0,54.95,0.0,45.05
lillia,corki,236,125.0,111.0,54.95,-3.23,8.69
lillia,diana,236,125.0,111.0,54.95,0.0,45.05
lillia,draven,236,125.0,111.0,54.95,45.05,-4.95
lillia,elise,236,125.0,111.0,54.95,-54.95,-4.95
lillia,ezreal,236,125.0,111.0,54.95,8.69,11.72
lillia,galio,236,125.0,111.0,54.95,-21.62,-14.95
lillia,gangplank,236,125.0,111.0,54.95,-54.95,-4.95
lillia,gnar,236,125.0,111.0,54.95,-12.09,-34.95
lillia,gragas,236,125.0,111.0,54.95,0.0,-4.95
lillia,gwen,236,125.0,111.0,54.95,45.05,-4.95
lillia,hwei,236,125.0,111.0,54.95,-54.95,-54.95
lillia,ivern,236,125.0,111.0,54.95,0.0,45.05
lillia,jarvan iv,236,125.0,111.0,54.95,0.0,-54.95
lillia,jax,236,125.0,111.0,54.95,5.05,11.72
lillia,jayce,236,125.0,111.0,54.95,-16.49,11.72
lillia,jhin,236,125.0,111.0,54.95,30.76,-9.5
lillia,jinx,236,125.0,111.0,54.95,45.05,11.72
lillia,kaisa,236,125.0,111.0,54.95,-32.73,20.05
lillia,kalista,236,125.0,111.0,54.95,-14.95,-14.95
lillia,karma,236,125.0,111.0,54.95,45.05,45.05
lillia,kassadin,236,125.0,111.0,54.95,0.0,45.05
lillia,kennen,236,125.0,111.0,54.95,0.0,-21.62
lillia,kog,236,125.0,111.0,54.95,0.0,-54.95
lillia,ksante,236,125.0,111.0,54.95,11.72,11.72
lillia,lee sin,236,125.0,111.0,54.95,-4.95,11.72
lillia,leona,236,125.0,111.0,54.95,2.19,-14.95
lillia,lucian,236,125.0,111.0,54.95,45.05,-26.38
lillia,lulu,236,125.0,111.0,54.95,45.05,-54.95
lillia,maokai,236,125.0,111.0,54.95,-4.95,16.48
lillia,mel,236,125.0,111.0,54.95,-54.95,0.0
lillia,milio,236,125.0,111.0,54.95,0.0,-54.95
lillia,miss fortune,236,125.0,111.0,54.95,-4.95,-1.1
lillia,naafiri,236,125.0,111.0,54.95,0.0,-24.95
lillia,nami,236,125.0,111.0,54.95,0.0,-54.95
lillia,nautilus,236,125.0,111.0,54.95,11.72,-4.95
lillia,neeko,236,125.0,111.0,54.95,-54.95,-38.28
lillia,nidalee,236,125.0,111.0,54.95,0.0,-32.73
lillia,nocturne,236,125.0,111.0,54.95,0.0,-29.95
lillia,olaf,236,125.0,111.0,54.95,45.05,0.0
lillia,orianna,236,125.0,111.0,54.95,11.72,-4.95
lillia,ornn,236,125.0,111.0,54.95,11.72,-54.95
lillia,pantheon,236,125.0,111.0,54.95,45.05,5.05
lillia,poppy,236,125.0,111.0,54.95,30.76,-4.95
lillia,pyke,236,125.0,111.0,54.95,0.0,-54.95
lillia,rakan,236,125.0,111.0,54.95,-0.4,3.38
lillia,rell,236,125.0,111.0,54.95,-9.95,20.05
lillia,renata glasc,236,125.0,111.0,54.95,20.05,45.05
lillia,renekton,236,125.0,111.0,54.95,-14.95,25.05
lillia,rumble,236,125.0,111.0,54.95,5.05,-29.95
lillia,ryze,236,125.0,111.0,54.95,-12.09,-14.95
lillia,sejuani,236,125.0,111.0,54.95,0.0,16.48
lillia,senna,236,125.0,111.0,54.95,-21.62,-4.95
lillia,sett,236,125.0,111.0,54.95,-4.95,0.0
lillia,shen,236,125.0,111.0,54.95,-54.95,45.05
lillia,shyvana,236,125.0,111.0,54.95,0.0,-54.95
lillia,sion,236,125.0,111.0,54.95,-4.95,11.72
lillia,sivir,236,125.0,111.0,54.95,-4.95,11.72
lillia,skarner,236,125.0,111.0,54.95,0.0,11.72
lillia,smolder,236,125.0,111.0,54.95,0.0,45.05
lillia,swain,236,125.0,111.0,54.95,0.0,45.05
lillia,sylas,236,125.0,111.0,54.95,20.05,16.48
lillia,syndra,236,125.0,111.0,54.95,0.0,45.05
lillia,tahm kench,236,125.0,111.0,54.95,-54.95,45.05
lillia,taliyah,236,125.0,111.0,54.95,2.19,11.72
lillia,taric,236,125.0,111.0,54.95,0.0,45.05
lillia,thresh,236,125.0,111.0,54.95,45.05,0.0
lillia,tristana,236,125.0,111.0,54.95,15.05,11.72
lillia,trundle,236,125.0,111.0,54.95,0.0,45.05
lillia,tryndamere,236,125.0,111.0,54.95,-54.95,0.0
lillia,twisted fate,236,125.0,111.0,54.95,45.05,45.05
lillia,udyr,236,125.0,111.0,54.95,45.05,0.0
lillia,varus,236,125.0,111.0,54.95,17.27,0.61
lillia,vex,236,125.0,111.0,54.95,0.0,-54.95
lillia,vi,236,125.0,111.0,54.95,0.0,11.72
lillia,viego,236,125.0,111.0,54.95,0.0,25.05
lillia,viktor,236,125.0,111.0,54.95,20.05,-29.95
lillia,volibear,236,125.0,111.0,54.95,0.0,-54.95
lillia,wukong,236,125.0,111.0,54.95,45.05,-12.09
lillia,xayah,236,125.0,111.0,54.95,-12.09,16.48
lillia,xin zhao,236,125.0,111.0,54.95,0.0,-21.62
lillia,yasuo,236,125.0,111.0,54.95,0.0,45.05
lillia,yone,236,125.0,111.0,54.95,5.05,-12.09
lillia,yorick,236,125.0,111.0,54.95,16.48,-14.95
lillia,yunara,236,125.0,111.0,54.95,0.0,-54.95
lillia,yuumi,236,125.0,111.0,54.95,0.0,45.05
lillia,zed,236,125.0,111.0,54.95,-54.95,0.0
lillia,zeri,236,125.0,111.0,54.95,-54.95,11.72
lillia,ziggs,236,125.0,111.0,54.95,-29.95,45.05
lillia,zoe,236,125.0,111.0,54.95,0.0,-54.95
lillia,zyra,236,125.0,111.0,54.95,0.0,-21.62
yasuo,aatrox,38,18.0,20.0,30.0,-30.0,0.0
yasuo,ahri,38,18.0,20.0,30.0,70.0,-30.0
yasuo,alistar,38,18.0,20.0,30.0,-10.0,-30.0
yasuo,ambessa,38,18.0,20.0,30.0,0.0,-30.0
yasuo,aphelios,38,18.0,20.0,30.0,-30.0,0.0
yasuo,aurora,38,18.0,20.0,30.0,0.0,70.0
yasuo,azir,38,18.0,20.0,30.0,-30.0,0.0
yasuo,brand,38,18.0,20.0,30.0,-30.0,0.0
yasuo,braum,38,18.0,20.0,30.0,0.0,3.33
yasuo,caitlyn,38,18.0,20.0,30.0,0.0,-30.0
yasuo,camille,38,18.0,20.0,30.0,0.0,-30.0
yasuo,chogath,38,18.0,20.0,30.0,-30.0,0.0
yasuo,corki,38,18.0,20.0,30.0,-5.0,3.33
yasuo,diana,38,18.0,20.0,30.0,-30.0,0.0
yasuo,elise,38,18.0,20.0,30.0,-30.0,0.0
yasuo,ezreal,38,18.0,20.0,30.0,70.0,0.0
yasuo,gnar,38,18.0,20.0,30.0,0.0,10.0
yasuo,gragas,38,18.0,20.0,30.0,-30.0,-30.0
yasuo,gwen,38,18.0,20.0,30.0,0.0,20.0
yasuo,hwei,38,18.0,20.0,30.0,-30.0,0.0
yasuo,jarvan iv,38,18.0,20.0,30.0,-30.0,0.0
yasuo,jax,38,18.0,20.0,30.0,0.0,-30.0
yasuo,jayce,38,18.0,20.0,30.0,-30.0,-30.0
yasuo,jhin,38,18.0,20.0,30.0,0.0,20.0
yasuo,jinx,38,18.0,20.0,30.0,0.0,-30.0
yasuo,kaisa,38,18.0,20.0,30.0,20.0,36.67
yasuo,kalista,38,18.0,20.0,30.0,-30.0,20.0
yasuo,karma,38,18.0,20.0,30.0,0.0,-30.0
yasuo,khazix,38,18.0,20.0,30.0,0.0,70.0
yasuo,ksante,38,18.0,20.0,30.0,0.0,20.0
yasuo,leblanc,38,18.0,20.0,30.0,0.0,20.0
yasuo,leona,38,18.0,20.0,30.0,0.0,3.33
yasuo,lillia,38,18.0,20.0,30.0,0.0,-30.0
yasuo,lucian,38,18.0,20.0,30.0,0.0,-30.0
yasuo,lulu,38,18.0,20.0,30.0,0.0,-30.0
yasuo,maokai,38,18.0,20.0,30.0,3.33,-5.0
yasuo,miss fortune,38,18.0,20.0,30.0,70.0,-30.0
yasuo,morgana,38,18.0,20.0,30.0,0.0,70.0
yasuo,mundo,38,18.0,20.0,30.0,-30.0,0.0
yasuo,nautilus,38,18.0,20.0,30.0,-5.0,70.0
yasuo,neeko,38,18.0,20.0,30.0,0.0,70.0
yasuo,orianna,38,18.0,20.0,30.0,-30.0,-30.0
yasuo,ornn,38,18.0,20.0,30.0,20.0,0.0
yasuo,poppy,38,18.0,20.0,30.0,0.0,-30.0
yasuo,rakan,38,18.0,20.0,30.0,3.33,3.33
yasuo,rell,38,18.0,20.0,30.0,45.0,-30.0
yasuo,renata glasc,38,18.0,20.0,30.0,-30.0,-30.0
yasuo,renekton,38,18.0,20.0,30.0,-5.0,-5.0
yasuo,rumble,38,18.0,20.0,30.0,70.0,70.0
yasuo,ryze,38,18.0,20.0,30.0,70.0,0.0
yasuo,sejuani,38,18.0,20.0,30.0,0.0,70.0
yasuo,senna,38,18.0,20.0,30.0,-30.0,0.0
yasuo,sett,38,18.0,20.0,30.0,0.0,-30.0
yasuo,shen,38,18.0,20.0,30.0,-30.0,0.0
yasuo,sion,38,18.0,20.0,30.0,70.0,0.0
yasuo,sivir,38,18.0,20.0,30.0,0.0,-30.0
yasuo,skarner,38,18.0,20.0,30.0,-30.0,70.0
yasuo,smolder,38,18.0,20.0,30.0,0.0,-30.0
yasuo,sylas,38,18.0,20.0,30.0,70.0,70.0
yasuo,syndra,38,18.0,20.0,30.0,0.0,-30.0
yasuo,taliyah,38,18.0,20.0,30.0,-30.0,0.0
yasuo,tristana,38,18.0,20.0,30.0,0.0,-5.0
yasuo,trundle,38,18.0,20.0,30.0,0.0,-30.0
yasuo,twisted fate,38,18.0,20.0,30.0,-30.0,0.0
yasuo,udyr,38,18.0,20.0,30.0,0.0,-30.0
yasuo,varus,38,18.0,20.0,30.0,-30.0,3.33
yasuo,vi,38,18.0,20.0,30.0,70.0,70.0
yasuo,viego,38,18.0,20.0,30.0,0.0,-30.0
yasuo,viktor,38,18.0,20.0,30.0,0.0,3.33
yasuo,wukong,38,18.0,20.0,30.0,70.0,-30.0
yasuo,xayah,38,18.0,20.0,30.0,3.33,0.0
yasuo,xin zhao,38,18.0,20.0,30.0,-30.0,-30.0
yasuo,yone,38,18.0,20.0,30.0,-30.0,-5.0
yasuo,yorick,38,18.0,20.0,30.0,0.0,-30.0
yasuo,yuumi,38,18.0,20.0,30.0,-30.0,0.0
yasuo,zeri,38,18.0,20.0,30.0,-30.0,0.0
yasuo,ziggs,38,18.0,20.0,30.0,70.0,-30.0
yasuo,zyra,38,18.0,20.0,30.0,36.67,-30.0
irelia,aurora,3,1.0,2.0,50.0,0.0,50.0
irelia,gnar,3,1.0,2.0,50.0,0.0,-50.0
irelia,kaisa,3,1.0,2.0,50.0,0.0,50.0
irelia,leblanc,3,1.0,2.0,50.0,-50.0,0.0
irelia,mel,3,1.0,2.0,50.0,-50.0,0.0
irelia,miss fortune,3,1.0,2.0,50.0,-50.0,0.0
irelia,nidalee,3,1.0,2.0,50.0,0.0,-50.0
irelia,nocturne,3,1.0,2.0,50.0,0.0,50.0
irelia,pantheon,3,1.0,2.0,50.0,0.0,-50.0
irelia,poppy,3,1.0,2.0,50.0,50.0,0.0
irelia,rakan,3,1.0,2.0,50.0,0.0,50.0
irelia,rell,3,1.0,2.0,50.0,50.0,0.0
irelia,sejuani,3,1.0,2.0,50.0,-50.0,0.0
irelia,sylas,3,1.0,2.0,50.0,0.0,-50.0
irelia,taliyah,3,1.0,2.0,50.0,50.0,0.0
irelia,varus,3,1.0,2.0,50.0,0.0,-50.0
irelia,xayah,3,1.0,2.0,50.0,50.0,0.0
irelia,yorick,3,1.0,2.0,50.0,0.0,50.0
camille,aatrox,90,26.0,64.0,60.94,-60.94,39.06
camille,ahri,90,26.0,64.0,60.94,39.06,39.06
camille,akali,90,26.0,64.0,60.94,39.06,-60.94
camille,alistar,90,26.0,64.0,60.94,-18.08,5.73
camille,ambessa,90,26.0,64.0,60.94,39.06,-1.85
camille,amumu,90,26.0,64.0,60.94,-60.94,0.0
camille,annie,90,26.0,64.0,60.94,0.0,-10.94
camille,aphelios,90,26.0,64.0,60.94,39.06,-60.94
camille,ashe,90,26.0,64.0,60.94,-0.94,39.06
camille,aurelion sol,90,26.0,64.0,60.94,0.0,39.06
camille,aurora,90,26.0,64.0,60.94,39.06,-3.8
camille,azir,90,26.0,64.0,60.94,39.06,-10.94
camille,bard,90,26.0,64.0,60.94,-60.94,0.0
camille,blitzcrank,90,26.0,64.0,60.94,39.06,0.0
camille,braum,90,26.0,64.0,60.94,39.06,-10.94
camille,caitlyn,90,26.0,64.0,60.94,14.06,0.0
camille,cassiopeia,90,26.0,64.0,60.94,0.0,39.06
camille,corki,90,26.0,64.0,60.94,-60.94,27.95
camille,draven,90,26.0,64.0,60.94,0.0,39.06
camille,elise,90,26.0,64.0,60.94,5.73,39.06
camille,ezreal,90,26.0,64.0,60.94,-10.94,-5.38
camille,fiora,90,26.0,64.0,60.94,0.0,39.06
camille,galio,90,26.0,64.0,60.94,-7.09,-35.94
camille,gnar,90,26.0,64.0,60.94,0.0,-10.94
camille,gragas,90,26.0,64.0,60.94,39.06,14.06
camille,hwei,90,26.0,64.0,60.94,39.06,39.06
camille,jarvan iv,90,26.0,64.0,60.94,39.06,-60.94
camille,jax,90,26.0,64.0,60.94,39.06,39.06
camille,jayce,90,26.0,64.0,60.94,39.06,-27.61
camille,jhin,90,26.0,64.0,60.94,-60.94,-27.61
camille,jinx,90,26.0,64.0,60.94,39.06,-10.94
camille,kaisa,90,26.0,64.0,60.94,39.06,-60.94
camille,kalista,90,26.0,64.0,60.94,24.77,0.0
camille,karma,90,26.0,64.0,60.94,-60.94,-27.61
camille,karthus,90,26.0,64.0,60.94,39.06,0.0
camille,kennen,90,26.0,64.0,60.94,0.0,-10.94
camille,kindred,90,26.0,64.0,60.94,-60.94,0.0
camille,ksante,90,26.0,64.0,60.94,0.0,19.06
camille,leblanc,90,26.0,64.0,60.94,39.06,0.0
camille,lee sin,90,26.0,64.0,60.94,-60.94,-10.94
camille,leona,90,26.0,64.0,60.94,39.06,11.79
camille,lillia,90,26.0,64.0,60.94,39.06,-60.94
camille,lucian,90,26.0,64.0,60.94,0.0,39.06
camille,lulu,90,26.0,64.0,60.94,-20.94,0.0
camille,maokai,90,26.0,64.0,60.94,39.06,0.0
camille,mel,90,26.0,64.0,60.94,-60.94,39.06
camille,miss fortune,90,26.0,64.0,60.94,-10.94,19.06
camille,mordekaiser,90,26.0,64.0,60.94,0.0,39.06
camille,morgana,90,26.0,64.0,60.94,-60.94,0.0
camille,mundo,90,26.0,64.0,60.94,0.0,-60.94
camille,naafiri,90,26.0,64.0,60.94,39.06,14.06
camille,nami,90,26.0,64.0,60.94,0.0,39.06
camille,nautilus,90,26.0,64.0,60.94,-18.08,-0.94
camille,neeko,90,26.0,64.0,60.94,-27.61,-0.94
camille,nidalee,90,26.0,64.0,60.94,0.0,5.73
camille,nocturne,90,26.0,64.0,60.94,-10.94,5.73
camille,orianna,90,26.0,64.0,60.94,-27.61,5.73
camille,ornn,90,26.0,64.0,60.94,-60.94,0.0
camille,pantheon,90,26.0,64.0,60.94,39.06,2.7
camille,poppy,90,26.0,64.0,60.94,5.73,-10.94
camille,pyke,90,26.0,64.0,60.94,0.0,39.06
camille,rakan,90,26.0,64.0,60.94,-10.94,-27.61
camille,rell,90,26.0,64.0,60.94,22.39,-15.49
camille,renata glasc,90,26.0,64.0,60.94,39.06,39.06
camille,renekton,90,26.0,64.0,60.94,0.0,-10.94
camille,rumble,90,26.0,64.0,60.94,0.0,39.06
camille,ryze,90,26.0,64.0,60.94,-20.94,-3.8
camille,sejuani,90,26.0,64.0,60.94,10.49,19.06
camille,senna,90,26.0,64.0,60.94,-35.94,-60.94
camille,shen,90,26.0,64.0,60.94,-0.94,5.73
camille,sion,90,26.0,64.0,60.94,0.0,-7.09
camille,sivir,90,26.0,64.0,60.94,-27.61,-60.94
camille,skarner,90,26.0,64.0,60.94,14.06,-3.8
camille,smolder,90,26.0,64.0,60.94,39.06,39.06
camille,sylas,90,26.0,64.0,60.94,-27.61,5.73
camille,syndra,90,26.0,64.0,60.94,-60.94,5.73
camille,tahm kench,90,26.0,64.0,60.94,0.0,-60.94
camille,taliyah,90,26.0,64.0,60.94,-20.94,5.73
camille,taric,90,26.0,64.0,60.94,0.0,39.06
camille,thresh,90,26.0,64.0,60.94,39.06,39.06
camille,tristana,90,26.0,64.0,60.94,-27.61,0.0
camille,trundle,90,26.0,64.0,60.94,-35.94,-10.94
camille,twisted fate,90,26.0,64.0,60.94,39.06,-60.94
camille,udyr,90,26.0,64.0,60.94,0.0,39.06
camille,varus,90,26.0,64.0,60.94,10.49,-23.44
camille,vex,90,26.0,64.0,60.94,0.0,39.06
camille,vi,90,26.0,64.0,60.94,22.39,5.73
camille,viego,90,26.0,64.0,60.94,-60.94,-27.61
camille,viktor,90,26.0,64.0,60.94,-60.94,39.06
camille,vladimir,90,26.0,64.0,60.94,0.0,39.06
camille,volibear,90,26.0,64.0,60.94,-60.94,0.0
camille,wukong,90,26.0,64.0,60.94,-20.94,10.49
camille,xayah,90,26.0,64.0,60.94,39.06,14.06
camille,xin zhao,90,26.0,64.0,60.94,5.73,5.73
camille,yasuo,90,26.0,64.0,60.94,0.0,39.06
camille,yone,90,26.0,64.0,60.94,-35.94,39.06
camille,yorick,90,26.0,64.0,60.94,0.0,-10.94
camille,yunara,90,26.0,64.0,60.94,39.06,0.0
camille,yuumi,90,26.0,64.0,60.94,-60.94,39.06
camille,zac,90,26.0,64.0,60.94,0.0,39.06
camille,zed,90,26.0,64.0,60.94,-10.94,-10.94
camille,zeri,90,26.0,64.0,60.94,39.06,-27.61
camille,ziggs,90,26.0,64.0,60.94,-27.61,14.06
camille,zilean,90,26.0,64.0,60.94,-60.94,0.0
camille,zyra,90,26.0,64.0,60.94,-27.61,39.06
karma,aatrox,218,101.0,117.0,55.56,11.11,-5.56
karma,ahri,218,101.0,117.0,55.56,1.58,19.44
karma,akali,218,101.0,117.0,55.56,24.44,11.11
karma,alistar,218,101.0,117.0,55.56,-55.56,-22.23
karma,ambessa,218,101.0,117.0,55.56,-13.89,4.44
karma,amumu,218,101.0,117.0,55.56,0.0,44.44
karma,annie,218,101.0,117.0,55.56,11.11,4.44
karma,aphelios,218,101.0,117.0,55.56,-55.56,44.44
karma,ashe,218,101.0,117.0,55.56,-5.56,-5.56
karma,aurelion sol,218,101.0,117.0,55.56,0.0,44.44
karma,aurora,218,101.0,117.0,55.56,-15.56,11.11
karma,azir,218,101.0,117.0,55.56,-5.56,19.44
karma,bard,218,101.0,117.0,55.56,0.0,-12.7
karma,braum,218,101.0,117.0,55.56,0.0,-5.56
karma,caitlyn,218,101.0,117.0,55.56,0.69,44.44
karma,camille,218,101.0,117.0,55.56,-55.56,11.11
karma,cassiopeia,218,101.0,117.0,55.56,-5.56,44.44
karma,chogath,218,101.0,117.0,55.56,0.0,44.44
karma,corki,218,101.0,117.0,55.56,11.11,11.11
karma,diana,218,101.0,117.0,55.56,0.0,44.44
karma,draven,218,101.0,117.0,55.56,0.0,-55.56
karma,elise,218,101.0,117.0,55.56,0.0,15.87
karma,ezreal,218,101.0,117.0,55.56,1.3,44.44
karma,galio,218,101.0,117.0,55.56,-19.2,11.11
karma,gangplank,218,101.0,117.0,55.56,0.0,-55.56
karma,gnar,218,101.0,117.0,55.56,-5.56,11.11
karma,gragas,218,101.0,117.0,55.56,44.44,-55.56
karma,gwen,218,101.0,117.0,55.56,19.44,19.44
karma,hecarim,218,101.0,117.0,55.56,0.0,-55.56
karma,hwei,218,101.0,117.0,55.56,0.0,-30.56
karma,jarvan iv,218,101.0,117.0,55.56,22.22,-41.27
karma,jax,218,101.0,117.0,55.56,-5.56,44.44
karma,jayce,218,101.0,117.0,55.56,-5.56,-12.7
karma,jhin,218,101.0,117.0,55.56,11.11,8.08
karma,jinx,218,101.0,117.0,55.56,0.0,-5.56
karma,kaisa,218,101.0,117.0,55.56,0.0,-19.2
karma,kalista,218,101.0,117.0,55.56,0.0,-2.23
karma,kassadin,218,101.0,117.0,55.56,-55.56,-55.56
karma,kennen,218,101.0,117.0,55.56,-5.56,44.44
karma,kindred,218,101.0,117.0,55.56,0.0,44.44
karma,ksante,218,101.0,117.0,55.56,-5.56,-19.2
karma,leblanc,218,101.0,117.0,55.56,0.0,44.44
karma,lee sin,218,101.0,117.0,55.56,-5.56,-55.56
karma,leona,218,101.0,117.0,55.56,0.0,11.11
karma,lillia,218,101.0,117.0,55.56,44.44,-55.56
karma,lucian,218,101.0,117.0,55.56,-55.56,-32.48
karma,lulu,218,101.0,117.0,55.56,0.0,24.44
karma,maokai,218,101.0,117.0,55.56,-12.7,-15.56
karma,milio,218,101.0,117.0,55.56,-55.56,-5.56
karma,miss fortune,218,101.0,117.0,55.56,44.44,4.44
karma,mordekaiser,218,101.0,117.0,55.56,44.44,-55.56
karma,naafiri,218,101.0,117.0,55.56,4.44,11.11
karma,nami,218,101.0,117.0,55.56,0.0,4.44
karma,nautilus,218,101.0,117.0,55.56,44.44,-22.23
karma,neeko,218,101.0,117.0,55.56,0.0,3.7
karma,nidalee,218,101.0,117.0,55.56,11.11,-22.23
karma,nocturne,218,101.0,117.0,55.56,44.44,-5.56
karma,olaf,218,101.0,117.0,55.56,-55.56,44.44
karma,orianna,218,101.0,117.0,55.56,15.87,-28.29
karma,ornn,218,101.0,117.0,55.56,15.87,-5.56
karma,pantheon,218,101.0,117.0,55.56,11.11,15.87
karma,poppy,218,101.0,117.0,55.56,-5.56,0.0
karma,pyke,218,101.0,117.0,55.56,0.0,-55.56
karma,rakan,218,101.0,117.0,55.56,-55.56,0.0
karma,reksai,218,101.0,117.0,55.56,44.44,0.0
karma,rell,218,101.0,117.0,55.56,-55.56,15.87
karma,renata glasc,218,101.0,117.0,55.56,0.0,3.26
karma,renekton,218,101.0,117.0,55.56,-10.11,1.58
karma,rumble,218,101.0,117.0,55.56,-5.56,-5.56
karma,ryze,218,101.0,117.0,55.56,11.11,-5.56
karma,sejuani,218,101.0,117.0,55.56,6.94,0.0
karma,senna,218,101.0,117.0,55.56,0.0,19.44
karma,seraphine,218,101.0,117.0,55.56,0.0,-55.56
karma,sett,218,101.0,117.0,55.56,44.44,0.0
karma,shen,218,101.0,117.0,55.56,0.0,11.11
karma,sion,218,101.0,117.0,55.56,-19.2,19.44
karma,sivir,218,101.0,117.0,55.56,4.44,19.44
karma,skarner,218,101.0,117.0,55.56,8.73,-15.56
karma,smolder,218,101.0,117.0,55.56,-55.56,-55.56
karma,swain,218,101.0,117.0,55.56,-55.56,0.0
karma,sylas,218,101.0,117.0,55.56,0.0,-15.56
karma,syndra,218,101.0,117.0,55.56,11.11,0.0
karma,taliyah,218,101.0,117.0,55.56,6.94,-5.56
karma,thresh,218,101.0,117.0,55.56,0.0,-5.56
karma,tristana,218,101.0,117.0,55.56,44.44,44.44
karma,trundle,218,101.0,117.0,55.56,-26.99,-12.7
karma,twisted fate,218,101.0,117.0,55.56,-55.56,44.44
karma,udyr,218,101.0,117.0,55.56,44.44,0.0
karma,varus,218,101.0,117.0,55.56,-5.56,-11.12
karma,vi,218,101.0,117.0,55.56,-5.56,-12.7
karma,viego,218,101.0,117.0,55.56,11.11,24.44
karma,viktor,218,101.0,117.0,55.56,-5.56,1.58
karma,volibear,218,101.0,117.0,55.56,44.44,44.44
karma,wukong,218,101.0,117.0,55.56,-5.56,11.11
karma,xayah,218,101.0,117.0,55.56,0.0,6.94
karma,xin zhao,218,101.0,117.0,55.56,-2.62,-5.56
karma,yasuo,218,101.0,117.0,55.56,0.0,44.44
karma,yone,218,101.0,117.0,55.56,27.77,-11.12
karma,yorick,218,101.0,117.0,55.56,6.94,1.58
karma,yunara,218,101.0,117.0,55.56,0.0,-5.56
karma,yuumi,218,101.0,117.0,55.56,0.0,44.44
karma,zed,218,101.0,117.0,55.56,44.44,-5.56
karma,zeri,218,101.0,117.0,55.56,-5.56,44.44
karma,ziggs,218,101.0,117.0,55.56,0.0,-5.56
karma,zyra,218,101.0,117.0,55.56,0.0,-5.56
bard,aatrox,198,93.0,105.0,46.67,-46.67,-2.23
bard,ahri,198,93.0,105.0,46.67,-46.67,3.33
bard,akali,198,93.0,105.0,46.67,-26.67,3.33
bard,alistar,198,93.0,105.0,46.67,0.0,-13.34
bard,ambessa,198,93.0,105.0,46.67,11.66,7.88
bard,annie,198,93.0,105.0,46.67,-9.17,-0.52
bard,aphelios,198,93.0,105.0,46.67,0.0,-46.67
bard,ashe,198,93.0,105.0,46.67,0.0,-18.1
bard,aurora,198,93.0,105.0,46.67,6.66,10.47
bard,azir,198,93.0,105.0,46.67,15.83,-13.34
bard,blitzcrank,198,93.0,105.0,46.67,0.0,-26.67
bard,braum,198,93.0,105.0,46.67,0.0,-8.21
bard,caitlyn,198,93.0,105.0,46.67,-21.67,3.33
bard,camille,198,93.0,105.0,46.67,-46.67,0.0
bard,cassiopeia,198,93.0,105.0,46.67,-13.34,53.33
bard,corki,198,93.0,105.0,46.67,-4.56,-2.23
bard,ezreal,198,93.0,105.0,46.67,-23.59,20.0
bard,galio,198,93.0,105.0,46.67,-9.17,7.88
bard,gangplank,198,93.0,105.0,46.67,53.33,0.0
bard,garen,198,93.0,105.0,46.67,53.33,0.0
bard,gnar,198,93.0,105.0,46.67,0.0,-6.67
bard,gragas,198,93.0,105.0,46.67,0.0,20.0
bard,gwen,198,93.0,105.0,46.67,13.33,-2.23
bard,hwei,198,93.0,105.0,46.67,3.33,-46.67
bard,jarvan iv,198,93.0,105.0,46.67,20.0,-16.67
bard,jax,198,93.0,105.0,46.67,3.33,13.33
bard,jayce,198,93.0,105.0,46.67,-3.81,-13.34
bard,jhin,198,93.0,105.0,46.67,5.18,-1.22
bard,jinx,198,93.0,105.0,46.67,0.0,3.33
bard,kaisa,198,93.0,105.0,46.67,20.0,8.89
bard,kalista,198,93.0,105.0,46.67,0.0,-13.34
bard,karma,198,93.0,105.0,46.67,0.0,10.47
bard,karthus,198,93.0,105.0,46.67,53.33,0.0
bard,kassadin,198,93.0,105.0,46.67,53.33,53.33
bard,kennen,198,93.0,105.0,46.67,-46.67,-46.67
bard,kindred,198,93.0,105.0,46.67,-46.67,3.33
bard,kog,198,93.0,105.0,46.67,0.0,-46.67
bard,ksante,198,93.0,105.0,46.67,20.0,-2.23
bard,leblanc,198,93.0,105.0,46.67,53.33,53.33
bard,lee sin,198,93.0,105.0,46.67,0.0,3.33
bard,leona,198,93.0,105.0,46.67,0.0,3.33
bard,lillia,198,93.0,105.0,46.67,0.0,-46.67
bard,lissandra,198,93.0,105.0,46.67,-46.67,0.0
bard,lucian,198,93.0,105.0,46.67,13.33,20.0
bard,lulu,198,93.0,105.0,46.67,-46.67,-46.67
bard,maokai,198,93.0,105.0,46.67,3.33,8.89
bard,mel,198,93.0,105.0,46.67,-46.67,0.0
bard,miss fortune,198,93.0,105.0,46.67,3.33,20.0
bard,morgana,198,93.0,105.0,46.67,0.0,53.33
bard,mundo,198,93.0,105.0,46.67,0.0,-46.67
bard,naafiri,198,93.0,105.0,46.67,3.33,-6.67
bard,nautilus,198,93.0,105.0,46.67,0.0,-46.67
bard,neeko,198,93.0,105.0,46.67,0.0,16.49
bard,nidalee,198,93.0,105.0,46.67,53.33,-46.67
bard,nocturne,198,93.0,105.0,46.67,33.33,-21.67
bard,orianna,198,93.0,105.0,46.67,29.8,-15.9
bard,ornn,198,93.0,105.0,46.67,-46.67,-26.67
bard,pantheon,198,93.0,105.0,46.67,-13.34,-9.17
bard,poppy,198,93.0,105.0,46.67,3.33,-21.67
bard,pyke,198,93.0,105.0,46.67,0.0,-46.67
bard,qiyana,198,93.0,105.0,46.67,0.0,-13.34
bard,rakan,198,93.0,105.0,46.67,0.0,-15.9
bard,rell,198,93.0,105.0,46.67,0.0,26.06
bard,renata glasc,198,93.0,105.0,46.67,0.0,-6.67
bard,renekton,198,93.0,105.0,46.67,3.33,-26.67
bard,rumble,198,93.0,105.0,46.67,-16.67,-5.0
bard,ryze,198,93.0,105.0,46.67,23.33,-3.81
bard,sejuani,198,93.0,105.0,46.67,15.83,20.0
bard,senna,198,93.0,105.0,46.67,13.33,3.33
bard,seraphine,198,93.0,105.0,46.67,0.0,-46.67
bard,sett,198,93.0,105.0,46.67,53.33,53.33
bard,shen,198,93.0,105.0,46.67,53.33,0.0
bard,sion,198,93.0,105.0,46.67,-18.1,-6.67
bard,sivir,198,93.0,105.0,46.67,13.33,7.88
bard,skarner,198,93.0,105.0,46.67,-10.31,20.0
bard,smolder,198,93.0,105.0,46.67,-13.34,3.33
bard,swain,198,93.0,105.0,46.67,0.0,-46.67
bard,sylas,198,93.0,105.0,46.67,-6.67,20.0
bard,syndra,198,93.0,105.0,46.67,-46.67,-46.67
bard,tahm kench,198,93.0,105.0,46.67,0.0,53.33
bard,taliyah,198,93.0,105.0,46.67,-30.0,11.66
bard,tristana,198,93.0,105.0,46.67,0.0,53.33
bard,trundle,198,93.0,105.0,46.67,-8.21,53.33
bard,twisted fate,198,93.0,105.0,46.67,0.0,3.33
bard,udyr,198,93.0,105.0,46.67,3.33,3.33
bard,varus,198,93.0,105.0,46.67,-18.1,3.33
bard,vi,198,93.0,105.0,46.67,13.33,6.66
bard,viego,198,93.0,105.0,46.67,-13.34,3.33
bard,viktor,198,93.0,105.0,46.67,-34.17,-2.23
bard,vladimir,198,93.0,105.0,46.67,0.0,-46.67
bard,volibear,198,93.0,105.0,46.67,0.0,20.0
bard,wukong,198,93.0,105.0,46.67,6.66,8.89
bard,xayah,198,93.0,105.0,46.67,3.33,-26.67
bard,xin zhao,198,93.0,105.0,46.67,-10.31,28.33
bard,yone,198,93.0,105.0,46.67,13.33,20.0
bard,yorick,198,93.0,105.0,46.67,3.33,13.33
bard,yunara,198,93.0,105.0,46.67,20.0,-46.67
bard,zed,198,93.0,105.0,46.67,-46.67,-46.67
bard,zeri,198,93.0,105.0,46.67,53.33,3.33
bard,ziggs,198,93.0,105.0,46.67,3.33,-26.67
bard,zyra,198,93.0,105.0,46.67,-46.67,53.33
ivern,aatrox,52,26.0,26.0,50.0,0.0,0.0
ivern,ahri,52,26.0,26.0,50.0,0.0,50.0
ivern,akali,52,26.0,26.0,50.0,0.0,-50.0
ivern,alistar,52,26.0,26.0,50.0,10.0,-50.0
ivern,ambessa,52,26.0,26.0,50.0,-16.67,0.0
ivern,aphelios,52,26.0,26.0,50.0,0.0,50.0
ivern,ashe,52,26.0,26.0,50.0,16.67,50.0
ivern,aurora,52,26.0,26.0,50.0,0.0,-50.0
ivern,azir,52,26.0,26.0,50.0,0.0,0.0
ivern,blitzcrank,52,26.0,26.0,50.0,0.0,-16.67
ivern,braum,52,26.0,26.0,50.0,50.0,-50.0
ivern,caitlyn,52,26.0,26.0,50.0,0.0,50.0
ivern,corki,52,26.0,26.0,50.0,10.0,25.0
ivern,elise,52,26.0,26.0,50.0,50.0,50.0
ivern,ezreal,52,26.0,26.0,50.0,-7.14,0.0
ivern,fiora,52,26.0,26.0,50.0,0.0,-50.0
ivern,gnar,52,26.0,26.0,50.0,-50.0,25.0
ivern,gragas,52,26.0,26.0,50.0,0.0,50.0
ivern,gwen,52,26.0,26.0,50.0,-50.0,0.0
ivern,hwei,52,26.0,26.0,50.0,16.67,-50.0
ivern,jax,52,26.0,26.0,50.0,0.0,-50.0
ivern,jayce,52,26.0,26.0,50.0,16.67,-50.0
ivern,jhin,52,26.0,26.0,50.0,0.0,0.0
ivern,jinx,52,26.0,26.0,50.0,0.0,50.0
ivern,kaisa,52,26.0,26.0,50.0,0.0,-50.0
ivern,karthus,52,26.0,26.0,50.0,0.0,50.0
ivern,kassadin,52,26.0,26.0,50.0,0.0,-50.0
ivern,ksante,52,26.0,26.0,50.0,50.0,0.0
ivern,leona,52,26.0,26.0,50.0,0.0,-16.67
ivern,lillia,52,26.0,26.0,50.0,0.0,-50.0
ivern,lulu,52,26.0,26.0,50.0,0.0,50.0
ivern,maokai,52,26.0,26.0,50.0,0.0,10.0
ivern,mel,52,26.0,26.0,50.0,-50.0,0.0
ivern,miss fortune,52,26.0,26.0,50.0,0.0,25.0
ivern,naafiri,52,26.0,26.0,50.0,0.0,-50.0
ivern,nautilus,52,26.0,26.0,50.0,-16.67,50.0
ivern,neeko,52,26.0,26.0,50.0,50.0,0.0
ivern,nidalee,52,26.0,26.0,50.0,0.0,50.0
ivern,pantheon,52,26.0,26.0,50.0,0.0,50.0
ivern,poppy,52,26.0,26.0,50.0,-50.0,-50.0
ivern,pyke,52,26.0,26.0,50.0,0.0,50.0
ivern,qiyana,52,26.0,26.0,50.0,0.0,50.0
ivern,rakan,52,26.0,26.0,50.0,-50.0,0.0
ivern,reksai,52,26.0,26.0,50.0,0.0,50.0
ivern,rell,52,26.0,26.0,50.0,0.0,0.0
ivern,renata glasc,52,26.0,26.0,50.0,0.0,0.0
ivern,renekton,52,26.0,26.0,50.0,-16.67,0.0
ivern,rumble,52,26.0,26.0,50.0,16.67,-16.67
ivern,ryze,52,26.0,26.0,50.0,-50.0,0.0
ivern,sejuani,52,26.0,26.0,50.0,0.0,50.0
ivern,seraphine,52,26.0,26.0,50.0,0.0,50.0
ivern,sion,52,26.0,26.0,50.0,50.0,0.0
ivern,sivir,52,26.0,26.0,50.0,0.0,-25.0
ivern,skarner,52,26.0,26.0,50.0,0.0,-12.5
ivern,smolder,52,26.0,26.0,50.0,-16.67,50.0
ivern,sylas,52,26.0,26.0,50.0,0.0,50.0
ivern,taliyah,52,26.0,26.0,50.0,50.0,0.0
ivern,tristana,52,26.0,26.0,50.0,-50.0,0.0
ivern,trundle,52,26.0,26.0,50.0,0.0,0.0
ivern,tryndamere,52,26.0,26.0,50.0,-50.0,0.0
ivern,twitch,52,26.0,26.0,50.0,50.0,0.0
ivern,varus,52,26.0,26.0,50.0,50.0,-30.0
ivern,viktor,52,26.0,26.0,50.0,-25.0,16.67
ivern,xayah,52,26.0,26.0,50.0,0.0,-50.0
ivern,xin zhao,52,26.0,26.0,50.0,0.0,-50.0
ivern,yone,52,26.0,26.0,50.0,0.0,0.0
ivern,yunara,52,26.0,26.0,50.0,0.0,-50.0
ivern,zyra,52,26.0,26.0,50.0,0.0,-50.0
smolder,aatrox,80,28.0,52.0,44.23,5.77,5.77
smolder,ahri,80,28.0,52.0,44.23,-10.9,5.77
smolder,akali,80,28.0,52.0,44.23,55.77,-44.23
smolder,alistar,80,28.0,52.0,44.23,5.77,28.5
smolder,ambessa,80,28.0,52.0,44.23,5.77,-4.23
smolder,annie,80,28.0,52.0,44.23,-19.23,-44.23
smolder,ashe,80,28.0,52.0,44.23,55.77,-44.23
smolder,aurora,80,28.0,52.0,44.23,5.77,55.77
smolder,azir,80,28.0,52.0,44.23,0.0,-4.23
smolder,bard,80,28.0,52.0,44.23,-10.9,5.77
smolder,blitzcrank,80,28.0,52.0,44.23,0.0,22.44
smolder,brand,80,28.0,52.0,44.23,5.77,0.0
smolder,braum,80,28.0,52.0,44.23,39.1,-19.23
smolder,caitlyn,80,28.0,52.0,44.23,0.0,5.77
smolder,camille,80,28.0,52.0,44.23,55.77,-44.23
smolder,cassiopeia,80,28.0,52.0,44.23,0.0,-10.9
smolder,chogath,80,28.0,52.0,44.23,0.0,-44.23
smolder,corki,80,28.0,52.0,44.23,-44.23,14.1
smolder,elise,80,28.0,52.0,44.23,5.77,0.0
smolder,ezreal,80,28.0,52.0,44.23,-44.23,-10.9
smolder,fiora,80,28.0,52.0,44.23,0.0,55.77
smolder,galio,80,28.0,52.0,44.23,22.44,55.77
smolder,gnar,80,28.0,52.0,44.23,5.77,55.77
smolder,gragas,80,28.0,52.0,44.23,-44.23,5.77
smolder,gwen,80,28.0,52.0,44.23,-10.9,0.0
smolder,ivern,80,28.0,52.0,44.23,-10.9,-44.23
smolder,jarvan iv,80,28.0,52.0,44.23,30.77,-44.23
smolder,jax,80,28.0,52.0,44.23,22.44,0.0
smolder,jayce,80,28.0,52.0,44.23,-44.23,55.77
smolder,jhin,80,28.0,52.0,44.23,55.77,55.77
smolder,jinx,80,28.0,52.0,44.23,0.0,55.77
smolder,kaisa,80,28.0,52.0,44.23,0.0,55.77
smolder,kalista,80,28.0,52.0,44.23,55.77,-44.23
smolder,karma,80,28.0,52.0,44.23,-44.23,55.77
smolder,karthus,80,28.0,52.0,44.23,55.77,0.0
smolder,kassadin,80,28.0,52.0,44.23,0.0,5.77
smolder,kindred,80,28.0,52.0,44.23,-44.23,55.77
smolder,ksante,80,28.0,52.0,44.23,15.77,2.44
smolder,leblanc,80,28.0,52.0,44.23,-44.23,0.0
smolder,lee sin,80,28.0,52.0,44.23,5.77,5.77
smolder,leona,80,28.0,52.0,44.23,-44.23,-24.23
smolder,lillia,80,28.0,52.0,44.23,0.0,-44.23
smolder,lucian,80,28.0,52.0,44.23,-44.23,55.77
smolder,maokai,80,28.0,52.0,44.23,-24.23,22.44
smolder,miss fortune,80,28.0,52.0,44.23,-10.9,-44.23
smolder,naafiri,80,28.0,52.0,44.23,5.77,55.77
smolder,nami,80,28.0,52.0,44.23,-44.23,55.77
smolder,nautilus,80,28.0,52.0,44.23,-4.23,-24.23
smolder,neeko,80,28.0,52.0,44.23,55.77,-44.23
smolder,nidalee,80,28.0,52.0,44.23,-44.23,15.77
smolder,nocturne,80,28.0,52.0,44.23,-44.23,5.77
smolder,olaf,80,28.0,52.0,44.23,-44.23,55.77
smolder,orianna,80,28.0,52.0,44.23,-44.23,-44.23
smolder,ornn,80,28.0,52.0,44.23,-19.23,-44.23
smolder,pantheon,80,28.0,52.0,44.23,-44.23,-19.23
smolder,poppy,80,28.0,52.0,44.23,27.2,5.77
smolder,pyke,80,28.0,52.0,44.23,0.0,55.77
smolder,qiyana,80,28.0,52.0,44.23,0.0,55.77
smolder,rakan,80,28.0,52.0,44.23,55.77,-27.56
smolder,rell,80,28.0,52.0,44.23,-2.56,55.77
smolder,renata glasc,80,28.0,52.0,44.23,5.77,55.77
smolder,renekton,80,28.0,52.0,44.23,-44.23,5.77
smolder,rumble,80,28.0,52.0,44.23,41.48,-4.23
smolder,ryze,80,28.0,52.0,44.23,-4.23,0.0
smolder,sejuani,80,28.0,52.0,44.23,5.77,5.77
smolder,senna,80,28.0,52.0,44.23,5.77,-1.37
smolder,sett,80,28.0,52.0,44.23,-44.23,0.0
smolder,shen,80,28.0,52.0,44.23,0.0,55.77
smolder,sion,80,28.0,52.0,44.23,-10.9,-15.66
smolder,sivir,80,28.0,52.0,44.23,0.0,-44.23
smolder,skarner,80,28.0,52.0,44.23,55.77,55.77
smolder,sylas,80,28.0,52.0,44.23,-4.23,55.77
smolder,tahm kench,80,28.0,52.0,44.23,-44.23,0.0
smolder,taliyah,80,28.0,52.0,44.23,-44.23,-24.23
smolder,tristana,80,28.0,52.0,44.23,0.0,-44.23
smolder,trundle,80,28.0,52.0,44.23,5.77,-10.9
smolder,tryndamere,80,28.0,52.0,44.23,-44.23,0.0
smolder,twisted fate,80,28.0,52.0,44.23,0.0,-44.23
smolder,varus,80,28.0,52.0,44.23,15.77,22.44
smolder,vi,80,28.0,52.0,44.23,22.44,-44.23
smolder,viego,80,28.0,52.0,44.23,55.77,-44.23
smolder,viktor,80,28.0,52.0,44.23,5.77,-24.23
smolder,volibear,80,28.0,52.0,44.23,-44.23,55.77
smolder,wukong,80,28.0,52.0,44.23,5.77,-44.23
smolder,xayah,80,28.0,52.0,44.23,0.0,-10.9
smolder,xin zhao,80,28.0,52.0,44.23,-10.9,-44.23
smolder,yasuo,80,28.0,52.0,44.23,0.0,55.77
smolder,yone,80,28.0,52.0,44.23,55.77,5.77
smolder,yorick,80,28.0,52.0,44.23,55.77,-44.23
smolder,yunara,80,28.0,52.0,44.23,0.0,-19.23
smolder,yuumi,80,28.0,52.0,44.23,0.0,-44.23
smolder,zac,80,28.0,52.0,44.23,0.0,-44.23
smolder,zed,80,28.0,52.0,44.23,0.0,55.77
smolder,zeri,80,28.0,52.0,44.23,0.0,-19.23
smolder,ziggs,80,28.0,52.0,44.23,-44.23,5.77
smolder,zyra,80,28.0,52.0,44.23,-4.23,5.77
hwei,aatrox,89,29.0,60.0,46.67,15.83,-13.34
hwei,akali,89,29.0,60.0,46.67,-46.67,53.33
hwei,alistar,89,29.0,60.0,46.67,-30.0,-46.67
hwei,ambessa,89,29.0,60.0,46.67,24.76,20.0
hwei,annie,89,29.0,60.0,46.67,0.0,-13.34
hwei,ashe,89,29.0,60.0,46.67,33.33,-46.67
hwei,aurora,89,29.0,60.0,46.67,-46.67,-13.34
hwei,azir,89,29.0,60.0,46.67,0.0,3.33
hwei,bard,89,29.0,60.0,46.67,3.33,53.33
hwei,blitzcrank,89,29.0,60.0,46.67,0.0,53.33
hwei,braum,89,29.0,60.0,46.67,13.33,-13.34
hwei,caitlyn,89,29.0,60.0,46.67,13.33,28.33
hwei,camille,89,29.0,60.0,46.67,53.33,-46.67
hwei,cassiopeia,89,29.0,60.0,46.67,0.0,53.33
hwei,chogath,89,29.0,60.0,46.67,-46.67,0.0
hwei,corki,89,29.0,60.0,46.67,-13.34,28.33
hwei,draven,89,29.0,60.0,46.67,53.33,53.33
hwei,elise,89,29.0,60.0,46.67,3.33,3.33
hwei,ezreal,89,29.0,60.0,46.67,-30.0,-13.34
hwei,galio,89,29.0,60.0,46.67,-46.67,-13.34
hwei,gnar,89,29.0,60.0,46.67,-46.67,-46.67
hwei,gragas,89,29.0,60.0,46.67,53.33,3.33
hwei,gwen,89,29.0,60.0,46.67,-46.67,-13.34
hwei,ivern,89,29.0,60.0,46.67,20.0,53.33
hwei,jarvan iv,89,29.0,60.0,46.67,53.33,53.33
hwei,jax,89,29.0,60.0,46.67,3.33,28.33
hwei,jayce,89,29.0,60.0,46.67,10.47,-24.45
hwei,jhin,89,29.0,60.0,46.67,20.0,3.33
hwei,jinx,89,29.0,60.0,46.67,-21.67,-46.67
hwei,kaisa,89,29.0,60.0,46.67,20.0,-13.34
hwei,kalista,89,29.0,60.0,46.67,-30.0,13.33
hwei,karma,89,29.0,60.0,46.67,0.0,28.33
hwei,kennen,89,29.0,60.0,46.67,-46.67,0.0
hwei,ksante,89,29.0,60.0,46.67,-13.34,-46.67
hwei,lee sin,89,29.0,60.0,46.67,-46.67,53.33
hwei,leona,89,29.0,60.0,46.67,3.33,33.33
hwei,lillia,89,29.0,60.0,46.67,-46.67,53.33
hwei,lissandra,89,29.0,60.0,46.67,0.0,53.33
hwei,lucian,89,29.0,60.0,46.67,20.0,3.33
hwei,lulu,89,29.0,60.0,46.67,0.0,-46.67
hwei,maokai,89,29.0,60.0,46.67,39.04,-6.67
hwei,milio,89,29.0,60.0,46.67,53.33,0.0
hwei,miss fortune,89,29.0,60.0,46.67,3.33,-13.34
hwei,mundo,89,29.0,60.0,46.67,3.33,0.0
hwei,naafiri,89,29.0,60.0,46.67,3.33,-30.0
hwei,nami,89,29.0,60.0,46.67,3.33,-46.67
hwei,nautilus,89,29.0,60.0,46.67,-24.45,33.33
hwei,neeko,89,29.0,60.0,46.67,3.33,-21.67
hwei,nidalee,89,29.0,60.0,46.67,33.33,-46.67
hwei,nocturne,89,29.0,60.0,46.67,0.0,-46.67
hwei,olaf,89,29.0,60.0,46.67,0.0,53.33
hwei,orianna,89,29.0,60.0,46.67,0.0,53.33
hwei,ornn,89,29.0,60.0,46.67,-46.67,-13.34
hwei,pantheon,89,29.0,60.0,46.67,3.33,3.33
hwei,poppy,89,29.0,60.0,46.67,20.0,-30.0
hwei,pyke,89,29.0,60.0,46.67,3.33,53.33
hwei,rakan,89,29.0,60.0,46.67,53.33,-16.67
hwei,rell,89,29.0,60.0,46.67,10.47,33.33
hwei,renata glasc,89,29.0,60.0,46.67,3.33,-46.67
hwei,renekton,89,29.0,60.0,46.67,13.33,3.33
hwei,rumble,89,29.0,60.0,46.67,53.33,-21.67
hwei,ryze,89,29.0,60.0,46.67,0.0,-34.17
hwei,sejuani,89,29.0,60.0,46.67,3.33,20.0
hwei,senna,89,29.0,60.0,46.67,53.33,-46.67
hwei,sett,89,29.0,60.0,46.67,53.33,0.0
hwei,shen,89,29.0,60.0,46.67,53.33,0.0
hwei,sion,89,29.0,60.0,46.67,-46.67,20.0
hwei,sivir,89,29.0,60.0,46.67,0.0,53.33
hwei,skarner,89,29.0,60.0,46.67,-3.81,-6.67
hwei,sylas,89,29.0,60.0,46.67,0.0,-46.67
hwei,syndra,89,29.0,60.0,46.67,0.0,-46.67
hwei,tahm kench,89,29.0,60.0,46.67,-46.67,0.0
hwei,taliyah,89,29.0,60.0,46.67,0.0,-3.81
hwei,taric,89,29.0,60.0,46.67,-46.67,0.0
hwei,thresh,89,29.0,60.0,46.67,-46.67,-46.67
hwei,tristana,89,29.0,60.0,46.67,0.0,28.33
hwei,trundle,89,29.0,60.0,46.67,-13.34,-46.67
hwei,twisted fate,89,29.0,60.0,46.67,0.0,53.33
hwei,udyr,89,29.0,60.0,46.67,-46.67,53.33
hwei,varus,89,29.0,60.0,46.67,-3.81,-6.67
hwei,vi,89,29.0,60.0,46.67,-26.67,-46.67
hwei,viego,89,29.0,60.0,46.67,3.33,-13.34
hwei,viktor,89,29.0,60.0,46.67,0.0,-3.81
hwei,volibear,89,29.0,60.0,46.67,0.0,-46.67
hwei,wukong,89,29.0,60.0,46.67,-21.67,3.33
hwei,xayah,89,29.0,60.0,46.67,0.0,-46.67
hwei,xin zhao,89,29.0,60.0,46.67,-21.67,-9.17
hwei,yasuo,89,29.0,60.0,46.67,-46.67,0.0
hwei,yorick,89,29.0,60.0,46.67,53.33,20.0
hwei,zeri,89,29.0,60.0,46.67,-46.67,-46.67
hwei,ziggs,89,29.0,60.0,46.67,0.0,53.33
hwei,zyra,89,29.0,60.0,46.67,-46.67,20.0
no ban,,10,10.0,0.0,,0.0,0.0
zilean,aatrox,5,1.0,4.0,25.0,-25.0,0.0
zilean,ashe,5,1.0,4.0,25.0,0.0,25.0
zilean,aurelion sol,5,1.0,4.0,25.0,0.0,-25.0
zilean,camille,5,1.0,4.0,25.0,-25.0,0.0
zilean,elise,5,1.0,4.0,25.0,75.0,0.0
zilean,ezreal,5,1.0,4.0,25.0,75.0,0.0
zilean,galio,5,1.0,4.0,25.0,0.0,-25.0
zilean,gnar,5,1.0,4.0,25.0,-25.0,75.0
zilean,kennen,5,1.0,4.0,25.0,0.0,-25.0
zilean,lee sin,5,1.0,4.0,25.0,-25.0,0.0
zilean,leona,5,1.0,4.0,25.0,-25.0,0.0
zilean,lucian,5,1.0,4.0,25.0,-25.0,0.0
zilean,nautilus,5,1.0,4.0,25.0,0.0,75.0
zilean,nocturne,5,1.0,4.0,25.0,0.0,-25.0
zilean,ornn,5,1.0,4.0,25.0,0.0,-25.0
zilean,pantheon,5,1.0,4.0,25.0,25.0,0.0
zilean,rakan,5,1.0,4.0,25.0,0.0,-25.0
zilean,rumble,5,1.0,4.0,25.0,75.0,-25.0
zilean,shen,5,1.0,4.0,25.0,0.0,-25.0
zilean,sivir,5,1.0,4.0,25.0,0.0,-25.0
zilean,taliyah,5,1.0,4.0,25.0,0.0,75.0
zilean,urgot,5,1.0,4.0,25.0,-25.0,0.0
zilean,vi,5,1.0,4.0,25.0,0.0,75.0
zilean,viktor,5,1.0,4.0,25.0,-25.0,0.0
zilean,wukong,5,1.0,4.0,25.0,-25.0,-25.0
zilean,xayah,5,1.0,4.0,25.0,0.0,-25.0
zilean,zeri,5,1.0,4.0,25.0,-25.0,0.0
zilean,ziggs,5,1.0,4.0,25.0,-25.0,0.0
sett,ahri,20,4.0,16.0,62.5,-62.5,37.5
sett,ambessa,20,4.0,16.0,62.5,-62.5,-12.5
sett,anivia,20,4.0,16.0,62.5,0.0,37.5
sett,aphelios,20,4.0,16.0,62.5,0.0,37.5
sett,ashe,20,4.0,16.0,62.5,-12.5,37.5
sett,aurora,20,4.0,16.0,62.5,-62.5,0.0
sett,azir,20,4.0,16.0,62.5,0.0,37.5
sett,bard,20,4.0,16.0,62.5,37.5,-62.5
sett,braum,20,4.0,16.0,62.5,0.0,-12.5
sett,caitlyn,20,4.0,16.0,62.5,37.5,0.0
sett,cassiopeia,20,4.0,16.0,62.5,-62.5,0.0
sett,chogath,20,4.0,16.0,62.5,0.0,37.5
sett,corki,20,4.0,16.0,62.5,0.0,37.5
sett,diana,20,4.0,16.0,62.5,0.0,37.5
sett,elise,20,4.0,16.0,62.5,-62.5,0.0
sett,ezreal,20,4.0,16.0,62.5,37.5,0.0
sett,galio,20,4.0,16.0,62.5,37.5,0.0
sett,gangplank,20,4.0,16.0,62.5,0.0,37.5
sett,gnar,20,4.0,16.0,62.5,-62.5,0.0
sett,gwen,20,4.0,16.0,62.5,0.0,-62.5
sett,hwei,20,4.0,16.0,62.5,37.5,0.0
sett,jax,20,4.0,16.0,62.5,37.5,0.0
sett,jayce,20,4.0,16.0,62.5,37.5,-62.5
sett,jhin,20,4.0,16.0,62.5,37.5,37.5
sett,kaisa,20,4.0,16.0,62.5,-29.17,37.5
sett,karma,20,4.0,16.0,62.5,37.5,0.0
sett,kennen,20,4.0,16.0,62.5,0.0,-62.5
sett,kog,20,4.0,16.0,62.5,0.0,-62.5
sett,ksante,20,4.0,16.0,62.5,-12.5,0.0
sett,leona,20,4.0,16.0,62.5,37.5,37.5
sett,lillia,20,4.0,16.0,62.5,-12.5,0.0
sett,lucian,20,4.0,16.0,62.5,37.5,-62.5
sett,lulu,20,4.0,16.0,62.5,0.0,-62.5
sett,maokai,20,4.0,16.0,62.5,0.0,37.5
sett,mel,20,4.0,16.0,62.5,0.0,37.5
sett,miss fortune,20,4.0,16.0,62.5,-62.5,37.5
sett,naafiri,20,4.0,16.0,62.5,0.0,37.5
sett,nautilus,20,4.0,16.0,62.5,-62.5,-12.5
sett,neeko,20,4.0,16.0,62.5,0.0,37.5
sett,nidalee,20,4.0,16.0,62.5,4.17,0.0
sett,ornn,20,4.0,16.0,62.5,0.0,-12.5
sett,poppy,20,4.0,16.0,62.5,37.5,37.5
sett,rakan,20,4.0,16.0,62.5,-62.5,-12.5
sett,rell,20,4.0,16.0,62.5,37.5,37.5
sett,renata glasc,20,4.0,16.0,62.5,0.0,37.5
sett,renekton,20,4.0,16.0,62.5,37.5,0.0
sett,rumble,20,4.0,16.0,62.5,37.5,37.5
sett,ryze,20,4.0,16.0,62.5,37.5,-62.5
sett,sejuani,20,4.0,16.0,62.5,0.0,-12.5
sett,senna,20,4.0,16.0,62.5,-62.5,0.0
sett,shen,20,4.0,16.0,62.5,0.0,37.5
sett,sivir,20,4.0,16.0,62.5,-62.5,0.0
sett,skarner,20,4.0,16.0,62.5,0.0,-12.5
sett,smolder,20,4.0,16.0,62.5,-62.5,0.0
sett,sylas,20,4.0,16.0,62.5,-12.5,0.0
sett,taliyah,20,4.0,16.0,62.5,37.5,-62.5
sett,tristana,20,4.0,16.0,62.5,37.5,37.5
sett,trundle,20,4.0,16.0,62.5,-12.5,0.0
sett,varus,20,4.0,16.0,62.5,37.5,4.17
sett,vi,20,4.0,16.0,62.5,0.0,37.5
sett,viego,20,4.0,16.0,62.5,0.0,-62.5
sett,viktor,20,4.0,16.0,62.5,0.0,37.5
sett,volibear,20,4.0,16.0,62.5,37.5,0.0
sett,wukong,20,4.0,16.0,62.5,37.5,-62.5
sett,xayah,20,4.0,16.0,62.5,0.0,-62.5
sett,xin zhao,20,4.0,16.0,62.5,-29.17,37.5
sett,yasuo,20,4.0,16.0,62.5,0.0,37.5
sett,yone,20,4.0,16.0,62.5,37.5,-22.5
sett,yorick,20,4.0,16.0,62.5,37.5,4.17
sett,yunara,20,4.0,16.0,62.5,0.0,-62.5
sett,ziggs,20,4.0,16.0,62.5,37.5,-62.5
sett,zyra,20,4.0,16.0,62.5,37.5,0.0
brand,aatrox,11,1.0,10.0,30.0,-30.0,0.0
brand,alistar,11,1.0,10.0,30.0,36.67,-30.0
brand,ambessa,11,1.0,10.0,30.0,0.0,3.33
brand,ashe,11,1.0,10.0,30.0,-30.0,0.0
brand,aurora,11,1.0,10.0,30.0,0.0,-30.0
brand,azir,11,1.0,10.0,30.0,0.0,70.0
brand,braum,11,1.0,10.0,30.0,-30.0,-30.0
brand,corki,11,1.0,10.0,30.0,-30.0,70.0
brand,ezreal,11,1.0,10.0,30.0,70.0,0.0
brand,gnar,11,1.0,10.0,30.0,0.0,-30.0
brand,gragas,11,1.0,10.0,30.0,0.0,20.0
brand,jayce,11,1.0,10.0,30.0,-30.0,0.0
brand,jhin,11,1.0,10.0,30.0,0.0,70.0
brand,kaisa,11,1.0,10.0,30.0,0.0,-30.0
brand,kalista,11,1.0,10.0,30.0,0.0,-30.0
brand,ksante,11,1.0,10.0,30.0,20.0,-30.0
brand,lee sin,11,1.0,10.0,30.0,70.0,0.0
brand,leona,11,1.0,10.0,30.0,20.0,0.0
brand,lillia,11,1.0,10.0,30.0,0.0,-30.0
brand,maokai,11,1.0,10.0,30.0,0.0,70.0
brand,miss fortune,11,1.0,10.0,30.0,-30.0,-30.0
brand,nautilus,11,1.0,10.0,30.0,-30.0,0.0
brand,neeko,11,1.0,10.0,30.0,0.0,70.0
brand,nocturne,11,1.0,10.0,30.0,0.0,-30.0
brand,orianna,11,1.0,10.0,30.0,0.0,-30.0
brand,pantheon,11,1.0,10.0,30.0,0.0,70.0
brand,poppy,11,1.0,10.0,30.0,0.0,20.0
brand,rell,11,1.0,10.0,30.0,-30.0,-5.0
brand,renata glasc,11,1.0,10.0,30.0,0.0,-30.0
brand,renekton,11,1.0,10.0,30.0,-30.0,0.0
brand,rumble,11,1.0,10.0,30.0,0.0,70.0
brand,ryze,11,1.0,10.0,30.0,0.0,20.0
brand,sejuani,11,1.0,10.0,30.0,0.0,-30.0
brand,senna,11,1.0,10.0,30.0,0.0,-30.0
brand,sion,11,1.0,10.0,30.0,0.0,-30.0
brand,sivir,11,1.0,10.0,30.0,0.0,-30.0
brand,skarner,11,1.0,10.0,30.0,0.0,20.0
brand,smolder,11,1.0,10.0,30.0,20.0,0.0
brand,sylas,11,1.0,10.0,30.0,0.0,-30.0
brand,taliyah,11,1.0,10.0,30.0,-30.0,-30.0
brand,udyr,11,1.0,10.0,30.0,70.0,0.0
brand,varus,11,1.0,10.0,30.0,-5.0,-30.0
brand,vi,11,1.0,10.0,30.0,0.0,-30.0
brand,viktor,11,1.0,10.0,30.0,0.0,-30.0
brand,xin zhao,11,1.0,10.0,30.0,0.0,-30.0
brand,yasuo,11,1.0,10.0,30.0,-30.0,0.0
brand,yone,11,1.0,10.0,30.0,20.0,0.0
brand,zeri,11,1.0,10.0,30.0,0.0,70.0
brand,zyra,11,1.0,10.0,30.0,0.0,-30.0
gangplank,ahri,18,4.0,14.0,42.86,7.14,-42.86
gangplank,akali,18,4.0,14.0,42.86,-42.86,0.0
gangplank,alistar,18,4.0,14.0,42.86,-42.86,57.14
gangplank,ambessa,18,4.0,14.0,42.86,0.0,-42.86
gangplank,annie,18,4.0,14.0,42.86,57.14,0.0
gangplank,ashe,18,4.0,14.0,42.86,23.81,-42.86
gangplank,azir,18,4.0,14.0,42.86,57.14,-42.86
gangplank,bard,18,4.0,14.0,42.86,57.14,0.0
gangplank,braum,18,4.0,14.0,42.86,-42.86,0.0
gangplank,corki,18,4.0,14.0,42.86,0.0,23.81
gangplank,ezreal,18,4.0,14.0,42.86,0.0,57.14
gangplank,gnar,18,4.0,14.0,42.86,0.0,23.81
gangplank,jax,18,4.0,14.0,42.86,0.0,1.58
gangplank,jhin,18,4.0,14.0,42.86,-42.86,-9.53
gangplank,jinx,18,4.0,14.0,42.86,0.0,-42.86
gangplank,kaisa,18,4.0,14.0,42.86,7.14,-42.86
gangplank,karma,18,4.0,14.0,42.86,0.0,57.14
gangplank,kassadin,18,4.0,14.0,42.86,0.0,57.14
gangplank,leblanc,18,4.0,14.0,42.86,0.0,57.14
gangplank,lee sin,18,4.0,14.0,42.86,-42.86,0.0
gangplank,leona,18,4.0,14.0,42.86,23.81,57.14
gangplank,lillia,18,4.0,14.0,42.86,-42.86,7.14
gangplank,lucian,18,4.0,14.0,42.86,0.0,-42.86
gangplank,maokai,18,4.0,14.0,42.86,57.14,-42.86
gangplank,mel,18,4.0,14.0,42.86,-42.86,0.0
gangplank,miss fortune,18,4.0,14.0,42.86,-9.53,57.14
gangplank,morgana,18,4.0,14.0,42.86,0.0,57.14
gangplank,naafiri,18,4.0,14.0,42.86,57.14,57.14
gangplank,nautilus,18,4.0,14.0,42.86,57.14,7.14
gangplank,nilah,18,4.0,14.0,42.86,0.0,-42.86
gangplank,nocturne,18,4.0,14.0,42.86,7.14,0.0
gangplank,orianna,18,4.0,14.0,42.86,23.81,0.0
gangplank,pantheon,18,4.0,14.0,42.86,0.0,-42.86
gangplank,poppy,18,4.0,14.0,42.86,7.14,57.14
gangplank,pyke,18,4.0,14.0,42.86,0.0,-42.86
gangplank,rakan,18,4.0,14.0,42.86,-42.86,-42.86
gangplank,rammus,18,4.0,14.0,42.86,0.0,57.14
gangplank,rell,18,4.0,14.0,42.86,-9.53,0.0
gangplank,ryze,18,4.0,14.0,42.86,-42.86,57.14
gangplank,sejuani,18,4.0,14.0,42.86,-42.86,57.14
gangplank,senna,18,4.0,14.0,42.86,-42.86,-42.86
gangplank,sett,18,4.0,14.0,42.86,0.0,-42.86
gangplank,sion,18,4.0,14.0,42.86,0.0,-42.86
gangplank,skarner,18,4.0,14.0,42.86,-42.86,0.0
gangplank,swain,18,4.0,14.0,42.86,0.0,-42.86
gangplank,sylas,18,4.0,14.0,42.86,57.14,-42.86
gangplank,tahm kench,18,4.0,14.0,42.86,0.0,-42.86
gangplank,taliyah,18,4.0,14.0,42.86,-42.86,0.0
gangplank,taric,18,4.0,14.0,42.86,0.0,-42.86
gangplank,tristana,18,4.0,14.0,42.86,57.14,0.0
gangplank,trundle,18,4.0,14.0,42.86,0.0,57.14
gangplank,twisted fate,18,4.0,14.0,42.86,0.0,-42.86
gangplank,varus,18,4.0,14.0,42.86,0.0,57.14
gangplank,vi,18,4.0,14.0,42.86,-42.86,-42.86
gangplank,viego,18,4.0,14.0,42.86,0.0,-42.86
gangplank,viktor,18,4.0,14.0,42.86,-42.86,-42.86
gangplank,wukong,18,4.0,14.0,42.86,0.0,-42.86
gangplank,xayah,18,4.0,14.0,42.86,0.0,-42.86
gangplank,xin zhao,18,4.0,14.0,42.86,0.0,-42.86
gangplank,yone,18,4.0,14.0,42.86,7.14,0.0
gangplank,yuumi,18,4.0,14.0,42.86,-42.86,0.0
gangplank,zeri,18,4.0,14.0,42.86,-42.86,0.0
gangplank,ziggs,18,4.0,14.0,42.86,0.0,57.14
gangplank,zyra,18,4.0,14.0,42.86,57.14,57.14
zeri,aatrox,157,49.0,108.0,50.0,0.0,0.0
zeri,ahri,157,49.0,108.0,50.0,-3.85,-30.0
zeri,akali,157,49.0,108.0,50.0,0.0,0.0
zeri,alistar,157,49.0,108.0,50.0,16.67,-21.43
zeri,ambessa,157,49.0,108.0,50.0,-3.33,7.14
zeri,amumu,157,49.0,108.0,50.0,0.0,50.0
zeri,annie,157,49.0,108.0,50.0,16.67,-16.67
zeri,ashe,157,49.0,108.0,50.0,-50.0,-50.0
zeri,aurelion sol,157,49.0,108.0,50.0,0.0,-50.0
zeri,aurora,157,49.0,108.0,50.0,0.0,7.14
zeri,azir,157,49.0,108.0,50.0,7.14,7.14
zeri,bard,157,49.0,108.0,50.0,50.0,0.0
zeri,blitzcrank,157,49.0,108.0,50.0,-50.0,-50.0
zeri,brand,157,49.0,108.0,50.0,0.0,-50.0
zeri,braum,157,49.0,108.0,50.0,-10.0,7.14
zeri,caitlyn,157,49.0,108.0,50.0,50.0,-16.67
zeri,camille,157,49.0,108.0,50.0,50.0,16.67
zeri,cassiopeia,157,49.0,108.0,50.0,-50.0,50.0
zeri,corki,157,49.0,108.0,50.0,-50.0,-16.67
zeri,ezreal,157,49.0,108.0,50.0,0.0,-8.33
zeri,galio,157,49.0,108.0,50.0,-3.85,16.67
zeri,gangplank,157,49.0,108.0,50.0,-50.0,0.0
zeri,garen,157,49.0,108.0,50.0,0.0,-50.0
zeri,gnar,157,49.0,108.0,50.0,-21.43,0.0
zeri,gragas,157,49.0,108.0,50.0,0.0,50.0
zeri,gwen,157,49.0,108.0,50.0,16.67,-12.5
zeri,hwei,157,49.0,108.0,50.0,-50.0,50.0
zeri,jarvan iv,157,49.0,108.0,50.0,30.0,10.0
zeri,jax,157,49.0,108.0,50.0,50.0,-33.33
zeri,jayce,157,49.0,108.0,50.0,0.0,0.0
zeri,jhin,157,49.0,108.0,50.0,0.0,0.0
zeri,jinx,157,49.0,108.0,50.0,0.0,12.5
zeri,kaisa,157,49.0,108.0,50.0,0.0,16.67
zeri,kalista,157,49.0,108.0,50.0,0.0,-50.0
zeri,karma,157,49.0,108.0,50.0,0.0,-50.0
zeri,kassadin,157,49.0,108.0,50.0,0.0,-50.0
zeri,kennen,157,49.0,108.0,50.0,50.0,50.0
zeri,kled,157,49.0,108.0,50.0,50.0,0.0
zeri,kog,157,49.0,108.0,50.0,0.0,50.0
zeri,ksante,157,49.0,108.0,50.0,-5.56,4.55
zeri,leblanc,157,49.0,108.0,50.0,50.0,50.0
zeri,lee sin,157,49.0,108.0,50.0,10.0,16.67
zeri,leona,157,49.0,108.0,50.0,0.0,16.67
zeri,lillia,157,49.0,108.0,50.0,-50.0,-16.67
zeri,lissandra,157,49.0,108.0,50.0,0.0,-50.0
zeri,lucian,157,49.0,108.0,50.0,0.0,5.56
zeri,lulu,157,49.0,108.0,50.0,2.17,16.67
zeri,maokai,157,49.0,108.0,50.0,-50.0,-10.0
zeri,mel,157,49.0,108.0,50.0,-50.0,0.0
zeri,milio,157,49.0,108.0,50.0,-50.0,0.0
zeri,miss fortune,157,49.0,108.0,50.0,0.0,0.0
zeri,mordekaiser,157,49.0,108.0,50.0,50.0,0.0
zeri,morgana,157,49.0,108.0,50.0,-50.0,50.0
zeri,mundo,157,49.0,108.0,50.0,0.0,-50.0
zeri,naafiri,157,49.0,108.0,50.0,-50.0,35.71
zeri,nami,157,49.0,108.0,50.0,0.0,16.67
zeri,nautilus,157,49.0,108.0,50.0,0.0,-12.5
zeri,neeko,157,49.0,108.0,50.0,-16.67,0.0
zeri,nidalee,157,49.0,108.0,50.0,0.0,-50.0
zeri,nilah,157,49.0,108.0,50.0,0.0,-50.0
zeri,nocturne,157,49.0,108.0,50.0,-30.0,16.67
zeri,orianna,157,49.0,108.0,50.0,-10.0,25.0
zeri,ornn,157,49.0,108.0,50.0,30.0,-35.71
zeri,pantheon,157,49.0,108.0,50.0,26.92,7.14
zeri,poppy,157,49.0,108.0,50.0,7.14,0.0
zeri,qiyana,157,49.0,108.0,50.0,0.0,-50.0
zeri,rakan,157,49.0,108.0,50.0,-8.82,-25.0
zeri,reksai,157,49.0,108.0,50.0,0.0,-50.0
zeri,rell,157,49.0,108.0,50.0,-3.33,5.56
zeri,renata glasc,157,49.0,108.0,50.0,-50.0,0.0
zeri,renekton,157,49.0,108.0,50.0,0.0,16.67
zeri,rumble,157,49.0,108.0,50.0,3.85,-7.14
zeri,ryze,157,49.0,108.0,50.0,0.0,0.0
zeri,sejuani,157,49.0,108.0,50.0,0.0,30.0
zeri,senna,157,49.0,108.0,50.0,0.0,-10.0
zeri,shen,157,49.0,108.0,50.0,-50.0,50.0
zeri,sion,157,49.0,108.0,50.0,-5.56,10.0
zeri,sivir,157,49.0,108.0,50.0,0.0,0.0
zeri,skarner,157,49.0,108.0,50.0,0.0,20.0
zeri,smolder,157,49.0,108.0,50.0,0.0,25.0
zeri,sylas,157,49.0,108.0,50.0,-16.67,16.67
zeri,syndra,157,49.0,108.0,50.0,50.0,0.0
zeri,tahm kench,157,49.0,108.0,50.0,0.0,50.0
zeri,taliyah,157,49.0,108.0,50.0,10.0,-20.0
zeri,taric,157,49.0,108.0,50.0,50.0,50.0
zeri,thresh,157,49.0,108.0,50.0,0.0,50.0
zeri,tristana,157,49.0,108.0,50.0,-50.0,-16.67
zeri,trundle,157,49.0,108.0,50.0,0.0,-5.56
zeri,twisted fate,157,49.0,108.0,50.0,50.0,0.0
zeri,twitch,157,49.0,108.0,50.0,0.0,50.0
zeri,udyr,157,49.0,108.0,50.0,0.0,50.0
zeri,varus,157,49.0,108.0,50.0,0.0,0.0
zeri,vayne,157,49.0,108.0,50.0,-50.0,50.0
zeri,vi,157,49.0,108.0,50.0,5.56,-37.5
zeri,viego,157,49.0,108.0,50.0,50.0,50.0
zeri,viktor,157,49.0,108.0,50.0,13.64,10.0
zeri,volibear,157,49.0,108.0,50.0,0.0,50.0
zeri,wukong,157,49.0,108.0,50.0,3.33,-12.5
zeri,xayah,157,49.0,108.0,50.0,0.0,-20.0
zeri,xin zhao,157,49.0,108.0,50.0,-18.75,7.89
zeri,yasuo,157,49.0,108.0,50.0,-50.0,0.0
zeri,yone,157,49.0,108.0,50.0,0.0,7.14
zeri,yorick,157,49.0,108.0,50.0,0.0,21.43
zeri,yuumi,157,49.0,108.0,50.0,-16.67,0.0
zeri,zac,157,49.0,108.0,50.0,50.0,0.0
zeri,zed,157,49.0,108.0,50.0,50.0,0.0
zeri,ziggs,157,49.0,108.0,50.0,50.0,16.67
zeri,zilean,157,49.0,108.0,50.0,-50.0,0.0
zeri,zyra,157,49.0,108.0,50.0,-50.0,0.0
sion,aatrox,522,193.0,329.0,51.06,0.0,-11.06
sion,ahri,522,193.0,329.0,51.06,-19.24,14.32
sion,akali,522,193.0,329.0,51.06,-17.73,-9.39
sion,alistar,522,193.0,329.0,51.06,-4.39,16.33
sion,ambessa,522,193.0,329.0,51.06,-51.06,0.86
sion,anivia,522,193.0,329.0,51.06,0.0,-51.06
sion,annie,522,193.0,329.0,51.06,-4.91,-12.96
sion,aphelios,522,193.0,329.0,51.06,-26.06,28.94
sion,ashe,522,193.0,329.0,51.06,36.44,-1.06
sion,aurelion sol,522,193.0,329.0,51.06,48.94,0.0
sion,aurora,522,193.0,329.0,51.06,2.79,12.58
sion,azir,522,193.0,329.0,51.06,1.88,5.19
sion,bard,522,193.0,329.0,51.06,-22.49,8.94
sion,blitzcrank,522,193.0,329.0,51.06,-1.06,-1.06
sion,brand,522,193.0,329.0,51.06,0.0,48.94
sion,braum,522,193.0,329.0,51.06,11.73,-11.06
sion,caitlyn,522,193.0,329.0,51.06,6.08,-17.73
sion,camille,522,193.0,329.0,51.06,0.0,-4.91
sion,cassiopeia,522,193.0,329.0,51.06,-17.73,-17.73
sion,chogath,522,193.0,329.0,51.06,0.0,11.44
sion,corki,522,193.0,329.0,51.06,-2.58,4.5
sion,draven,522,193.0,329.0,51.06,-26.06,15.61
sion,ekko,522,193.0,329.0,51.06,48.94,0.0
sion,elise,522,193.0,329.0,51.06,-31.06,15.61
sion,ezreal,522,193.0,329.0,51.06,2.07,7.56
sion,galio,522,193.0,329.0,51.06,4.5,-1.06
sion,gangplank,522,193.0,329.0,51.06,0.0,48.94
sion,gnar,522,193.0,329.0,51.06,0.0,-1.06
sion,gragas,522,193.0,329.0,51.06,48.94,-17.73
sion,gwen,522,193.0,329.0,51.06,0.0,-1.06
sion,hwei,522,193.0,329.0,51.06,-51.06,-17.73
sion,ivern,522,193.0,329.0,51.06,48.94,-1.06
sion,janna,522,193.0,329.0,51.06,0.0,48.94
sion,jarvan iv,522,193.0,329.0,51.06,19.53,-3.44
sion,jax,522,193.0,329.0,51.06,48.94,-1.06
sion,jayce,522,193.0,329.0,51.06,-51.06,8.94
sion,jhin,522,193.0,329.0,51.06,-1.06,11.9
sion,jinx,522,193.0,329.0,51.06,12.58,48.94
sion,kaisa,522,193.0,329.0,51.06,2.79,2.99
sion,kalista,522,193.0,329.0,51.06,11.44,-7.58
sion,karma,522,193.0,329.0,51.06,-14.7,-26.06
sion,karthus,522,193.0,329.0,51.06,48.94,0.0
sion,kassadin,522,193.0,329.0,51.06,0.0,48.94
sion,khazix,522,193.0,329.0,51.06,0.0,48.94
sion,kindred,522,193.0,329.0,51.06,-51.06,48.94
sion,kled,522,193.0,329.0,51.06,0.0,-51.06
sion,ksante,522,193.0,329.0,51.06,0.0,11.9
sion,leblanc,522,193.0,329.0,51.06,48.94,48.94
sion,lee sin,522,193.0,329.0,51.06,15.61,23.94
sion,leona,522,193.0,329.0,51.06,-1.06,8.94
sion,lillia,522,193.0,329.0,51.06,-1.06,-17.73
sion,lissandra,522,193.0,329.0,51.06,-1.06,0.0
sion,lucian,522,193.0,329.0,51.06,-4.91,-6.06
sion,lulu,522,193.0,329.0,51.06,-6.62,-1.06
sion,maokai,522,193.0,329.0,51.06,-17.73,1.57
sion,mel,522,193.0,329.0,51.06,0.0,48.94
sion,milio,522,193.0,329.0,51.06,-51.06,48.94
sion,miss fortune,522,193.0,329.0,51.06,-23.28,10.48
sion,mordekaiser,522,193.0,329.0,51.06,0.0,-1.06
sion,morgana,522,193.0,329.0,51.06,-1.06,-1.06
sion,mundo,522,193.0,329.0,51.06,48.94,-51.06
sion,naafiri,522,193.0,329.0,51.06,6.08,-1.06
sion,nami,522,193.0,329.0,51.06,-13.56,-11.06
sion,nautilus,522,193.0,329.0,51.06,13.8,-10.52
sion,neeko,522,193.0,329.0,51.06,-1.06,-10.52
sion,nidalee,522,193.0,329.0,51.06,8.94,-17.73
sion,nocturne,522,193.0,329.0,51.06,11.44,11.44
sion,olaf,522,193.0,329.0,51.06,-51.06,-26.06
sion,orianna,522,193.0,329.0,51.06,9.81,-12.35
sion,ornn,522,193.0,329.0,51.06,0.0,-1.06
sion,pantheon,522,193.0,329.0,51.06,2.07,4.75
sion,poppy,522,193.0,329.0,51.06,3.94,8.94
sion,pyke,522,193.0,329.0,51.06,48.94,0.0
sion,qiyana,522,193.0,329.0,51.06,15.61,-1.06
sion,rakan,522,193.0,329.0,51.06,4.5,-9.39
sion,reksai,522,193.0,329.0,51.06,0.0,-26.06
sion,rell,522,193.0,329.0,51.06,-9.2,5.46
sion,renata glasc,522,193.0,329.0,51.06,-9.88,10.05
sion,renekton,522,193.0,329.0,51.06,-51.06,3.49
sion,rumble,522,193.0,329.0,51.06,-51.06,0.55
sion,ryze,522,193.0,329.0,51.06,7.27,-14.22
sion,sejuani,522,193.0,329.0,51.06,-1.06,-8.2
sion,senna,522,193.0,329.0,51.06,-21.06,-21.06
sion,seraphine,522,193.0,329.0,51.06,-1.06,48.94
sion,shen,522,193.0,329.0,51.06,0.0,-22.49
sion,sivir,522,193.0,329.0,51.06,4.94,-3.44
sion,skarner,522,193.0,329.0,51.06,6.83,13.65
sion,smolder,522,193.0,329.0,51.06,-17.73,20.37
sion,soraka,522,193.0,329.0,51.06,0.0,-1.06
sion,swain,522,193.0,329.0,51.06,0.0,48.94
sion,sylas,522,193.0,329.0,51.06,-12.17,-11.06
sion,syndra,522,193.0,329.0,51.06,-51.06,48.94
sion,tahm kench,522,193.0,329.0,51.06,48.94,48.94
sion,taliyah,522,193.0,329.0,51.06,12.73,-5.96
sion,talon,522,193.0,329.0,51.06,0.0,48.94
sion,taric,522,193.0,329.0,51.06,48.94,0.0
sion,thresh,522,193.0,329.0,51.06,15.61,48.94
sion,tristana,522,193.0,329.0,51.06,-26.06,-26.06
sion,trundle,522,193.0,329.0,51.06,-7.58,-9.39
sion,twisted fate,522,193.0,329.0,51.06,48.94,48.94
sion,twitch,522,193.0,329.0,51.06,48.94,0.0
sion,varus,522,193.0,329.0,51.06,4.5,-1.06
sion,vayne,522,193.0,329.0,51.06,0.0,-51.06
sion,veigar,522,193.0,329.0,51.06,48.94,0.0
sion,vi,522,193.0,329.0,51.06,6.08,-1.06
sion,viego,522,193.0,329.0,51.06,-11.06,4.5
sion,viktor,522,193.0,329.0,51.06,-14.39,17.12
sion,vladimir,522,193.0,329.0,51.06,0.0,-1.06
sion,volibear,522,193.0,329.0,51.06,48.94,-51.06
sion,wukong,522,193.0,329.0,51.06,-2.58,-8.2
sion,xayah,522,193.0,329.0,51.06,10.05,-7.58
sion,xin zhao,522,193.0,329.0,51.06,-7.2,-1.94
sion,yasuo,522,193.0,329.0,51.06,48.94,0.0
sion,yone,522,193.0,329.0,51.06,-5.61,-3.44
sion,yorick,522,193.0,329.0,51.06,0.0,-2.67
sion,yunara,522,193.0,329.0,51.06,-1.06,-9.39
sion,yuumi,522,193.0,329.0,51.06,-51.06,-51.06
sion,zed,522,193.0,329.0,51.06,-26.06,-51.06
sion,zeri,522,193.0,329.0,51.06,-6.62,-11.06
sion,ziggs,522,193.0,329.0,51.06,34.65,-34.39
sion,zoe,522,193.0,329.0,51.06,48.94,0.0
sion,zyra,522,193.0,329.0,51.06,-36.77,48.94
shen,aatrox,71,31.0,40.0,35.0,65.0,15.0
shen,ahri,71,31.0,40.0,35.0,-35.0,15.0
shen,akali,71,31.0,40.0,35.0,65.0,-1.67
shen,alistar,71,31.0,40.0,35.0,-35.0,-1.67
shen,ambessa,71,31.0,40.0,35.0,-35.0,-10.0
shen,annie,71,31.0,40.0,35.0,-1.67,15.0
shen,aphelios,71,31.0,40.0,35.0,-35.0,0.0
shen,ashe,71,31.0,40.0,35.0,65.0,-35.0
shen,aurelion sol,71,31.0,40.0,35.0,0.0,-35.0
shen,aurora,71,31.0,40.0,35.0,0.0,-18.33
shen,azir,71,31.0,40.0,35.0,-18.33,15.0
shen,bard,71,31.0,40.0,35.0,65.0,0.0
shen,blitzcrank,71,31.0,40.0,35.0,0.0,-35.0
shen,braum,71,31.0,40.0,35.0,15.0,-1.67
shen,caitlyn,71,31.0,40.0,35.0,15.0,15.0
shen,camille,71,31.0,40.0,35.0,25.0,-1.67
shen,cassiopeia,71,31.0,40.0,35.0,-35.0,0.0
shen,chogath,71,31.0,40.0,35.0,0.0,-35.0
shen,corki,71,31.0,40.0,35.0,-35.0,65.0
shen,ezreal,71,31.0,40.0,35.0,31.67,15.0
shen,fiora,71,31.0,40.0,35.0,-35.0,0.0
shen,galio,71,31.0,40.0,35.0,65.0,65.0
shen,gnar,71,31.0,40.0,35.0,0.0,-35.0
shen,gragas,71,31.0,40.0,35.0,-35.0,-35.0
shen,graves,71,31.0,40.0,35.0,-35.0,0.0
shen,gwen,71,31.0,40.0,35.0,31.67,-35.0
shen,hwei,71,31.0,40.0,35.0,65.0,0.0
shen,jarvan iv,71,31.0,40.0,35.0,0.0,-35.0
shen,jax,71,31.0,40.0,35.0,0.0,15.0
shen,jayce,71,31.0,40.0,35.0,-35.0,65.0
shen,jhin,71,31.0,40.0,35.0,15.0,65.0
shen,jinx,71,31.0,40.0,35.0,0.0,-35.0
shen,kaisa,71,31.0,40.0,35.0,15.0,-10.0
shen,kalista,71,31.0,40.0,35.0,-35.0,-35.0
shen,karma,71,31.0,40.0,35.0,0.0,-1.67
shen,karthus,71,31.0,40.0,35.0,0.0,-35.0
shen,kennen,71,31.0,40.0,35.0,15.0,0.0
shen,ksante,71,31.0,40.0,35.0,0.0,-35.0
shen,lee sin,71,31.0,40.0,35.0,-35.0,65.0
shen,leona,71,31.0,40.0,35.0,-35.0,45.0
shen,lillia,71,31.0,40.0,35.0,-35.0,-35.0
shen,lucian,71,31.0,40.0,35.0,-10.0,-10.0
shen,lux,71,31.0,40.0,35.0,0.0,-35.0
shen,maokai,71,31.0,40.0,35.0,-35.0,0.0
shen,miss fortune,71,31.0,40.0,35.0,-35.0,25.0
shen,naafiri,71,31.0,40.0,35.0,-35.0,15.0
shen,nami,71,31.0,40.0,35.0,-35.0,0.0
shen,nautilus,71,31.0,40.0,35.0,-35.0,-35.0
shen,neeko,71,31.0,40.0,35.0,65.0,-35.0
shen,nidalee,71,31.0,40.0,35.0,0.0,-35.0
shen,nocturne,71,31.0,40.0,35.0,-1.67,0.0
shen,olaf,71,31.0,40.0,35.0,-35.0,65.0
shen,orianna,71,31.0,40.0,35.0,-35.0,15.0
shen,pantheon,71,31.0,40.0,35.0,-15.0,15.0
shen,poppy,71,31.0,40.0,35.0,0.0,-35.0
shen,rakan,71,31.0,40.0,35.0,65.0,-35.0
shen,rell,71,31.0,40.0,35.0,-18.33,31.67
shen,renata glasc,71,31.0,40.0,35.0,-35.0,15.0
shen,renekton,71,31.0,40.0,35.0,-35.0,-35.0
shen,rumble,71,31.0,40.0,35.0,65.0,15.0
shen,ryze,71,31.0,40.0,35.0,15.0,15.0
shen,sejuani,71,31.0,40.0,35.0,22.14,-35.0
shen,sett,71,31.0,40.0,35.0,0.0,-35.0
shen,sion,71,31.0,40.0,35.0,0.0,36.43
shen,sivir,71,31.0,40.0,35.0,15.0,-35.0
shen,skarner,71,31.0,40.0,35.0,-10.0,0.0
shen,smolder,71,31.0,40.0,35.0,0.0,-35.0
shen,sylas,71,31.0,40.0,35.0,-35.0,-10.0
shen,taliyah,71,31.0,40.0,35.0,15.0,-35.0
shen,talon,71,31.0,40.0,35.0,0.0,-35.0
shen,tristana,71,31.0,40.0,35.0,-35.0,65.0
shen,trundle,71,31.0,40.0,35.0,-35.0,0.0
shen,twisted fate,71,31.0,40.0,35.0,0.0,65.0
shen,urgot,71,31.0,40.0,35.0,0.0,65.0
shen,varus,71,31.0,40.0,35.0,5.0,15.0
shen,vi,71,31.0,40.0,35.0,15.0,-10.0
shen,viktor,71,31.0,40.0,35.0,5.0,-35.0
shen,wukong,71,31.0,40.0,35.0,0.0,45.0
shen,xayah,71,31.0,40.0,35.0,15.0,-18.33
shen,xin zhao,71,31.0,40.0,35.0,40.0,7.86
shen,yasuo,71,31.0,40.0,35.0,-35.0,0.0
shen,yone,71,31.0,40.0,35.0,15.0,-35.0
shen,yorick,71,31.0,40.0,35.0,0.0,-22.5
shen,yunara,71,31.0,40.0,35.0,-35.0,0.0
shen,zac,71,31.0,40.0,35.0,0.0,65.0
shen,zed,71,31.0,40.0,35.0,65.0,-35.0
shen,zeri,71,31.0,40.0,35.0,-35.0,-35.0
shen,ziggs,71,31.0,40.0,35.0,-1.67,-1.67
shen,zilean,71,31.0,40.0,35.0,0.0,65.0
shen,zoe,71,31.0,40.0,35.0,-35.0,0.0
shen,zyra,71,31.0,40.0,35.0,-35.0,-35.0
anivia,ahri,11,3.0,8.0,50.0,-50.0,0.0
anivia,ashe,11,3.0,8.0,50.0,-50.0,0.0
anivia,aurora,11,3.0,8.0,50.0,0.0,-16.67
anivia,blitzcrank,11,3.0,8.0,50.0,-50.0,0.0
anivia,braum,11,3.0,8.0,50.0,0.0,0.0
anivia,caitlyn,11,3.0,8.0,50.0,50.0,50.0
anivia,chogath,11,3.0,8.0,50.0,50.0,0.0
anivia,corki,11,3.0,8.0,50.0,0.0,0.0
anivia,draven,11,3.0,8.0,50.0,0.0,50.0
anivia,elise,11,3.0,8.0,50.0,16.67,0.0
anivia,ezreal,11,3.0,8.0,50.0,50.0,0.0
anivia,galio,11,3.0,8.0,50.0,50.0,0.0
anivia,gragas,11,3.0,8.0,50.0,0.0,50.0
anivia,jax,11,3.0,8.0,50.0,0.0,0.0
anivia,jhin,11,3.0,8.0,50.0,0.0,-50.0
anivia,jinx,11,3.0,8.0,50.0,50.0,0.0
anivia,kaisa,11,3.0,8.0,50.0,-50.0,-50.0
anivia,kalista,11,3.0,8.0,50.0,0.0,50.0
anivia,lee sin,11,3.0,8.0,50.0,0.0,-50.0
anivia,leona,11,3.0,8.0,50.0,0.0,-50.0
anivia,lillia,11,3.0,8.0,50.0,50.0,50.0
anivia,lucian,11,3.0,8.0,50.0,0.0,-50.0
anivia,maokai,11,3.0,8.0,50.0,-50.0,0.0
anivia,miss fortune,11,3.0,8.0,50.0,0.0,-50.0
anivia,nautilus,11,3.0,8.0,50.0,-50.0,0.0
anivia,neeko,11,3.0,8.0,50.0,0.0,50.0
anivia,pyke,11,3.0,8.0,50.0,0.0,-50.0
anivia,rakan,11,3.0,8.0,50.0,0.0,50.0
anivia,renata glasc,11,3.0,8.0,50.0,50.0,-50.0
anivia,rumble,11,3.0,8.0,50.0,0.0,-25.0
anivia,ryze,11,3.0,8.0,50.0,0.0,0.0
anivia,sejuani,11,3.0,8.0,50.0,50.0,0.0
anivia,seraphine,11,3.0,8.0,50.0,0.0,50.0
anivia,sett,11,3.0,8.0,50.0,0.0,-50.0
anivia,sion,11,3.0,8.0,50.0,0.0,50.0
anivia,skarner,11,3.0,8.0,50.0,-50.0,-50.0
anivia,sylas,11,3.0,8.0,50.0,0.0,50.0
anivia,vi,11,3.0,8.0,50.0,0.0,50.0
anivia,viego,11,3.0,8.0,50.0,-50.0,50.0
anivia,wukong,11,3.0,8.0,50.0,0.0,-16.67
anivia,xin zhao,11,3.0,8.0,50.0,16.67,0.0
anivia,yone,11,3.0,8.0,50.0,-25.0,0.0
anivia,ziggs,11,3.0,8.0,50.0,0.0,50.0
jarvan iv,aatrox,251,95.0,156.0,60.26,11.17,-10.26
jarvan iv,ahri,251,95.0,156.0,60.26,-5.71,39.74
jarvan iv,akali,251,95.0,156.0,60.26,-10.26,-20.26
jarvan iv,alistar,251,95.0,156.0,60.26,4.03,-6.41
jarvan iv,ambessa,251,95.0,156.0,60.26,-12.26,16.21
jarvan iv,annie,251,95.0,156.0,60.26,-10.26,10.33
jarvan iv,aphelios,251,95.0,156.0,60.26,-60.26,-10.26
jarvan iv,ashe,251,95.0,156.0,60.26,-60.26,-60.26
jarvan iv,aurora,251,95.0,156.0,60.26,1.64,6.41
jarvan iv,azir,251,95.0,156.0,60.26,6.41,-10.26
jarvan iv,bard,251,95.0,156.0,60.26,6.41,9.74
jarvan iv,blitzcrank,251,95.0,156.0,60.26,0.0,-60.26
jarvan iv,braum,251,95.0,156.0,60.26,16.21,-0.26
jarvan iv,caitlyn,251,95.0,156.0,60.26,39.74,-10.26
jarvan iv,camille,251,95.0,156.0,60.26,39.74,39.74
jarvan iv,cassiopeia,251,95.0,156.0,60.26,-10.26,-10.26
jarvan iv,chogath,251,95.0,156.0,60.26,-26.93,-10.26
jarvan iv,corki,251,95.0,156.0,60.26,2.24,11.96
jarvan iv,draven,251,95.0,156.0,60.26,0.0,39.74
jarvan iv,ekko,251,95.0,156.0,60.26,39.74,0.0
jarvan iv,elise,251,95.0,156.0,60.26,0.0,39.74
jarvan iv,ezreal,251,95.0,156.0,60.26,8.49,17.52
jarvan iv,galio,251,95.0,156.0,60.26,4.03,29.74
jarvan iv,gnar,251,95.0,156.0,60.26,6.41,-20.26
jarvan iv,gragas,251,95.0,156.0,60.26,6.41,39.74
jarvan iv,gwen,251,95.0,156.0,60.26,23.07,21.56
jarvan iv,hwei,251,95.0,156.0,60.26,39.74,-60.26
jarvan iv,janna,251,95.0,156.0,60.26,0.0,-10.26
jarvan iv,jax,251,95.0,156.0,60.26,-3.12,-22.76
jarvan iv,jayce,251,95.0,156.0,60.26,14.74,-6.41
jarvan iv,jhin,251,95.0,156.0,60.26,4.45,15.93
jarvan iv,jinx,251,95.0,156.0,60.26,39.74,-60.26
jarvan iv,kaisa,251,95.0,156.0,60.26,1.28,-33.94
jarvan iv,kalista,251,95.0,156.0,60.26,11.17,39.74
jarvan iv,karma,251,95.0,156.0,60.26,17.52,25.45
jarvan iv,kassadin,251,95.0,156.0,60.26,0.0,-60.26
jarvan iv,kindred,251,95.0,156.0,60.26,0.0,39.74
jarvan iv,kled,251,95.0,156.0,60.26,0.0,-60.26
jarvan iv,ksante,251,95.0,156.0,60.26,-15.82,-1.93
jarvan iv,leblanc,251,95.0,156.0,60.26,0.0,-10.26
jarvan iv,lee sin,251,95.0,156.0,60.26,0.0,23.07
jarvan iv,leona,251,95.0,156.0,60.26,-22.76,10.33
jarvan iv,lillia,251,95.0,156.0,60.26,0.0,39.74
jarvan iv,lissandra,251,95.0,156.0,60.26,39.74,0.0
jarvan iv,lucian,251,95.0,156.0,60.26,-17.4,11.96
jarvan iv,lulu,251,95.0,156.0,60.26,6.41,11.17
jarvan iv,maokai,251,95.0,156.0,60.26,0.0,-26.93
jarvan iv,milio,251,95.0,156.0,60.26,0.0,39.74
jarvan iv,miss fortune,251,95.0,156.0,60.26,-10.26,-26.93
jarvan iv,morgana,251,95.0,156.0,60.26,-60.26,-60.26
jarvan iv,mundo,251,95.0,156.0,60.26,0.0,-60.26
jarvan iv,naafiri,251,95.0,156.0,60.26,0.0,39.74
jarvan iv,nami,251,95.0,156.0,60.26,-60.26,39.74
jarvan iv,nautilus,251,95.0,156.0,60.26,-10.26,-10.26
jarvan iv,neeko,251,95.0,156.0,60.26,0.85,4.45
jarvan iv,nidalee,251,95.0,156.0,60.26,-10.26,-10.26
jarvan iv,nocturne,251,95.0,156.0,60.26,0.0,1.28
jarvan iv,olaf,251,95.0,156.0,60.26,-60.26,0.0
jarvan iv,orianna,251,95.0,156.0,60.26,13.65,-4.7
jarvan iv,ornn,251,95.0,156.0,60.26,17.52,-14.11
jarvan iv,pantheon,251,95.0,156.0,60.26,0.0,-5.71
jarvan iv,poppy,251,95.0,156.0,60.26,14.74,-10.26
jarvan iv,pyke,251,95.0,156.0,60.26,0.0,-60.26
jarvan iv,qiyana,251,95.0,156.0,60.26,0.0,-10.26
jarvan iv,rakan,251,95.0,156.0,60.26,-10.26,-13.2
jarvan iv,reksai,251,95.0,156.0,60.26,39.74,0.0
jarvan iv,rell,251,95.0,156.0,60.26,-4.01,2.24
jarvan iv,renata glasc,251,95.0,156.0,60.26,14.74,-10.26
jarvan iv,renekton,251,95.0,156.0,60.26,-20.26,3.38
jarvan iv,rumble,251,95.0,156.0,60.26,0.45,6.41
jarvan iv,ryze,251,95.0,156.0,60.26,23.07,13.07
jarvan iv,sejuani,251,95.0,156.0,60.26,0.0,-10.26
jarvan iv,senna,251,95.0,156.0,60.26,6.41,6.41
jarvan iv,shen,251,95.0,156.0,60.26,0.0,39.74
jarvan iv,sion,251,95.0,156.0,60.26,10.33,-7.88
jarvan iv,sivir,251,95.0,156.0,60.26,-13.2,24.36
jarvan iv,skarner,251,95.0,156.0,60.26,0.0,11.17
jarvan iv,smolder,251,95.0,156.0,60.26,14.74,39.74
jarvan iv,soraka,251,95.0,156.0,60.26,-60.26,0.0
jarvan iv,swain,251,95.0,156.0,60.26,39.74,0.0
jarvan iv,sylas,251,95.0,156.0,60.26,19.74,2.24
jarvan iv,tahm kench,251,95.0,156.0,60.26,39.74,-10.26
jarvan iv,taliyah,251,95.0,156.0,60.26,-22.76,-5.71
jarvan iv,taric,251,95.0,156.0,60.26,0.0,-60.26
jarvan iv,thresh,251,95.0,156.0,60.26,-10.26,0.0
jarvan iv,tristana,251,95.0,156.0,60.26,-60.26,-10.26
jarvan iv,trundle,251,95.0,156.0,60.26,0.0,3.38
jarvan iv,twisted fate,251,95.0,156.0,60.26,0.0,-60.26
jarvan iv,varus,251,95.0,156.0,60.26,6.41,-26.93
jarvan iv,vayne,251,95.0,156.0,60.26,39.74,0.0
jarvan iv,veigar,251,95.0,156.0,60.26,0.0,39.74
jarvan iv,vi,251,95.0,156.0,60.26,0.0,19.74
jarvan iv,viego,251,95.0,156.0,60.26,0.0,-10.26
jarvan iv,viktor,251,95.0,156.0,60.26,-26.93,-12.89
jarvan iv,volibear,251,95.0,156.0,60.26,0.0,39.74
jarvan iv,wukong,251,95.0,156.0,60.26,0.0,-1.93
jarvan iv,xayah,251,95.0,156.0,60.26,-30.26,2.24
jarvan iv,xin zhao,251,95.0,156.0,60.26,0.0,-12.11
jarvan iv,yasuo,251,95.0,156.0,60.26,-60.26,0.0
jarvan iv,yone,251,95.0,156.0,60.26,-26.93,-10.26
jarvan iv,yorick,251,95.0,156.0,60.26,-3.12,9.74
jarvan iv,yunara,251,95.0,156.0,60.26,19.74,-10.26
jarvan iv,yuumi,251,95.0,156.0,60.26,0.0,39.74
jarvan iv,zed,251,95.0,156.0,60.26,0.0,39.74
jarvan iv,zeri,251,95.0,156.0,60.26,19.74,-20.26
jarvan iv,ziggs,251,95.0,156.0,60.26,14.74,-3.12
mel,ahri,35,23.0,12.0,16.67,0.0,-16.67
mel,alistar,35,23.0,12.0,16.67,-16.67,-16.67
mel,ambessa,35,23.0,12.0,16.67,-16.67,0.0
mel,ashe,35,23.0,12.0,16.67,83.33,0.0
mel,aurora,35,23.0,12.0,16.67,0.0,-16.67
mel,azir,35,23.0,12.0,16.67,0.0,-16.67
mel,bard,35,23.0,12.0,16.67,-16.67,0.0
mel,blitzcrank,35,23.0,12.0,16.67,0.0,33.33
mel,braum,35,23.0,12.0,16.67,83.33,0.0
mel,caitlyn,35,23.0,12.0,16.67,83.33,0.0
mel,camille,35,23.0,12.0,16.67,-16.67,-16.67
mel,elise,35,23.0,12.0,16.67,83.33,0.0
mel,ezreal,35,23.0,12.0,16.67,0.0,16.66
mel,galio,35,23.0,12.0,16.67,-16.67,-16.67
mel,gangplank,35,23.0,12.0,16.67,-16.67,0.0
mel,gnar,35,23.0,12.0,16.67,-16.67,-16.67
mel,gragas,35,23.0,12.0,16.67,33.33,0.0
mel,gwen,35,23.0,12.0,16.67,0.0,-16.67
mel,irelia,35,23.0,12.0,16.67,-16.67,0.0
mel,ivern,35,23.0,12.0,16.67,-16.67,0.0
mel,jax,35,23.0,12.0,16.67,-16.67,16.66
mel,jayce,35,23.0,12.0,16.67,-16.67,16.66
mel,jhin,35,23.0,12.0,16.67,-16.67,-16.67
mel,kaisa,35,23.0,12.0,16.67,-16.67,-16.67
mel,kled,35,23.0,12.0,16.67,-16.67,0.0
mel,leblanc,35,23.0,12.0,16.67,-16.67,0.0
mel,lee sin,35,23.0,12.0,16.67,83.33,0.0
mel,leona,35,23.0,12.0,16.67,-16.67,33.33
mel,lillia,35,23.0,12.0,16.67,-16.67,0.0
mel,lulu,35,23.0,12.0,16.67,0.0,-16.67
mel,maokai,35,23.0,12.0,16.67,-16.67,-16.67
mel,miss fortune,35,23.0,12.0,16.67,-16.67,-16.67
mel,mordekaiser,35,23.0,12.0,16.67,83.33,0.0
mel,mundo,35,23.0,12.0,16.67,0.0,-16.67
mel,naafiri,35,23.0,12.0,16.67,-16.67,83.33
mel,nautilus,35,23.0,12.0,16.67,-16.67,0.0
mel,nidalee,35,23.0,12.0,16.67,0.0,-16.67
mel,olaf,35,23.0,12.0,16.67,0.0,-16.67
mel,ornn,35,23.0,12.0,16.67,-16.67,0.0
mel,pantheon,35,23.0,12.0,16.67,0.0,-16.67
mel,poppy,35,23.0,12.0,16.67,83.33,-16.67
mel,pyke,35,23.0,12.0,16.67,0.0,-16.67
mel,rakan,35,23.0,12.0,16.67,-16.67,0.0
mel,rell,35,23.0,12.0,16.67,-16.67,-16.67
mel,rumble,35,23.0,12.0,16.67,0.0,-16.67
mel,sejuani,35,23.0,12.0,16.67,-16.67,83.33
mel,sett,35,23.0,12.0,16.67,0.0,-16.67
mel,sion,35,23.0,12.0,16.67,0.0,-16.67
mel,sivir,35,23.0,12.0,16.67,0.0,-16.67
mel,skarner,35,23.0,12.0,16.67,-16.67,-16.67
mel,sylas,35,23.0,12.0,16.67,0.0,-16.67
mel,tristana,35,23.0,12.0,16.67,-16.67,0.0
mel,twisted fate,35,23.0,12.0,16.67,0.0,33.33
mel,varus,35,23.0,12.0,16.67,0.0,-16.67
mel,viktor,35,23.0,12.0,16.67,0.0,-16.67
mel,wukong,35,23.0,12.0,16.67,-16.67,-16.67
mel,xin zhao,35,23.0,12.0,16.67,0.0,-16.67
mel,yone,35,23.0,12.0,16.67,-16.67,0.0
mel,yorick,35,23.0,12.0,16.67,0.0,83.33
mel,zed,35,23.0,12.0,16.67,-16.67,0.0
mel,zeri,35,23.0,12.0,16.67,-16.67,0.0
mel,ziggs,35,23.0,12.0,16.67,0.0,83.33
syndra,aatrox,28,9.0,19.0,52.63,-52.63,47.37
syndra,alistar,28,9.0,19.0,52.63,14.04,47.37
syndra,ambessa,28,9.0,19.0,52.63,-52.63,-19.3
syndra,amumu,28,9.0,19.0,52.63,0.0,47.37
syndra,annie,28,9.0,19.0,52.63,0.0,-19.3
syndra,ashe,28,9.0,19.0,52.63,-2.63,-52.63
syndra,aurora,28,9.0,19.0,52.63,0.0,47.37
syndra,azir,28,9.0,19.0,52.63,0.0,-52.63
syndra,bard,28,9.0,19.0,52.63,-52.63,47.37
syndra,blitzcrank,28,9.0,19.0,52.63,47.37,0.0
syndra,braum,28,9.0,19.0,52.63,-52.63,-19.3
syndra,caitlyn,28,9.0,19.0,52.63,0.0,47.37
syndra,camille,28,9.0,19.0,52.63,-52.63,-19.3
syndra,chogath,28,9.0,19.0,52.63,0.0,-52.63
syndra,corki,28,9.0,19.0,52.63,-52.63,-2.63
syndra,elise,28,9.0,19.0,52.63,-52.63,47.37
syndra,ezreal,28,9.0,19.0,52.63,7.37,0.0
syndra,galio,28,9.0,19.0,52.63,0.0,-52.63
syndra,gnar,28,9.0,19.0,52.63,-2.63,47.37
syndra,gragas,28,9.0,19.0,52.63,47.37,0.0
syndra,gwen,28,9.0,19.0,52.63,-2.63,0.0
syndra,hwei,28,9.0,19.0,52.63,0.0,47.37
syndra,jax,28,9.0,19.0,52.63,0.0,47.37
syndra,jayce,28,9.0,19.0,52.63,47.37,0.0
syndra,jhin,28,9.0,19.0,52.63,47.37,-2.63
syndra,jinx,28,9.0,19.0,52.63,-2.63,-52.63
syndra,kaisa,28,9.0,19.0,52.63,0.0,-52.63
syndra,kalista,28,9.0,19.0,52.63,0.0,47.37
syndra,karma,28,9.0,19.0,52.63,14.04,0.0
syndra,kindred,28,9.0,19.0,52.63,0.0,47.37
syndra,ksante,28,9.0,19.0,52.63,-2.63,47.37
syndra,lee sin,28,9.0,19.0,52.63,-52.63,0.0
syndra,leona,28,9.0,19.0,52.63,0.0,-52.63
syndra,lillia,28,9.0,19.0,52.63,0.0,-52.63
syndra,lucian,28,9.0,19.0,52.63,-52.63,-2.63
syndra,lulu,28,9.0,19.0,52.63,0.0,-19.3
syndra,maokai,28,9.0,19.0,52.63,0.0,-52.63
syndra,miss fortune,28,9.0,19.0,52.63,-52.63,-52.63
syndra,naafiri,28,9.0,19.0,52.63,0.0,47.37
syndra,nami,28,9.0,19.0,52.63,-52.63,0.0
syndra,nautilus,28,9.0,19.0,52.63,14.04,-52.63
syndra,neeko,28,9.0,19.0,52.63,47.37,0.0
syndra,nidalee,28,9.0,19.0,52.63,-52.63,0.0
syndra,nocturne,28,9.0,19.0,52.63,47.37,0.0
syndra,orianna,28,9.0,19.0,52.63,0.0,22.37
syndra,pantheon,28,9.0,19.0,52.63,-2.63,-2.63
syndra,poppy,28,9.0,19.0,52.63,0.0,-52.63
syndra,rakan,28,9.0,19.0,52.63,47.37,-2.63
syndra,rell,28,9.0,19.0,52.63,0.0,-2.63
syndra,renata glasc,28,9.0,19.0,52.63,0.0,47.37
syndra,renekton,28,9.0,19.0,52.63,47.37,0.0
syndra,rumble,28,9.0,19.0,52.63,-52.63,0.0
syndra,ryze,28,9.0,19.0,52.63,0.0,14.04
syndra,sejuani,28,9.0,19.0,52.63,0.0,47.37
syndra,senna,28,9.0,19.0,52.63,-2.63,0.0
syndra,sion,28,9.0,19.0,52.63,-52.63,-52.63
syndra,sivir,28,9.0,19.0,52.63,0.0,47.37
syndra,skarner,28,9.0,19.0,52.63,14.04,-52.63
syndra,sylas,28,9.0,19.0,52.63,0.0,-52.63
syndra,tahm kench,28,9.0,19.0,52.63,0.0,47.37
syndra,taliyah,28,9.0,19.0,52.63,0.0,14.04
syndra,taric,28,9.0,19.0,52.63,-52.63,0.0
syndra,tristana,28,9.0,19.0,52.63,0.0,-52.63
syndra,trundle,28,9.0,19.0,52.63,47.37,0.0
syndra,udyr,28,9.0,19.0,52.63,0.0,47.37
syndra,varus,28,9.0,19.0,52.63,47.37,-2.63
syndra,vi,28,9.0,19.0,52.63,47.37,0.0
syndra,viego,28,9.0,19.0,52.63,47.37,0.0
syndra,wukong,28,9.0,19.0,52.63,-19.3,-2.63
syndra,xayah,28,9.0,19.0,52.63,-52.63,14.04
syndra,xin zhao,28,9.0,19.0,52.63,-52.63,-12.63
syndra,yasuo,28,9.0,19.0,52.63,0.0,47.37
syndra,yorick,28,9.0,19.0,52.63,0.0,47.37
syndra,zed,28,9.0,19.0,52.63,-52.63,0.0
syndra,zeri,28,9.0,19.0,52.63,47.37,0.0
diana,aatrox,10,4.0,6.0,0.0,0.0,0.0
diana,ahri,10,4.0,6.0,0.0,0.0,0.0
diana,azir,10,4.0,6.0,0.0,0.0,0.0
diana,braum,10,4.0,6.0,0.0,0.0,0.0
diana,caitlyn,10,4.0,6.0,0.0,0.0,0.0
diana,chogath,10,4.0,6.0,0.0,0.0,0.0
diana,corki,10,4.0,6.0,0.0,0.0,0.0
diana,elise,10,4.0,6.0,0.0,0.0,0.0
diana,ezreal,10,4.0,6.0,0.0,0.0,0.0
diana,gnar,10,4.0,6.0,0.0,0.0,0.0
diana,gwen,10,4.0,6.0,0.0,0.0,0.0
diana,jax,10,4.0,6.0,0.0,0.0,0.0
diana,jayce,10,4.0,6.0,0.0,0.0,0.0
diana,jhin,10,4.0,6.0,0.0,0.0,0.0
diana,kaisa,10,4.0,6.0,0.0,0.0,0.0
diana,karma,10,4.0,6.0,0.0,0.0,0.0
diana,leona,10,4.0,6.0,0.0,0.0,0.0
diana,lillia,10,4.0,6.0,0.0,0.0,0.0
diana,miss fortune,10,4.0,6.0,0.0,0.0,0.0
diana,naafiri,10,4.0,6.0,0.0,0.0,0.0
diana,nautilus,10,4.0,6.0,0.0,0.0,0.0
diana,ornn,10,4.0,6.0,0.0,0.0,0.0
diana,poppy,10,4.0,6.0,0.0,0.0,0.0
diana,rell,10,4.0,6.0,0.0,0.0,0.0
diana,renekton,10,4.0,6.0,0.0,0.0,0.0
diana,rumble,10,4.0,6.0,0.0,0.0,0.0
diana,senna,10,4.0,6.0,0.0,0.0,0.0
diana,sett,10,4.0,6.0,0.0,0.0,0.0
diana,tristana,10,4.0,6.0,0.0,0.0,0.0
diana,varus,10,4.0,6.0,0.0,0.0,0.0
diana,viego,10,4.0,6.0,0.0,0.0,0.0
diana,wukong,10,4.0,6.0,0.0,0.0,0.0
diana,xin zhao,10,4.0,6.0,0.0,0.0,0.0
diana,yasuo,10,4.0,6.0,0.0,0.0,0.0
diana,yone,10,4.0,6.0,0.0,0.0,0.0
diana,yorick,10,4.0,6.0,0.0,0.0,0.0
diana,zyra,10,4.0,6.0,0.0,0.0,0.0
twisted fate,aatrox,94,61.0,33.0,42.42,-42.42,57.58
twisted fate,akali,94,61.0,33.0,42.42,0.0,57.58
twisted fate,alistar,94,61.0,33.0,42.42,17.58,7.58
twisted fate,ambessa,94,61.0,33.0,42.42,7.58,24.25
twisted fate,ashe,94,61.0,33.0,42.42,-42.42,-42.42
twisted fate,aurora,94,61.0,33.0,42.42,-42.42,57.58
twisted fate,azir,94,61.0,33.0,42.42,0.0,-42.42
twisted fate,bard,94,61.0,33.0,42.42,0.0,7.58
twisted fate,blitzcrank,94,61.0,33.0,42.42,-42.42,-42.42
twisted fate,braum,94,61.0,33.0,42.42,-17.42,7.58
twisted fate,caitlyn,94,61.0,33.0,42.42,-42.42,-42.42
twisted fate,camille,94,61.0,33.0,42.42,57.58,57.58
twisted fate,cassiopeia,94,61.0,33.0,42.42,0.0,-42.42
twisted fate,chogath,94,61.0,33.0,42.42,-9.09,0.0
twisted fate,corki,94,61.0,33.0,42.42,-42.42,-17.42
twisted fate,elise,94,61.0,33.0,42.42,-42.42,-42.42
twisted fate,ezreal,94,61.0,33.0,42.42,7.58,-42.42
twisted fate,galio,94,61.0,33.0,42.42,0.0,-42.42
twisted fate,gangplank,94,61.0,33.0,42.42,0.0,57.58
twisted fate,gnar,94,61.0,33.0,42.42,-42.42,0.0
twisted fate,gragas,94,61.0,33.0,42.42,-42.42,-42.42
twisted fate,gwen,94,61.0,33.0,42.42,0.0,-42.42
twisted fate,hwei,94,61.0,33.0,42.42,0.0,-42.42
twisted fate,jarvan iv,94,61.0,33.0,42.42,0.0,57.58
twisted fate,jax,94,61.0,33.0,42.42,7.58,-9.09
twisted fate,jayce,94,61.0,33.0,42.42,57.58,-42.42
twisted fate,jhin,94,61.0,33.0,42.42,-9.09,7.58
twisted fate,jinx,94,61.0,33.0,42.42,0.0,7.58
twisted fate,kaisa,94,61.0,33.0,42.42,-17.42,-42.42
twisted fate,kalista,94,61.0,33.0,42.42,-42.42,-42.42
twisted fate,karma,94,61.0,33.0,42.42,-42.42,-42.42
twisted fate,khazix,94,61.0,33.0,42.42,-42.42,0.0
twisted fate,ksante,94,61.0,33.0,42.42,7.58,7.58
twisted fate,leblanc,94,61.0,33.0,42.42,0.0,57.58
twisted fate,lee sin,94,61.0,33.0,42.42,24.25,0.0
twisted fate,leona,94,61.0,33.0,42.42,17.58,57.58
twisted fate,lillia,94,61.0,33.0,42.42,57.58,-42.42
twisted fate,lissandra,94,61.0,33.0,42.42,0.0,-42.42
twisted fate,lucian,94,61.0,33.0,42.42,7.58,57.58
twisted fate,lulu,94,61.0,33.0,42.42,57.58,57.58
twisted fate,maokai,94,61.0,33.0,42.42,0.0,-2.42
twisted fate,mel,94,61.0,33.0,42.42,0.0,7.58
twisted fate,miss fortune,94,61.0,33.0,42.42,0.0,7.58
twisted fate,mordekaiser,94,61.0,33.0,42.42,0.0,7.58
twisted fate,mundo,94,61.0,33.0,42.42,-42.42,0.0
twisted fate,naafiri,94,61.0,33.0,42.42,-22.42,57.58
twisted fate,nami,94,61.0,33.0,42.42,0.0,57.58
twisted fate,nautilus,94,61.0,33.0,42.42,-42.42,7.58
twisted fate,neeko,94,61.0,33.0,42.42,-42.42,57.58
twisted fate,nidalee,94,61.0,33.0,42.42,0.0,57.58
twisted fate,nocturne,94,61.0,33.0,42.42,0.0,7.58
twisted fate,olaf,94,61.0,33.0,42.42,-9.09,0.0
twisted fate,ornn,94,61.0,33.0,42.42,0.0,-42.42
twisted fate,pantheon,94,61.0,33.0,42.42,7.58,57.58
twisted fate,poppy,94,61.0,33.0,42.42,-42.42,-22.42
twisted fate,qiyana,94,61.0,33.0,42.42,-42.42,0.0
twisted fate,rakan,94,61.0,33.0,42.42,24.25,-42.42
twisted fate,reksai,94,61.0,33.0,42.42,-42.42,57.58
twisted fate,rell,94,61.0,33.0,42.42,-9.09,7.58
twisted fate,renata glasc,94,61.0,33.0,42.42,-17.42,0.0
twisted fate,renekton,94,61.0,33.0,42.42,0.0,7.58
twisted fate,rumble,94,61.0,33.0,42.42,-42.42,-42.42
twisted fate,ryze,94,61.0,33.0,42.42,0.0,17.58
twisted fate,sejuani,94,61.0,33.0,42.42,57.58,7.58
twisted fate,senna,94,61.0,33.0,42.42,24.25,24.25
twisted fate,seraphine,94,61.0,33.0,42.42,0.0,-42.42
twisted fate,shen,94,61.0,33.0,42.42,0.0,-42.42
twisted fate,sion,94,61.0,33.0,42.42,57.58,-42.42
twisted fate,sivir,94,61.0,33.0,42.42,0.0,7.58
twisted fate,skarner,94,61.0,33.0,42.42,24.25,-22.42
twisted fate,smolder,94,61.0,33.0,42.42,0.0,57.58
twisted fate,sylas,94,61.0,33.0,42.42,-42.42,7.58
twisted fate,tahm kench,94,61.0,33.0,42.42,0.0,57.58
twisted fate,taliyah,94,61.0,33.0,42.42,0.0,-17.42
twisted fate,taric,94,61.0,33.0,42.42,57.58,0.0
twisted fate,trundle,94,61.0,33.0,42.42,24.25,0.0
twisted fate,varus,94,61.0,33.0,42.42,-42.42,-42.42
twisted fate,veigar,94,61.0,33.0,42.42,0.0,-42.42
twisted fate,vi,94,61.0,33.0,42.42,-42.42,24.25
twisted fate,viego,94,61.0,33.0,42.42,-42.42,0.0
twisted fate,viktor,94,61.0,33.0,42.42,0.0,7.58
twisted fate,vladimir,94,61.0,33.0,42.42,0.0,57.58
twisted fate,wukong,94,61.0,33.0,42.42,0.0,-42.42
twisted fate,xayah,94,61.0,33.0,42.42,24.25,-9.09
twisted fate,xin zhao,94,61.0,33.0,42.42,-9.09,0.0
twisted fate,yasuo,94,61.0,33.0,42.42,-42.42,0.0
twisted fate,yone,94,61.0,33.0,42.42,0.0,7.58
twisted fate,yorick,94,61.0,33.0,42.42,-42.42,7.58
twisted fate,yunara,94,61.0,33.0,42.42,24.25,0.0
twisted fate,zed,94,61.0,33.0,42.42,57.58,57.58
twisted fate,zeri,94,61.0,33.0,42.42,57.58,0.0
twisted fate,ziggs,94,61.0,33.0,42.42,7.58,57.58
chogath,ahri,47,9.0,38.0,47.37,12.63,-47.37
chogath,akali,47,9.0,38.0,47.37,-47.37,0.0
chogath,alistar,47,9.0,38.0,47.37,-22.37,2.63
chogath,ambessa,47,9.0,38.0,47.37,2.63,0.0
chogath,anivia,47,9.0,38.0,47.37,52.63,0.0
chogath,annie,47,9.0,38.0,47.37,52.63,0.0
chogath,aphelios,47,9.0,38.0,47.37,-47.37,0.0
chogath,ashe,47,9.0,38.0,47.37,52.63,52.63
chogath,aurelion sol,47,9.0,38.0,47.37,52.63,0.0
chogath,aurora,47,9.0,38.0,47.37,-47.37,52.63
chogath,azir,47,9.0,38.0,47.37,2.63,-22.37
chogath,blitzcrank,47,9.0,38.0,47.37,52.63,-47.37
chogath,braum,47,9.0,38.0,47.37,27.63,9.77
chogath,caitlyn,47,9.0,38.0,47.37,52.63,-47.37
chogath,cassiopeia,47,9.0,38.0,47.37,52.63,52.63
chogath,corki,47,9.0,38.0,47.37,19.3,32.63
chogath,diana,47,9.0,38.0,47.37,-47.37,0.0
chogath,draven,47,9.0,38.0,47.37,-47.37,52.63
chogath,ezreal,47,9.0,38.0,47.37,32.63,-47.37
chogath,galio,47,9.0,38.0,47.37,52.63,-14.04
chogath,gnar,47,9.0,38.0,47.37,-47.37,0.0
chogath,gragas,47,9.0,38.0,47.37,-47.37,52.63
chogath,gwen,47,9.0,38.0,47.37,0.0,-47.37
chogath,hwei,47,9.0,38.0,47.37,-47.37,0.0
chogath,jarvan iv,47,9.0,38.0,47.37,-14.04,2.63
chogath,jax,47,9.0,38.0,47.37,0.0,-14.04
chogath,jayce,47,9.0,38.0,47.37,0.0,52.63
chogath,jhin,47,9.0,38.0,47.37,2.63,-27.37
chogath,jinx,47,9.0,38.0,47.37,0.0,52.63
chogath,kaisa,47,9.0,38.0,47.37,2.63,-30.7
chogath,kalista,47,9.0,38.0,47.37,52.63,-47.37
chogath,karma,47,9.0,38.0,47.37,0.0,-47.37
chogath,ksante,47,9.0,38.0,47.37,0.0,-47.37
chogath,lee sin,47,9.0,38.0,47.37,2.63,0.0
chogath,leona,47,9.0,38.0,47.37,27.63,-47.37
chogath,lillia,47,9.0,38.0,47.37,0.0,-47.37
chogath,lucian,47,9.0,38.0,47.37,-47.37,52.63
chogath,lulu,47,9.0,38.0,47.37,0.0,52.63
chogath,maokai,47,9.0,38.0,47.37,2.63,32.63
chogath,miss fortune,47,9.0,38.0,47.37,-27.37,0.0
chogath,naafiri,47,9.0,38.0,47.37,-47.37,2.63
chogath,nautilus,47,9.0,38.0,47.37,-7.37,2.63
chogath,neeko,47,9.0,38.0,47.37,2.63,-47.37
chogath,nocturne,47,9.0,38.0,47.37,0.0,52.63
chogath,orianna,47,9.0,38.0,47.37,2.63,12.63
chogath,pantheon,47,9.0,38.0,47.37,19.3,19.3
chogath,poppy,47,9.0,38.0,47.37,-22.37,0.0
chogath,pyke,47,9.0,38.0,47.37,52.63,0.0
chogath,rakan,47,9.0,38.0,47.37,0.0,-14.04
chogath,rell,47,9.0,38.0,47.37,-4.51,2.63
chogath,renata glasc,47,9.0,38.0,47.37,-47.37,-14.04
chogath,rumble,47,9.0,38.0,47.37,0.0,-47.37
chogath,ryze,47,9.0,38.0,47.37,-47.37,19.3
chogath,sejuani,47,9.0,38.0,47.37,-47.37,52.63
chogath,senna,47,9.0,38.0,47.37,2.63,52.63
chogath,seraphine,47,9.0,38.0,47.37,0.0,52.63
chogath,sett,47,9.0,38.0,47.37,0.0,-47.37
chogath,shen,47,9.0,38.0,47.37,0.0,52.63
chogath,sion,47,9.0,38.0,47.37,0.0,-9.87
chogath,sivir,47,9.0,38.0,47.37,-14.04,2.63
chogath,skarner,47,9.0,38.0,47.37,2.63,0.0
chogath,smolder,47,9.0,38.0,47.37,0.0,52.63
chogath,sylas,47,9.0,38.0,47.37,52.63,2.63
chogath,syndra,47,9.0,38.0,47.37,0.0,52.63
chogath,taliyah,47,9.0,38.0,47.37,-47.37,-14.04
chogath,thresh,47,9.0,38.0,47.37,-47.37,0.0
chogath,tristana,47,9.0,38.0,47.37,0.0,-47.37
chogath,trundle,47,9.0,38.0,47.37,52.63,-47.37
chogath,twisted fate,47,9.0,38.0,47.37,-14.04,0.0
chogath,varus,47,9.0,38.0,47.37,2.63,2.63
chogath,vi,47,9.0,38.0,47.37,19.3,-14.04
chogath,viego,47,9.0,38.0,47.37,-22.37,52.63
chogath,viktor,47,9.0,38.0,47.37,-14.04,-14.04
chogath,wukong,47,9.0,38.0,47.37,52.63,-7.37
chogath,xayah,47,9.0,38.0,47.37,-47.37,0.0
chogath,xin zhao,47,9.0,38.0,47.37,2.63,-27.37
chogath,yasuo,47,9.0,38.0,47.37,-47.37,0.0
chogath,yone,47,9.0,38.0,47.37,-14.04,19.3
chogath,yorick,47,9.0,38.0,47.37,0.0,6.48
chogath,zed,47,9.0,38.0,47.37,0.0,19.3
olaf,aatrox,33,13.0,20.0,40.0,-40.0,-40.0
olaf,ahri,33,13.0,20.0,40.0,10.0,60.0
olaf,akali,33,13.0,20.0,40.0,-40.0,60.0
olaf,alistar,33,13.0,20.0,40.0,-40.0,26.67
olaf,ambessa,33,13.0,20.0,40.0,60.0,0.0
olaf,amumu,33,13.0,20.0,40.0,60.0,0.0
olaf,annie,33,13.0,20.0,40.0,-40.0,-40.0
olaf,ashe,33,13.0,20.0,40.0,0.0,60.0
olaf,azir,33,13.0,20.0,40.0,0.0,60.0
olaf,braum,33,13.0,20.0,40.0,0.0,-40.0
olaf,caitlyn,33,13.0,20.0,40.0,0.0,60.0
olaf,cassiopeia,33,13.0,20.0,40.0,-40.0,0.0
olaf,corki,33,13.0,20.0,40.0,0.0,-40.0
olaf,draven,33,13.0,20.0,40.0,0.0,60.0
olaf,elise,33,13.0,20.0,40.0,0.0,60.0
olaf,ezreal,33,13.0,20.0,40.0,-40.0,0.0
olaf,galio,33,13.0,20.0,40.0,-40.0,0.0
olaf,gnar,33,13.0,20.0,40.0,0.0,-40.0
olaf,gragas,33,13.0,20.0,40.0,0.0,-6.67
olaf,hwei,33,13.0,20.0,40.0,0.0,-40.0
olaf,jarvan iv,33,13.0,20.0,40.0,-40.0,0.0
olaf,jax,33,13.0,20.0,40.0,10.0,0.0
olaf,jayce,33,13.0,20.0,40.0,60.0,0.0
olaf,jhin,33,13.0,20.0,40.0,-15.0,0.0
olaf,jinx,33,13.0,20.0,40.0,0.0,-40.0
olaf,kaisa,33,13.0,20.0,40.0,10.0,-40.0
olaf,kalista,33,13.0,20.0,40.0,35.0,-6.67
olaf,karma,33,13.0,20.0,40.0,-40.0,-40.0
olaf,kassadin,33,13.0,20.0,40.0,0.0,-40.0
olaf,kled,33,13.0,20.0,40.0,0.0,60.0
olaf,ksante,33,13.0,20.0,40.0,0.0,20.0
olaf,leona,33,13.0,20.0,40.0,26.67,0.0
olaf,lillia,33,13.0,20.0,40.0,60.0,0.0
olaf,maokai,33,13.0,20.0,40.0,0.0,-40.0
olaf,mel,33,13.0,20.0,40.0,0.0,60.0
olaf,miss fortune,33,13.0,20.0,40.0,60.0,-40.0
olaf,nautilus,33,13.0,20.0,40.0,-40.0,60.0
olaf,neeko,33,13.0,20.0,40.0,10.0,60.0
olaf,nocturne,33,13.0,20.0,40.0,0.0,-40.0
olaf,orianna,33,13.0,20.0,40.0,60.0,-40.0
olaf,pantheon,33,13.0,20.0,40.0,0.0,-40.0
olaf,poppy,33,13.0,20.0,40.0,-40.0,-40.0
olaf,rakan,33,13.0,20.0,40.0,0.0,-40.0
olaf,rell,33,13.0,20.0,40.0,0.0,-40.0
olaf,renata glasc,33,13.0,20.0,40.0,35.0,-40.0
olaf,renekton,33,13.0,20.0,40.0,26.67,-40.0
olaf,rumble,33,13.0,20.0,40.0,0.0,-40.0
olaf,ryze,33,13.0,20.0,40.0,60.0,0.0
olaf,sejuani,33,13.0,20.0,40.0,-40.0,-6.67
olaf,senna,33,13.0,20.0,40.0,-40.0,-40.0
olaf,seraphine,33,13.0,20.0,40.0,0.0,60.0
olaf,shen,33,13.0,20.0,40.0,-40.0,-40.0
olaf,sion,33,13.0,20.0,40.0,-40.0,35.0
olaf,sivir,33,13.0,20.0,40.0,60.0,60.0
olaf,skarner,33,13.0,20.0,40.0,0.0,10.0
olaf,smolder,33,13.0,20.0,40.0,-40.0,-40.0
olaf,soraka,33,13.0,20.0,40.0,0.0,60.0
olaf,sylas,33,13.0,20.0,40.0,60.0,0.0
olaf,taliyah,33,13.0,20.0,40.0,10.0,0.0
olaf,trundle,33,13.0,20.0,40.0,-40.0,0.0
olaf,twisted fate,33,13.0,20.0,40.0,-6.67,0.0
olaf,varus,33,13.0,20.0,40.0,60.0,-6.67
olaf,veigar,33,13.0,20.0,40.0,0.0,-40.0
olaf,viego,33,13.0,20.0,40.0,0.0,60.0
olaf,viktor,33,13.0,20.0,40.0,-40.0,10.0
olaf,wukong,33,13.0,20.0,40.0,-40.0,26.67
olaf,xin zhao,33,13.0,20.0,40.0,-40.0,10.0
olaf,yone,33,13.0,20.0,40.0,0.0,10.0
olaf,yorick,33,13.0,20.0,40.0,60.0,-40.0
olaf,yunara,33,13.0,20.0,40.0,-40.0,0.0
olaf,zac,33,13.0,20.0,40.0,-40.0,0.0
olaf,zed,33,13.0,20.0,40.0,0.0,10.0
olaf,ziggs,33,13.0,20.0,40.0,-40.0,10.0
olaf,zoe,33,13.0,20.0,40.0,0.0,60.0
twitch,aatrox,7,3.0,4.0,50.0,0.0,-50.0
twitch,ahri,7,3.0,4.0,50.0,0.0,-50.0
twitch,ambessa,7,3.0,4.0,50.0,-50.0,0.0
twitch,aurora,7,3.0,4.0,50.0,0.0,50.0
twitch,azir,7,3.0,4.0,50.0,0.0,-50.0
twitch,blitzcrank,7,3.0,4.0,50.0,0.0,-50.0
twitch,elise,7,3.0,4.0,50.0,50.0,0.0
twitch,ezreal,7,3.0,4.0,50.0,0.0,50.0
twitch,galio,7,3.0,4.0,50.0,0.0,50.0
twitch,ivern,7,3.0,4.0,50.0,50.0,0.0
twitch,jax,7,3.0,4.0,50.0,50.0,0.0
twitch,jinx,7,3.0,4.0,50.0,0.0,0.0
twitch,kennen,7,3.0,4.0,50.0,-50.0,0.0
twitch,leona,7,3.0,4.0,50.0,0.0,50.0
twitch,lulu,7,3.0,4.0,50.0,-50.0,0.0
twitch,nautilus,7,3.0,4.0,50.0,50.0,0.0
twitch,nidalee,7,3.0,4.0,50.0,0.0,-50.0
twitch,nocturne,7,3.0,4.0,50.0,50.0,0.0
twitch,pantheon,7,3.0,4.0,50.0,-50.0,50.0
twitch,poppy,7,3.0,4.0,50.0,0.0,-50.0
twitch,qiyana,7,3.0,4.0,50.0,0.0,50.0
twitch,reksai,7,3.0,4.0,50.0,0.0,50.0
twitch,sejuani,7,3.0,4.0,50.0,-50.0,0.0
twitch,sion,7,3.0,4.0,50.0,50.0,0.0
twitch,sylas,7,3.0,4.0,50.0,-16.67,0.0
twitch,taliyah,7,3.0,4.0,50.0,0.0,50.0
twitch,vi,7,3.0,4.0,50.0,0.0,50.0
twitch,viego,7,3.0,4.0,50.0,-50.0,-50.0
twitch,viktor,7,3.0,4.0,50.0,50.0,0.0
twitch,zeri,7,3.0,4.0,50.0,0.0,-50.0
tahm kench,aatrox,31,12.0,19.0,47.37,-47.37,52.63
tahm kench,ahri,31,12.0,19.0,47.37,52.63,52.63
tahm kench,alistar,31,12.0,19.0,47.37,0.0,-47.37
tahm kench,ambessa,31,12.0,19.0,47.37,-47.37,-14.04
tahm kench,annie,31,12.0,19.0,47.37,52.63,2.63
tahm kench,aphelios,31,12.0,19.0,47.37,0.0,-47.37
tahm kench,aurora,31,12.0,19.0,47.37,2.63,-47.37
tahm kench,bard,31,12.0,19.0,47.37,0.0,-47.37
tahm kench,caitlyn,31,12.0,19.0,47.37,52.63,52.63
tahm kench,camille,31,12.0,19.0,47.37,0.0,52.63
tahm kench,corki,31,12.0,19.0,47.37,0.0,-47.37
tahm kench,draven,31,12.0,19.0,47.37,0.0,52.63
tahm kench,ezreal,31,12.0,19.0,47.37,0.0,-47.37
tahm kench,galio,31,12.0,19.0,47.37,-47.37,0.0
tahm kench,gangplank,31,12.0,19.0,47.37,0.0,52.63
tahm kench,gwen,31,12.0,19.0,47.37,0.0,2.63
tahm kench,hwei,31,12.0,19.0,47.37,-47.37,0.0
tahm kench,jarvan iv,31,12.0,19.0,47.37,52.63,2.63
tahm kench,jax,31,12.0,19.0,47.37,52.63,-47.37
tahm kench,jayce,31,12.0,19.0,47.37,2.63,-47.37
tahm kench,jhin,31,12.0,19.0,47.37,-47.37,-47.37
tahm kench,jinx,31,12.0,19.0,47.37,24.06,0.0
tahm kench,kaisa,31,12.0,19.0,47.37,0.0,52.63
tahm kench,kalista,31,12.0,19.0,47.37,0.0,52.63
tahm kench,ksante,31,12.0,19.0,47.37,-14.04,2.63
tahm kench,lee sin,31,12.0,19.0,47.37,0.0,2.63
tahm kench,leona,31,12.0,19.0,47.37,0.0,-47.37
tahm kench,lillia,31,12.0,19.0,47.37,-47.37,-47.37
tahm kench,maokai,31,12.0,19.0,47.37,-47.37,0.0
tahm kench,miss fortune,31,12.0,19.0,47.37,0.0,2.63
tahm kench,morgana,31,12.0,19.0,47.37,0.0,52.63
tahm kench,naafiri,31,12.0,19.0,47.37,-47.37,0.0
tahm kench,nautilus,31,12.0,19.0,47.37,0.0,2.63
tahm kench,neeko,31,12.0,19.0,47.37,0.0,52.63
tahm kench,nidalee,31,12.0,19.0,47.37,52.63,0.0
tahm kench,nocturne,31,12.0,19.0,47.37,0.0,27.63
tahm kench,orianna,31,12.0,19.0,47.37,2.63,2.63
tahm kench,ornn,31,12.0,19.0,47.37,0.0,2.63
tahm kench,pyke,31,12.0,19.0,47.37,0.0,52.63
tahm kench,rakan,31,12.0,19.0,47.37,0.0,2.63
tahm kench,rell,31,12.0,19.0,47.37,0.0,-47.37
tahm kench,renekton,31,12.0,19.0,47.37,52.63,0.0
tahm kench,rumble,31,12.0,19.0,47.37,0.0,-47.37
tahm kench,ryze,31,12.0,19.0,47.37,19.3,0.0
tahm kench,sejuani,31,12.0,19.0,47.37,2.63,0.0
tahm kench,senna,31,12.0,19.0,47.37,-18.8,52.63
tahm kench,seraphine,31,12.0,19.0,47.37,0.0,52.63
tahm kench,sion,31,12.0,19.0,47.37,52.63,-47.37
tahm kench,sivir,31,12.0,19.0,47.37,0.0,52.63
tahm kench,skarner,31,12.0,19.0,47.37,2.63,0.0
tahm kench,smolder,31,12.0,19.0,47.37,-47.37,0.0
tahm kench,sylas,31,12.0,19.0,47.37,-47.37,2.63
tahm kench,syndra,31,12.0,19.0,47.37,0.0,-47.37
tahm kench,taliyah,31,12.0,19.0,47.37,0.0,52.63
tahm kench,thresh,31,12.0,19.0,47.37,0.0,-47.37
tahm kench,tristana,31,12.0,19.0,47.37,0.0,52.63
tahm kench,trundle,31,12.0,19.0,47.37,52.63,-47.37
tahm kench,twisted fate,31,12.0,19.0,47.37,0.0,-47.37
tahm kench,varus,31,12.0,19.0,47.37,2.63,0.0
tahm kench,vi,31,12.0,19.0,47.37,0.0,-14.04
tahm kench,viego,31,12.0,19.0,47.37,19.3,52.63
tahm kench,viktor,31,12.0,19.0,47.37,27.63,2.63
tahm kench,wukong,31,12.0,19.0,47.37,-47.37,2.63
tahm kench,xayah,31,12.0,19.0,47.37,0.0,2.63
tahm kench,xin zhao,31,12.0,19.0,47.37,52.63,-47.37
tahm kench,yorick,31,12.0,19.0,47.37,-14.04,52.63
tahm kench,yunara,31,12.0,19.0,47.37,-47.37,0.0
tahm kench,zeri,31,12.0,19.0,47.37,0.0,-47.37
tahm kench,zoe,31,12.0,19.0,47.37,-47.37,0.0
tahm kench,zyra,31,12.0,19.0,47.37,0.0,52.63
aatrox,ahri,177,31.0,146.0,48.63,7.62,5.22
aatrox,akali,177,31.0,146.0,48.63,24.1,-5.77
aatrox,alistar,177,31.0,146.0,48.63,-7.45,1.37
aatrox,ambessa,177,31.0,146.0,48.63,0.0,1.37
aatrox,annie,177,31.0,146.0,48.63,6.93,5.92
aatrox,aphelios,177,31.0,146.0,48.63,-48.63,51.37
aatrox,ashe,177,31.0,146.0,48.63,1.37,-18.63
aatrox,aurelion sol,177,31.0,146.0,48.63,-48.63,-48.63
aatrox,aurora,177,31.0,146.0,48.63,-6.96,1.37
aatrox,azir,177,31.0,146.0,48.63,-36.13,18.04
aatrox,bard,177,31.0,146.0,48.63,-48.63,6.93
aatrox,blitzcrank,177,31.0,146.0,48.63,0.0,51.37
aatrox,brand,177,31.0,146.0,48.63,-48.63,0.0
aatrox,braum,177,31.0,146.0,48.63,22.8,1.37
aatrox,caitlyn,177,31.0,146.0,48.63,18.04,-15.3
aatrox,camille,177,31.0,146.0,48.63,-48.63,-48.63
aatrox,cassiopeia,177,31.0,146.0,48.63,-48.63,0.0
aatrox,corki,177,31.0,146.0,48.63,-17.86,1.37
aatrox,diana,177,31.0,146.0,48.63,-48.63,51.37
aatrox,draven,177,31.0,146.0,48.63,0.0,51.37
aatrox,elise,177,31.0,146.0,48.63,-8.63,-48.63
aatrox,ezreal,177,31.0,146.0,48.63,-8.63,7.62
aatrox,galio,177,31.0,146.0,48.63,-15.3,1.37
aatrox,gnar,177,31.0,146.0,48.63,0.0,-12.92
aatrox,gragas,177,31.0,146.0,48.63,-15.3,1.37
aatrox,gwen,177,31.0,146.0,48.63,0.0,-48.63
aatrox,hwei,177,31.0,146.0,48.63,13.87,18.04
aatrox,ivern,177,31.0,146.0,48.63,1.37,0.0
aatrox,jarvan iv,177,31.0,146.0,48.63,22.8,1.37
aatrox,jax,177,31.0,146.0,48.63,-48.63,-15.3
aatrox,jayce,177,31.0,146.0,48.63,-48.63,-23.63
aatrox,jhin,177,31.0,146.0,48.63,-12.27,20.6
aatrox,jinx,177,31.0,146.0,48.63,1.37,-48.63
aatrox,kaisa,177,31.0,146.0,48.63,11.37,18.04
aatrox,kalista,177,31.0,146.0,48.63,1.37,26.37
aatrox,karma,177,31.0,146.0,48.63,18.04,1.37
aatrox,karthus,177,31.0,146.0,48.63,51.37,51.37
aatrox,kassadin,177,31.0,146.0,48.63,0.0,-48.63
aatrox,kennen,177,31.0,146.0,48.63,0.0,-8.63
aatrox,khazix,177,31.0,146.0,48.63,-48.63,0.0
aatrox,kindred,177,31.0,146.0,48.63,0.0,51.37
aatrox,kog,177,31.0,146.0,48.63,0.0,-48.63
aatrox,ksante,177,31.0,146.0,48.63,0.0,8.51
aatrox,lee sin,177,31.0,146.0,48.63,1.37,18.04
aatrox,leona,177,31.0,146.0,48.63,-18.63,6.93
aatrox,lillia,177,31.0,146.0,48.63,51.37,1.37
aatrox,lissandra,177,31.0,146.0,48.63,0.0,51.37
aatrox,lucian,177,31.0,146.0,48.63,-8.63,15.01
aatrox,lulu,177,31.0,146.0,48.63,0.0,-8.63
aatrox,maokai,177,31.0,146.0,48.63,-4.19,18.04
aatrox,milio,177,31.0,146.0,48.63,0.0,51.37
aatrox,miss fortune,177,31.0,146.0,48.63,26.37,-5.77
aatrox,mordekaiser,177,31.0,146.0,48.63,0.0,-48.63
aatrox,morgana,177,31.0,146.0,48.63,1.37,-48.63
aatrox,mundo,177,31.0,146.0,48.63,-48.63,0.0
aatrox,naafiri,177,31.0,146.0,48.63,-4.19,51.37
aatrox,nami,177,31.0,146.0,48.63,-48.63,-48.63
aatrox,nautilus,177,31.0,146.0,48.63,4.7,1.37
aatrox,neeko,177,31.0,146.0,48.63,13.27,-20.06
aatrox,nidalee,177,31.0,146.0,48.63,51.37,51.37
aatrox,nilah,177,31.0,146.0,48.63,51.37,0.0
aatrox,nocturne,177,31.0,146.0,48.63,-15.3,8.51
aatrox,olaf,177,31.0,146.0,48.63,-48.63,51.37
aatrox,orianna,177,31.0,146.0,48.63,13.87,-2.48
aatrox,ornn,177,31.0,146.0,48.63,0.0,1.37
aatrox,pantheon,177,31.0,146.0,48.63,1.37,-2.48
aatrox,poppy,177,31.0,146.0,48.63,5.92,-21.36
aatrox,pyke,177,31.0,146.0,48.63,-15.3,0.0
aatrox,qiyana,177,31.0,146.0,48.63,51.37,51.37
aatrox,rakan,177,31.0,146.0,48.63,-8.63,-5.77
aatrox,rell,177,31.0,146.0,48.63,6.93,-1.96
aatrox,renata glasc,177,31.0,146.0,48.63,31.37,1.37
aatrox,renekton,177,31.0,146.0,48.63,0.0,-7.72
aatrox,rumble,177,31.0,146.0,48.63,0.0,-5.77
aatrox,ryze,177,31.0,146.0,48.63,-3.18,-4.19
aatrox,sejuani,177,31.0,146.0,48.63,-10.17,-48.63
aatrox,senna,177,31.0,146.0,48.63,-5.77,18.04
aatrox,seraphine,177,31.0,146.0,48.63,-48.63,-48.63
aatrox,shen,177,31.0,146.0,48.63,51.37,1.37
aatrox,sion,177,31.0,146.0,48.63,0.0,11.37
aatrox,sivir,177,31.0,146.0,48.63,1.37,-25.55
aatrox,skarner,177,31.0,146.0,48.63,-4.19,-26.41
aatrox,smolder,177,31.0,146.0,48.63,1.37,1.37
aatrox,swain,177,31.0,146.0,48.63,-48.63,0.0
aatrox,sylas,177,31.0,146.0,48.63,-8.63,-4.19
aatrox,syndra,177,31.0,146.0,48.63,-48.63,-48.63
aatrox,tahm kench,177,31.0,146.0,48.63,-48.63,-48.63
aatrox,taliyah,177,31.0,146.0,48.63,19.79,-12.92
aatrox,taric,177,31.0,146.0,48.63,-48.63,0.0
aatrox,tristana,177,31.0,146.0,48.63,51.37,1.37
aatrox,trundle,177,31.0,146.0,48.63,-48.63,-1.96
aatrox,twisted fate,177,31.0,146.0,48.63,-48.63,-48.63
aatrox,twitch,177,31.0,146.0,48.63,0.0,51.37
aatrox,udyr,177,31.0,146.0,48.63,0.0,51.37
aatrox,varus,177,31.0,146.0,48.63,9.26,-15.3
aatrox,vayne,177,31.0,146.0,48.63,0.0,51.37
aatrox,vi,177,31.0,146.0,48.63,-3.18,-1.96
aatrox,viego,177,31.0,146.0,48.63,34.7,1.37
aatrox,viktor,177,31.0,146.0,48.63,-5.77,4.31
aatrox,warwick,177,31.0,146.0,48.63,0.0,51.37
aatrox,wukong,177,31.0,146.0,48.63,-1.57,-17.86
aatrox,xayah,177,31.0,146.0,48.63,-48.63,-11.13
aatrox,xin zhao,177,31.0,146.0,48.63,4.0,19.79
aatrox,yasuo,177,31.0,146.0,48.63,-48.63,0.0
aatrox,yone,177,31.0,146.0,48.63,8.51,-15.3
aatrox,yorick,177,31.0,146.0,48.63,0.0,-8.63
aatrox,yunara,177,31.0,146.0,48.63,31.37,-48.63
aatrox,zac,177,31.0,146.0,48.63,0.0,51.37
aatrox,zed,177,31.0,146.0,48.63,1.37,51.37
aatrox,zeri,177,31.0,146.0,48.63,1.37,1.37
aatrox,ziggs,177,31.0,146.0,48.63,-20.06,-8.63
aatrox,zilean,177,31.0,146.0,48.63,-48.63,0.0
aatrox,zoe,177,31.0,146.0,48.63,1.37,0.0
aatrox,zyra,177,31.0,146.0,48.63,-48.63,-48.63
senna,aatrox,197,99.0,98.0,47.96,-5.1,-14.63
senna,ahri,197,99.0,98.0,47.96,2.04,-47.96
senna,akali,197,99.0,98.0,47.96,52.04,-47.96
senna,alistar,197,99.0,98.0,47.96,7.04,-22.96
senna,ambessa,197,99.0,98.0,47.96,22.04,6.59
senna,annie,197,99.0,98.0,47.96,7.6,-2.51
senna,aphelios,197,99.0,98.0,47.96,0.0,-47.96
senna,ashe,197,99.0,98.0,47.96,0.0,-47.96
senna,aurora,197,99.0,98.0,47.96,-2.51,14.54
senna,azir,197,99.0,98.0,47.96,-31.29,14.54
senna,bard,197,99.0,98.0,47.96,12.04,2.04
senna,blitzcrank,197,99.0,98.0,47.96,0.0,-47.96
senna,brand,197,99.0,98.0,47.96,0.0,52.04
senna,braum,197,99.0,98.0,47.96,13.58,20.46
senna,caitlyn,197,99.0,98.0,47.96,0.0,-14.63
senna,camille,197,99.0,98.0,47.96,-22.96,52.04
senna,cassiopeia,197,99.0,98.0,47.96,2.04,0.0
senna,chogath,197,99.0,98.0,47.96,2.04,-47.96
senna,corki,197,99.0,98.0,47.96,52.04,-1.29
senna,diana,197,99.0,98.0,47.96,-47.96,0.0
senna,draven,197,99.0,98.0,47.96,0.0,52.04
senna,ezreal,197,99.0,98.0,47.96,0.0,-27.96
senna,galio,197,99.0,98.0,47.96,-2.51,-5.1
senna,gangplank,197,99.0,98.0,47.96,-47.96,52.04
senna,garen,197,99.0,98.0,47.96,52.04,0.0
senna,gnar,197,99.0,98.0,47.96,-14.63,12.04
senna,gragas,197,99.0,98.0,47.96,18.71,-47.96
senna,gwen,197,99.0,98.0,47.96,-11.6,9.18
senna,hwei,197,99.0,98.0,47.96,52.04,52.04
senna,jarvan iv,197,99.0,98.0,47.96,18.71,-14.63
senna,jax,197,99.0,98.0,47.96,2.04,2.04
senna,jayce,197,99.0,98.0,47.96,-5.1,18.71
senna,jhin,197,99.0,98.0,47.96,0.0,-14.63
senna,jinx,197,99.0,98.0,47.96,0.0,52.04
senna,kaisa,197,99.0,98.0,47.96,0.0,-47.96
senna,kalista,197,99.0,98.0,47.96,-47.96,-27.96
senna,karma,197,99.0,98.0,47.96,0.0,-22.96
senna,kindred,197,99.0,98.0,47.96,-47.96,52.04
senna,ksante,197,99.0,98.0,47.96,9.18,27.04
senna,lee sin,197,99.0,98.0,47.96,18.71,-47.96
senna,leona,197,99.0,98.0,47.96,2.04,2.04
senna,lillia,197,99.0,98.0,47.96,-14.63,2.04
senna,lucian,197,99.0,98.0,47.96,0.0,20.79
senna,lulu,197,99.0,98.0,47.96,0.0,-14.63
senna,maokai,197,99.0,98.0,47.96,-31.29,2.04
senna,miss fortune,197,99.0,98.0,47.96,0.0,18.71
senna,mordekaiser,197,99.0,98.0,47.96,0.0,-47.96
senna,morgana,197,99.0,98.0,47.96,0.0,52.04
senna,naafiri,197,99.0,98.0,47.96,2.04,-47.96
senna,nami,197,99.0,98.0,47.96,-47.96,0.0
senna,nautilus,197,99.0,98.0,47.96,7.21,23.47
senna,neeko,197,99.0,98.0,47.96,0.0,-7.96
senna,nidalee,197,99.0,98.0,47.96,52.04,-47.96
senna,nilah,197,99.0,98.0,47.96,52.04,0.0
senna,nocturne,197,99.0,98.0,47.96,18.71,-47.96
senna,olaf,197,99.0,98.0,47.96,-47.96,52.04
senna,orianna,197,99.0,98.0,47.96,2.04,2.04
senna,ornn,197,99.0,98.0,47.96,2.04,-31.29
senna,pantheon,197,99.0,98.0,47.96,23.47,-3.52
senna,poppy,197,99.0,98.0,47.96,-19.39,18.71
senna,rakan,197,99.0,98.0,47.96,-14.63,-14.63
senna,rell,197,99.0,98.0,47.96,-14.63,-3.52
senna,renata glasc,197,99.0,98.0,47.96,0.0,-14.63
senna,renekton,197,99.0,98.0,47.96,2.04,-10.46
senna,rumble,197,99.0,98.0,47.96,-6.29,-10.46
senna,ryze,197,99.0,98.0,47.96,2.04,2.04
senna,sejuani,197,99.0,98.0,47.96,-22.96,27.04
senna,seraphine,197,99.0,98.0,47.96,0.0,52.04
senna,sett,197,99.0,98.0,47.96,-47.96,0.0
senna,sion,197,99.0,98.0,47.96,-17.96,22.04
senna,sivir,197,99.0,98.0,47.96,0.0,-3.52
senna,skarner,197,99.0,98.0,47.96,-22.96,-3.52
senna,smolder,197,99.0,98.0,47.96,2.04,9.18
senna,swain,197,99.0,98.0,47.96,-47.96,-47.96
senna,sylas,197,99.0,98.0,47.96,-5.1,-14.63
senna,syndra,197,99.0,98.0,47.96,2.04,0.0
senna,tahm kench,197,99.0,98.0,47.96,-19.39,-47.96
senna,taliyah,197,99.0,98.0,47.96,12.04,-9.07
senna,thresh,197,99.0,98.0,47.96,-47.96,-47.96
senna,tristana,197,99.0,98.0,47.96,0.0,-14.63
senna,trundle,197,99.0,98.0,47.96,-11.6,2.04
senna,twisted fate,197,99.0,98.0,47.96,18.71,-14.63
senna,varus,197,99.0,98.0,47.96,0.0,2.04
senna,veigar,197,99.0,98.0,47.96,0.0,-47.96
senna,vi,197,99.0,98.0,47.96,2.04,14.54
senna,viego,197,99.0,98.0,47.96,18.71,2.04
senna,viktor,197,99.0,98.0,47.96,-14.63,22.04
senna,vladimir,197,99.0,98.0,47.96,-47.96,0.0
senna,wukong,197,99.0,98.0,47.96,12.04,-5.85
senna,xayah,197,99.0,98.0,47.96,0.0,12.04
senna,xin zhao,197,99.0,98.0,47.96,14.54,-1.81
senna,yasuo,197,99.0,98.0,47.96,-47.96,0.0
senna,yone,197,99.0,98.0,47.96,18.71,-7.96
senna,yorick,197,99.0,98.0,47.96,2.04,9.18
senna,yuumi,197,99.0,98.0,47.96,0.0,52.04
senna,zed,197,99.0,98.0,47.96,-14.63,-47.96
senna,zeri,197,99.0,98.0,47.96,0.0,12.04
senna,ziggs,197,99.0,98.0,47.96,0.0,52.04
senna,zyra,197,99.0,98.0,47.96,-47.96,2.04
ryze,aatrox,484,172.0,312.0,55.45,-10.0,0.11
ryze,ahri,484,172.0,312.0,55.45,0.0,3.09
ryze,akali,484,172.0,312.0,55.45,44.55,4.55
ryze,alistar,484,172.0,312.0,55.45,11.99,0.36
ryze,ambessa,484,172.0,312.0,55.45,-10.0,-5.45
ryze,amumu,484,172.0,312.0,55.45,-55.45,0.0
ryze,anivia,484,172.0,312.0,55.45,0.0,-5.45
ryze,annie,484,172.0,312.0,55.45,-55.45,6.09
ryze,aphelios,484,172.0,312.0,55.45,7.05,24.55
ryze,ashe,484,172.0,312.0,55.45,11.22,-15.45
ryze,aurora,484,172.0,312.0,55.45,19.55,3.25
ryze,azir,484,172.0,312.0,55.45,0.0,1.69
ryze,bard,484,172.0,312.0,55.45,14.55,1.69
ryze,blitzcrank,484,172.0,312.0,55.45,44.55,-22.12
ryze,brand,484,172.0,312.0,55.45,0.0,-5.45
ryze,braum,484,172.0,312.0,55.45,18.62,-10.29
ryze,caitlyn,484,172.0,312.0,55.45,1.69,-22.12
ryze,camille,484,172.0,312.0,55.45,-15.45,-12.59
ryze,cassiopeia,484,172.0,312.0,55.45,0.0,-0.45
ryze,chogath,484,172.0,312.0,55.45,-55.45,-22.12
ryze,corki,484,172.0,312.0,55.45,-17.95,15.98
ryze,draven,484,172.0,312.0,55.45,-15.45,11.22
ryze,elise,484,172.0,312.0,55.45,-35.45,-5.45
ryze,ezreal,484,172.0,312.0,55.45,-5.45,-5.45
ryze,fiddlesticks,484,172.0,312.0,55.45,0.0,-55.45
ryze,galio,484,172.0,312.0,55.45,11.22,-11.01
ryze,gangplank,484,172.0,312.0,55.45,-55.45,-55.45
ryze,gnar,484,172.0,312.0,55.45,-22.12,-1.6
ryze,gragas,484,172.0,312.0,55.45,27.88,44.55
ryze,gwen,484,172.0,312.0,55.45,-3.45,-14.82
ryze,hecarim,484,172.0,312.0,55.45,44.55,0.0
ryze,hwei,484,172.0,312.0,55.45,0.0,32.05
ryze,ivern,484,172.0,312.0,55.45,-55.45,0.0
ryze,jarvan iv,484,172.0,312.0,55.45,27.88,-28.78
ryze,jax,484,172.0,312.0,55.45,-2.51,5.66
ryze,jayce,484,172.0,312.0,55.45,6.62,9.93
ryze,jhin,484,172.0,312.0,55.45,-1.6,-11.01
ryze,jinx,484,172.0,312.0,55.45,44.55,14.55
ryze,kaisa,484,172.0,312.0,55.45,2.88,8.65
ryze,kalista,484,172.0,312.0,55.45,21.47,-8.08
ryze,karma,484,172.0,312.0,55.45,11.22,-5.45
ryze,kayle,484,172.0,312.0,55.45,44.55,0.0
ryze,kennen,484,172.0,312.0,55.45,11.22,0.0
ryze,kindred,484,172.0,312.0,55.45,-5.45,-5.45
ryze,kled,484,172.0,312.0,55.45,0.0,-55.45
ryze,ksante,484,172.0,312.0,55.45,4.55,12.55
ryze,leblanc,484,172.0,312.0,55.45,0.0,44.55
ryze,lee sin,484,172.0,312.0,55.45,21.47,19.55
ryze,leona,484,172.0,312.0,55.45,-5.45,6.09
ryze,lillia,484,172.0,312.0,55.45,-12.59,4.55
ryze,lucian,484,172.0,312.0,55.45,26.9,2.88
ryze,lulu,484,172.0,312.0,55.45,-26.88,4.55
ryze,maokai,484,172.0,312.0,55.45,15.98,27.88
ryze,milio,484,172.0,312.0,55.45,0.0,44.55
ryze,miss fortune,484,172.0,312.0,55.45,-14.54,26.9
ryze,mordekaiser,484,172.0,312.0,55.45,0.0,44.55
ryze,morgana,484,172.0,312.0,55.45,0.0,44.55
ryze,naafiri,484,172.0,312.0,55.45,3.93,4.55
ryze,nami,484,172.0,312.0,55.45,44.55,4.55
ryze,nasus,484,172.0,312.0,55.45,44.55,0.0
ryze,nautilus,484,172.0,312.0,55.45,-16.06,17.52
ryze,neeko,484,172.0,312.0,55.45,7.05,-7.06
ryze,nidalee,484,172.0,312.0,55.45,-22.12,14.55
ryze,nocturne,484,172.0,312.0,55.45,-26.88,30.26
ryze,olaf,484,172.0,312.0,55.45,44.55,0.0
ryze,orianna,484,172.0,312.0,55.45,0.0,-3.84
ryze,ornn,484,172.0,312.0,55.45,15.98,7.05
ryze,pantheon,484,172.0,312.0,55.45,-5.45,-7.3
ryze,poppy,484,172.0,312.0,55.45,17.63,1.07
ryze,pyke,484,172.0,312.0,55.45,44.55,-5.45
ryze,qiyana,484,172.0,312.0,55.45,44.55,44.55
ryze,rakan,484,172.0,312.0,55.45,-4.1,-10.0
ryze,reksai,484,172.0,312.0,55.45,44.55,0.0
ryze,rell,484,172.0,312.0,55.45,-25.72,-4.23
ryze,renata glasc,484,172.0,312.0,55.45,-2.12,3.64
ryze,renekton,484,172.0,312.0,55.45,23.12,-13.78
ryze,rumble,484,172.0,312.0,55.45,-15.45,0.8
ryze,sejuani,484,172.0,312.0,55.45,8.19,-3.45
ryze,senna,484,172.0,312.0,55.45,-5.45,-5.45
ryze,seraphine,484,172.0,312.0,55.45,-5.45,44.55
ryze,sett,484,172.0,312.0,55.45,44.55,44.55
ryze,shen,484,172.0,312.0,55.45,-5.45,-5.45
ryze,sion,484,172.0,312.0,55.45,2.88,7.71
ryze,sivir,484,172.0,312.0,55.45,-12.59,-0.9
ryze,skarner,484,172.0,312.0,55.45,-5.45,18.23
ryze,smolder,484,172.0,312.0,55.45,-15.45,0.0
ryze,sylas,484,172.0,312.0,55.45,11.22,-55.45
ryze,syndra,484,172.0,312.0,55.45,0.0,-22.12
ryze,tahm kench,484,172.0,312.0,55.45,11.22,0.0
ryze,taliyah,484,172.0,312.0,55.45,0.0,-26.04
ryze,thresh,484,172.0,312.0,55.45,-5.45,44.55
ryze,tristana,484,172.0,312.0,55.45,19.55,-5.45
ryze,trundle,484,172.0,312.0,55.45,-16.99,6.45
ryze,twisted fate,484,172.0,312.0,55.45,0.0,-15.45
ryze,udyr,484,172.0,312.0,55.45,-5.45,44.55
ryze,urgot,484,172.0,312.0,55.45,-55.45,0.0
ryze,varus,484,172.0,312.0,55.45,22.33,-9.74
ryze,vayne,484,172.0,312.0,55.45,44.55,0.0
ryze,vi,484,172.0,312.0,55.45,13.3,-14.27
ryze,viego,484,172.0,312.0,55.45,-13.34,27.88
ryze,viktor,484,172.0,312.0,55.45,44.55,1.69
ryze,vladimir,484,172.0,312.0,55.45,0.0,-55.45
ryze,volibear,484,172.0,312.0,55.45,0.0,-5.45
ryze,wukong,484,172.0,312.0,55.45,-3.84,5.66
ryze,xayah,484,172.0,312.0,55.45,-9.3,-5.45
ryze,xin zhao,484,172.0,312.0,55.45,0.11,-9.45
ryze,yasuo,484,172.0,312.0,55.45,44.55,0.0
ryze,yone,484,172.0,312.0,55.45,0.0,14.55
ryze,yorick,484,172.0,312.0,55.45,2.24,29.55
ryze,yunara,484,172.0,312.0,55.45,11.22,-17.95
ryze,zed,484,172.0,312.0,55.45,1.69,-22.12
ryze,zeri,484,172.0,312.0,55.45,-5.45,-5.45
ryze,ziggs,484,172.0,312.0,55.45,-5.45,4.55
ryze,zoe,484,172.0,312.0,55.45,0.0,-5.45
ryze,zyra,484,172.0,312.0,55.45,-55.45,11.22
mordekaiser,aatrox,18,7.0,11.0,54.55,0.0,45.45
mordekaiser,ahri,18,7.0,11.0,54.55,0.0,12.12
mordekaiser,akali,18,7.0,11.0,54.55,45.45,0.0
mordekaiser,alistar,18,7.0,11.0,54.55,0.0,-54.55
mordekaiser,ambessa,18,7.0,11.0,54.55,-54.55,0.0
mordekaiser,aurora,18,7.0,11.0,54.55,-54.55,45.45
mordekaiser,blitzcrank,18,7.0,11.0,54.55,0.0,45.45
mordekaiser,caitlyn,18,7.0,11.0,54.55,45.45,-54.55
mordekaiser,camille,18,7.0,11.0,54.55,0.0,-54.55
mordekaiser,corki,18,7.0,11.0,54.55,0.0,-54.55
mordekaiser,draven,18,7.0,11.0,54.55,-54.55,0.0
mordekaiser,elise,18,7.0,11.0,54.55,45.45,-54.55
mordekaiser,ezreal,18,7.0,11.0,54.55,-54.55,45.45
mordekaiser,galio,18,7.0,11.0,54.55,0.0,45.45
mordekaiser,gragas,18,7.0,11.0,54.55,0.0,45.45
mordekaiser,jhin,18,7.0,11.0,54.55,45.45,45.45
mordekaiser,kaisa,18,7.0,11.0,54.55,0.0,-54.55
mordekaiser,kalista,18,7.0,11.0,54.55,-54.55,0.0
mordekaiser,karma,18,7.0,11.0,54.55,45.45,45.45
mordekaiser,ksante,18,7.0,11.0,54.55,0.0,-54.55
mordekaiser,leona,18,7.0,11.0,54.55,-4.55,0.0
mordekaiser,lucian,18,7.0,11.0,54.55,0.0,45.45
mordekaiser,lulu,18,7.0,11.0,54.55,45.45,-54.55
mordekaiser,maokai,18,7.0,11.0,54.55,0.0,45.45
mordekaiser,mel,18,7.0,11.0,54.55,45.45,0.0
mordekaiser,miss fortune,18,7.0,11.0,54.55,45.45,0.0
mordekaiser,naafiri,18,7.0,11.0,54.55,0.0,-21.22
mordekaiser,nami,18,7.0,11.0,54.55,0.0,45.45
mordekaiser,nautilus,18,7.0,11.0,54.55,-54.55,0.0
mordekaiser,neeko,18,7.0,11.0,54.55,-21.22,-54.55
mordekaiser,nidalee,18,7.0,11.0,54.55,-54.55,0.0
mordekaiser,nocturne,18,7.0,11.0,54.55,-54.55,0.0
mordekaiser,orianna,18,7.0,11.0,54.55,45.45,0.0
mordekaiser,pantheon,18,7.0,11.0,54.55,45.45,-54.55
mordekaiser,poppy,18,7.0,11.0,54.55,-4.55,12.12
mordekaiser,pyke,18,7.0,11.0,54.55,0.0,45.45
mordekaiser,rell,18,7.0,11.0,54.55,0.0,45.45
mordekaiser,renata glasc,18,7.0,11.0,54.55,-54.55,0.0
mordekaiser,ryze,18,7.0,11.0,54.55,0.0,-54.55
mordekaiser,sejuani,18,7.0,11.0,54.55,0.0,-54.55
mordekaiser,senna,18,7.0,11.0,54.55,0.0,45.45
mordekaiser,sion,18,7.0,11.0,54.55,0.0,-4.55
mordekaiser,sivir,18,7.0,11.0,54.55,-4.55,0.0
mordekaiser,skarner,18,7.0,11.0,54.55,-4.55,0.0
mordekaiser,swain,18,7.0,11.0,54.55,45.45,0.0
mordekaiser,sylas,18,7.0,11.0,54.55,0.0,45.45
mordekaiser,taliyah,18,7.0,11.0,54.55,-54.55,0.0
mordekaiser,trundle,18,7.0,11.0,54.55,0.0,-54.55
mordekaiser,twisted fate,18,7.0,11.0,54.55,0.0,-4.55
mordekaiser,varus,18,7.0,11.0,54.55,0.0,45.45
mordekaiser,vi,18,7.0,11.0,54.55,-4.55,45.45
mordekaiser,viktor,18,7.0,11.0,54.55,-4.55,0.0
mordekaiser,xin zhao,18,7.0,11.0,54.55,45.45,45.45
mordekaiser,yone,18,7.0,11.0,54.55,0.0,-54.55
mordekaiser,yorick,18,7.0,11.0,54.55,0.0,12.12
mordekaiser,yunara,18,7.0,11.0,54.55,0.0,-54.55
mordekaiser,zeri,18,7.0,11.0,54.55,45.45,0.0
sivir,aatrox,309,129.0,180.0,52.22,-2.22,24.7
sivir,ahri,309,129.0,180.0,52.22,3.34,32.4
sivir,akali,309,129.0,180.0,52.22,31.11,31.11
sivir,alistar,309,129.0,180.0,52.22,-6.22,-22.22
sivir,ambessa,309,129.0,180.0,52.22,6.11,0.41
sivir,amumu,309,129.0,180.0,52.22,-52.22,0.0
sivir,annie,309,129.0,180.0,52.22,0.72,-22.81
sivir,aphelios,309,129.0,180.0,52.22,0.0,47.78
sivir,aurelion sol,309,129.0,180.0,52.22,-52.22,-52.22
sivir,aurora,309,129.0,180.0,52.22,-4.85,3.34
sivir,azir,309,129.0,180.0,52.22,-15.86,-10.55
sivir,bard,309,129.0,180.0,52.22,7.78,-6.77
sivir,blitzcrank,309,129.0,180.0,52.22,47.78,-52.22
sivir,brand,309,129.0,180.0,52.22,0.0,47.78
sivir,braum,309,129.0,180.0,52.22,12.07,-6.07
sivir,caitlyn,309,129.0,180.0,52.22,0.0,47.78
sivir,camille,309,129.0,180.0,52.22,-18.89,47.78
sivir,cassiopeia,309,129.0,180.0,52.22,0.0,14.45
sivir,chogath,309,129.0,180.0,52.22,-18.89,-2.22
sivir,corki,309,129.0,180.0,52.22,-2.22,-6.77
sivir,draven,309,129.0,180.0,52.22,0.0,47.78
sivir,elise,309,129.0,180.0,52.22,0.0,14.45
sivir,ezreal,309,129.0,180.0,52.22,0.0,1.11
sivir,fiora,309,129.0,180.0,52.22,0.0,47.78
sivir,galio,309,129.0,180.0,52.22,19.21,1.11
sivir,gnar,309,129.0,180.0,52.22,-27.22,-18.89
sivir,gragas,309,129.0,180.0,52.22,-52.22,-2.22
sivir,gwen,309,129.0,180.0,52.22,0.72,6.6
sivir,hwei,309,129.0,180.0,52.22,0.0,-52.22
sivir,ivern,309,129.0,180.0,52.22,0.0,22.78
sivir,janna,309,129.0,180.0,52.22,0.0,47.78
sivir,jarvan iv,309,129.0,180.0,52.22,-5.16,-36.84
sivir,jax,309,129.0,180.0,52.22,-6.77,36.67
sivir,jayce,309,129.0,180.0,52.22,-18.89,-27.22
sivir,jhin,309,129.0,180.0,52.22,0.0,10.28
sivir,jinx,309,129.0,180.0,52.22,0.0,-9.36
sivir,kaisa,309,129.0,180.0,52.22,0.0,-14.29
sivir,kalista,309,129.0,180.0,52.22,0.0,47.78
sivir,karma,309,129.0,180.0,52.22,7.78,-27.22
sivir,karthus,309,129.0,180.0,52.22,0.0,-2.22
sivir,kassadin,309,129.0,180.0,52.22,47.78,0.0
sivir,kennen,309,129.0,180.0,52.22,47.78,0.0
sivir,kindred,309,129.0,180.0,52.22,47.78,0.0
sivir,kled,309,129.0,180.0,52.22,0.0,-52.22
sivir,ksante,309,129.0,180.0,52.22,-11.04,-25.55
sivir,leblanc,309,129.0,180.0,52.22,0.0,-52.22
sivir,lee sin,309,129.0,180.0,52.22,47.78,-18.89
sivir,leona,309,129.0,180.0,52.22,-4.85,20.51
sivir,lillia,309,129.0,180.0,52.22,-2.22,-18.89
sivir,lissandra,309,129.0,180.0,52.22,47.78,0.0
sivir,lucian,309,129.0,180.0,52.22,0.0,14.45
sivir,lulu,309,129.0,180.0,52.22,-18.89,-9.36
sivir,maokai,309,129.0,180.0,52.22,4.92,19.21
sivir,mel,309,129.0,180.0,52.22,0.0,47.78
sivir,milio,309,129.0,180.0,52.22,-52.22,0.0
sivir,miss fortune,309,129.0,180.0,52.22,0.0,-18.89
sivir,mordekaiser,309,129.0,180.0,52.22,-2.22,0.0
sivir,morgana,309,129.0,180.0,52.22,-52.22,0.0
sivir,naafiri,309,129.0,180.0,52.22,7.78,-18.89
sivir,nautilus,309,129.0,180.0,52.22,-10.55,7.78
sivir,neeko,309,129.0,180.0,52.22,-2.22,7.78
sivir,nidalee,309,129.0,180.0,52.22,-52.22,-52.22
sivir,nocturne,309,129.0,180.0,52.22,-12.22,31.11
sivir,olaf,309,129.0,180.0,52.22,47.78,-52.22
sivir,orianna,309,129.0,180.0,52.22,14.45,-16.93
sivir,ornn,309,129.0,180.0,52.22,-2.22,-2.22
sivir,pantheon,309,129.0,180.0,52.22,24.7,-5.16
sivir,poppy,309,129.0,180.0,52.22,27.78,7.78
sivir,pyke,309,129.0,180.0,52.22,0.0,-52.22
sivir,qiyana,309,129.0,180.0,52.22,47.78,-52.22
sivir,rakan,309,129.0,180.0,52.22,17.01,-5.16
sivir,reksai,309,129.0,180.0,52.22,47.78,-52.22
sivir,rell,309,129.0,180.0,52.22,4.3,4.92
sivir,renata glasc,309,129.0,180.0,52.22,-52.22,3.34
sivir,renekton,309,129.0,180.0,52.22,10.28,-30.0
sivir,rumble,309,129.0,180.0,52.22,6.4,7.78
sivir,ryze,309,129.0,180.0,52.22,-9.36,-6.77
sivir,sejuani,309,129.0,180.0,52.22,14.45,-14.72
sivir,senna,309,129.0,180.0,52.22,0.0,3.34
sivir,seraphine,309,129.0,180.0,52.22,0.0,47.78
sivir,sett,309,129.0,180.0,52.22,-52.22,0.0
sivir,shen,309,129.0,180.0,52.22,-2.22,47.78
sivir,shyvana,309,129.0,180.0,52.22,0.0,-52.22
sivir,sion,309,129.0,180.0,52.22,3.78,0.16
sivir,skarner,309,129.0,180.0,52.22,-2.22,1.63
sivir,smolder,309,129.0,180.0,52.22,0.0,47.78
sivir,sylas,309,129.0,180.0,52.22,-18.89,-7.78
sivir,syndra,309,129.0,180.0,52.22,0.0,-52.22
sivir,tahm kench,309,129.0,180.0,52.22,0.0,-52.22
sivir,taliyah,309,129.0,180.0,52.22,7.04,-0.22
sivir,taric,309,129.0,180.0,52.22,0.0,-52.22
sivir,thresh,309,129.0,180.0,52.22,-52.22,47.78
sivir,tristana,309,129.0,180.0,52.22,-52.22,-2.22
sivir,trundle,309,129.0,180.0,52.22,-7.78,-8.47
sivir,twisted fate,309,129.0,180.0,52.22,0.0,-2.22
sivir,udyr,309,129.0,180.0,52.22,-52.22,0.0
sivir,varus,309,129.0,180.0,52.22,0.0,4.03
sivir,vayne,309,129.0,180.0,52.22,0.0,-52.22
sivir,vi,309,129.0,180.0,52.22,4.92,19.21
sivir,viego,309,129.0,180.0,52.22,14.45,-2.22
sivir,viktor,309,129.0,180.0,52.22,-9.36,17.78
sivir,wukong,309,129.0,180.0,52.22,-6.77,11.78
sivir,xayah,309,129.0,180.0,52.22,0.0,11.42
sivir,xin zhao,309,129.0,180.0,52.22,-3.74,4.45
sivir,yasuo,309,129.0,180.0,52.22,0.0,47.78
sivir,yone,309,129.0,180.0,52.22,-2.22,-2.22
sivir,yorick,309,129.0,180.0,52.22,-12.22,1.63
sivir,yunara,309,129.0,180.0,52.22,0.0,-12.22
sivir,yuumi,309,129.0,180.0,52.22,0.0,-52.22
sivir,zed,309,129.0,180.0,52.22,-27.22,47.78
sivir,zeri,309,129.0,180.0,52.22,0.0,-2.22
sivir,ziggs,309,129.0,180.0,52.22,0.0,-2.22
sivir,zilean,309,129.0,180.0,52.22,0.0,47.78
sivir,zoe,309,129.0,180.0,52.22,47.78,0.0
sivir,zyra,309,129.0,180.0,52.22,47.78,-52.22
swain,aatrox,13,2.0,11.0,63.64,-63.64,0.0
swain,ahri,13,2.0,11.0,63.64,0.0,-13.64
swain,alistar,13,2.0,11.0,63.64,0.0,36.36
swain,ambessa,13,2.0,11.0,63.64,-63.64,36.36
swain,ashe,13,2.0,11.0,63.64,0.0,-13.64
swain,aurora,13,2.0,11.0,63.64,0.0,-63.64
swain,bard,13,2.0,11.0,63.64,0.0,36.36
swain,blitzcrank,13,2.0,11.0,63.64,36.36,0.0
swain,braum,13,2.0,11.0,63.64,36.36,36.36
swain,caitlyn,13,2.0,11.0,63.64,36.36,0.0
swain,draven,13,2.0,11.0,63.64,36.36,0.0
swain,elise,13,2.0,11.0,63.64,36.36,-63.64
swain,galio,13,2.0,11.0,63.64,0.0,36.36
swain,gangplank,13,2.0,11.0,63.64,0.0,36.36
swain,gnar,13,2.0,11.0,63.64,36.36,0.0
swain,gragas,13,2.0,11.0,63.64,36.36,36.36
swain,gwen,13,2.0,11.0,63.64,0.0,36.36
swain,jarvan iv,13,2.0,11.0,63.64,36.36,0.0
swain,jax,13,2.0,11.0,63.64,0.0,36.36
swain,jayce,13,2.0,11.0,63.64,36.36,-63.64
swain,jhin,13,2.0,11.0,63.64,36.36,36.36
swain,kaisa,13,2.0,11.0,63.64,-13.64,0.0
swain,karma,13,2.0,11.0,63.64,-63.64,0.0
swain,kindred,13,2.0,11.0,63.64,36.36,36.36
swain,ksante,13,2.0,11.0,63.64,-63.64,36.36
swain,lee sin,13,2.0,11.0,63.64,0.0,36.36
swain,leona,13,2.0,11.0,63.64,0.0,36.36
swain,lillia,13,2.0,11.0,63.64,0.0,-63.64
swain,lissandra,13,2.0,11.0,63.64,0.0,36.36
swain,lucian,13,2.0,11.0,63.64,-13.64,0.0
swain,lulu,13,2.0,11.0,63.64,0.0,-63.64
swain,maokai,13,2.0,11.0,63.64,36.36,0.0
swain,miss fortune,13,2.0,11.0,63.64,36.36,36.36
swain,mordekaiser,13,2.0,11.0,63.64,36.36,0.0
swain,naafiri,13,2.0,11.0,63.64,-63.64,0.0
swain,nautilus,13,2.0,11.0,63.64,-63.64,-63.64
swain,neeko,13,2.0,11.0,63.64,0.0,36.36
swain,pantheon,13,2.0,11.0,63.64,-63.64,-63.64
swain,pyke,13,2.0,11.0,63.64,0.0,36.36
swain,qiyana,13,2.0,11.0,63.64,0.0,36.36
swain,rakan,13,2.0,11.0,63.64,-13.64,-63.64
swain,rell,13,2.0,11.0,63.64,36.36,0.0
swain,renekton,13,2.0,11.0,63.64,0.0,-13.64
swain,rumble,13,2.0,11.0,63.64,0.0,-63.64
swain,sejuani,13,2.0,11.0,63.64,-63.64,36.36
swain,senna,13,2.0,11.0,63.64,-63.64,36.36
swain,sion,13,2.0,11.0,63.64,0.0,-63.64
swain,sylas,13,2.0,11.0,63.64,-63.64,0.0
swain,taliyah,13,2.0,11.0,63.64,0.0,-13.64
swain,thresh,13,2.0,11.0,63.64,0.0,36.36
swain,tristana,13,2.0,11.0,63.64,36.36,-13.64
swain,trundle,13,2.0,11.0,63.64,36.36,0.0
swain,udyr,13,2.0,11.0,63.64,36.36,0.0
swain,varus,13,2.0,11.0,63.64,-63.64,-63.64
swain,vi,13,2.0,11.0,63.64,36.36,-13.64
swain,viktor,13,2.0,11.0,63.64,0.0,36.36
swain,wukong,13,2.0,11.0,63.64,36.36,0.0
swain,xayah,13,2.0,11.0,63.64,0.0,-63.64
swain,xin zhao,13,2.0,11.0,63.64,-13.64,0.0
swain,zed,13,2.0,11.0,63.64,0.0,36.36
swain,ziggs,13,2.0,11.0,63.64,-63.64,0.0
volibear,ahri,17,4.0,13.0,46.15,-46.15,0.0
volibear,ambessa,17,4.0,13.0,46.15,0.0,-46.15
volibear,annie,17,4.0,13.0,46.15,-46.15,0.0
volibear,ashe,17,4.0,13.0,46.15,-46.15,0.0
volibear,aurora,17,4.0,13.0,46.15,53.85,-46.15
volibear,azir,17,4.0,13.0,46.15,0.0,28.85
volibear,bard,17,4.0,13.0,46.15,0.0,-12.82
volibear,blitzcrank,17,4.0,13.0,46.15,-46.15,53.85
volibear,braum,17,4.0,13.0,46.15,-21.15,-46.15
volibear,caitlyn,17,4.0,13.0,46.15,53.85,-46.15
volibear,camille,17,4.0,13.0,46.15,-46.15,0.0
volibear,ezreal,17,4.0,13.0,46.15,53.85,-46.15
volibear,galio,17,4.0,13.0,46.15,53.85,0.0
volibear,gragas,17,4.0,13.0,46.15,0.0,-46.15
volibear,gwen,17,4.0,13.0,46.15,3.85,-46.15
volibear,hwei,17,4.0,13.0,46.15,0.0,53.85
volibear,jarvan iv,17,4.0,13.0,46.15,0.0,-46.15
volibear,jax,17,4.0,13.0,46.15,-12.82,0.0
volibear,jayce,17,4.0,13.0,46.15,0.0,53.85
volibear,jhin,17,4.0,13.0,46.15,-46.15,-12.82
volibear,jinx,17,4.0,13.0,46.15,53.85,0.0
volibear,kaisa,17,4.0,13.0,46.15,3.85,53.85
volibear,karma,17,4.0,13.0,46.15,53.85,-46.15
volibear,kennen,17,4.0,13.0,46.15,0.0,3.85
volibear,ksante,17,4.0,13.0,46.15,-46.15,53.85
volibear,leblanc,17,4.0,13.0,46.15,-46.15,0.0
volibear,lee sin,17,4.0,13.0,46.15,0.0,53.85
volibear,leona,17,4.0,13.0,46.15,-46.15,0.0
volibear,lillia,17,4.0,13.0,46.15,0.0,53.85
volibear,lulu,17,4.0,13.0,46.15,3.85,53.85
volibear,maokai,17,4.0,13.0,46.15,0.0,53.85
volibear,miss fortune,17,4.0,13.0,46.15,-46.15,53.85
volibear,neeko,17,4.0,13.0,46.15,-46.15,53.85
volibear,pantheon,17,4.0,13.0,46.15,-46.15,0.0
volibear,poppy,17,4.0,13.0,46.15,0.0,-46.15
volibear,rakan,17,4.0,13.0,46.15,53.85,53.85
volibear,renekton,17,4.0,13.0,46.15,0.0,-46.15
volibear,rumble,17,4.0,13.0,46.15,53.85,0.0
volibear,ryze,17,4.0,13.0,46.15,0.0,3.85
volibear,sejuani,17,4.0,13.0,46.15,0.0,53.85
volibear,seraphine,17,4.0,13.0,46.15,53.85,0.0
volibear,sett,17,4.0,13.0,46.15,53.85,0.0
volibear,sion,17,4.0,13.0,46.15,53.85,53.85
volibear,skarner,17,4.0,13.0,46.15,0.0,53.85
volibear,smolder,17,4.0,13.0,46.15,-46.15,-46.15
volibear,sylas,17,4.0,13.0,46.15,28.85,0.0
volibear,taliyah,17,4.0,13.0,46.15,53.85,0.0
volibear,tristana,17,4.0,13.0,46.15,0.0,53.85
volibear,tryndamere,17,4.0,13.0,46.15,0.0,53.85
volibear,urgot,17,4.0,13.0,46.15,0.0,53.85
volibear,varus,17,4.0,13.0,46.15,0.0,-46.15
volibear,vi,17,4.0,13.0,46.15,0.0,-46.15
volibear,viego,17,4.0,13.0,46.15,0.0,53.85
volibear,viktor,17,4.0,13.0,46.15,-46.15,-46.15
volibear,wukong,17,4.0,13.0,46.15,0.0,-46.15
volibear,xayah,17,4.0,13.0,46.15,-46.15,53.85
volibear,xin zhao,17,4.0,13.0,46.15,-46.15,-12.82
volibear,yone,17,4.0,13.0,46.15,-46.15,0.0
volibear,yorick,17,4.0,13.0,46.15,0.0,53.85
volibear,yunara,17,4.0,13.0,46.15,53.85,0.0
volibear,zac,17,4.0,13.0,46.15,0.0,-46.15
volibear,zeri,17,4.0,13.0,46.15,0.0,-46.15
volibear,ziggs,17,4.0,13.0,46.15,3.85,0.0
gwen,aatrox,942,656.0,286.0,51.75,0.0,48.25
gwen,ahri,942,656.0,286.0,51.75,-6.59,14.92
gwen,akali,942,656.0,286.0,51.75,-1.75,-7.31
gwen,alistar,942,656.0,286.0,51.75,11.41,-3.75
gwen,ambessa,942,656.0,286.0,51.75,0.0,6.03
gwen,annie,942,656.0,286.0,51.75,-1.75,-23.75
gwen,aphelios,942,656.0,286.0,51.75,0.0,48.25
gwen,ashe,942,656.0,286.0,51.75,5.39,48.25
gwen,aurelion sol,942,656.0,286.0,51.75,48.25,-1.75
gwen,aurora,942,656.0,286.0,51.75,-8.0,-4.38
gwen,azir,942,656.0,286.0,51.75,17.48,-4.25
gwen,bard,942,656.0,286.0,51.75,8.25,3.81
gwen,blitzcrank,942,656.0,286.0,51.75,48.25,-51.75
gwen,braum,942,656.0,286.0,51.75,-14.25,-3.36
gwen,caitlyn,942,656.0,286.0,51.75,-1.75,-26.75
gwen,cassiopeia,942,656.0,286.0,51.75,0.0,23.25
gwen,chogath,942,656.0,286.0,51.75,0.0,48.25
gwen,corki,942,656.0,286.0,51.75,-3.83,2.42
gwen,diana,942,656.0,286.0,51.75,0.0,48.25
gwen,draven,942,656.0,286.0,51.75,-1.75,48.25
gwen,ekko,942,656.0,286.0,51.75,-51.75,0.0
gwen,elise,942,656.0,286.0,51.75,-1.75,0.0
gwen,ezreal,942,656.0,286.0,51.75,-3.47,1.58
gwen,fiddlesticks,942,656.0,286.0,51.75,48.25,0.0
gwen,fiora,942,656.0,286.0,51.75,0.0,-1.75
gwen,galio,942,656.0,286.0,51.75,9.79,35.75
gwen,gnar,942,656.0,286.0,51.75,0.0,10.75
gwen,gragas,942,656.0,286.0,51.75,-51.75,-31.75
gwen,hwei,942,656.0,286.0,51.75,-51.75,14.92
gwen,ivern,942,656.0,286.0,51.75,-51.75,-1.75
gwen,jarvan iv,942,656.0,286.0,51.75,31.58,-33.57
gwen,jax,942,656.0,286.0,51.75,48.25,2.8
gwen,jayce,942,656.0,286.0,51.75,48.25,-3.27
gwen,jhin,942,656.0,286.0,51.75,6.25,14.92
gwen,jinx,942,656.0,286.0,51.75,8.25,48.25
gwen,kaisa,942,656.0,286.0,51.75,14.92,-8.57
gwen,kalista,942,656.0,286.0,51.75,-26.75,14.92
gwen,karma,942,656.0,286.0,51.75,23.25,-26.75
gwen,kennen,942,656.0,286.0,51.75,0.0,-51.75
gwen,ksante,942,656.0,286.0,51.75,0.0,-51.75
gwen,leblanc,942,656.0,286.0,51.75,0.0,-1.75
gwen,lee sin,942,656.0,286.0,51.75,-1.75,48.25
gwen,leona,942,656.0,286.0,51.75,-8.89,11.89
gwen,lillia,942,656.0,286.0,51.75,48.25,-1.75
gwen,lucian,942,656.0,286.0,51.75,-18.42,1.19
gwen,lulu,942,656.0,286.0,51.75,-14.25,-11.75
gwen,malzahar,942,656.0,286.0,51.75,-51.75,0.0
gwen,maokai,942,656.0,286.0,51.75,-29.53,10.75
gwen,mel,942,656.0,286.0,51.75,0.0,48.25
gwen,milio,942,656.0,286.0,51.75,-51.75,0.0
gwen,miss fortune,942,656.0,286.0,51.75,4.77,-8.27
gwen,mundo,942,656.0,286.0,51.75,48.25,0.0
gwen,naafiri,942,656.0,286.0,51.75,8.25,1.58
gwen,nami,942,656.0,286.0,51.75,48.25,48.25
gwen,nautilus,942,656.0,286.0,51.75,-13.29,18.25
gwen,neeko,942,656.0,286.0,51.75,17.48,7.34
gwen,nidalee,942,656.0,286.0,51.75,48.25,-35.08
gwen,nocturne,942,656.0,286.0,51.75,-11.75,8.25
gwen,orianna,942,656.0,286.0,51.75,-16.46,-18.42
gwen,ornn,942,656.0,286.0,51.75,0.0,14.92
gwen,pantheon,942,656.0,286.0,51.75,-3.47,-3.92
gwen,poppy,942,656.0,286.0,51.75,-4.38,-11.12
gwen,rakan,942,656.0,286.0,51.75,8.25,-9.64
gwen,rell,942,656.0,286.0,51.75,-2.77,-0.73
gwen,renata glasc,942,656.0,286.0,51.75,-5.6,19.68
gwen,renekton,942,656.0,286.0,51.75,0.0,-51.75
gwen,rumble,942,656.0,286.0,51.75,-51.75,-1.24
gwen,ryze,942,656.0,286.0,51.75,0.25,7.63
gwen,sejuani,942,656.0,286.0,51.75,0.25,26.82
gwen,senna,942,656.0,286.0,51.75,-15.39,-8.89
gwen,seraphine,942,656.0,286.0,51.75,0.0,48.25
gwen,sett,942,656.0,286.0,51.75,0.0,48.25
gwen,shen,942,656.0,286.0,51.75,14.92,48.25
gwen,sion,942,656.0,286.0,51.75,0.0,-1.75
gwen,sivir,942,656.0,286.0,51.75,1.19,-10.57
gwen,skarner,942,656.0,286.0,51.75,5.94,2.8
gwen,smolder,942,656.0,286.0,51.75,-18.42,0.0
gwen,swain,942,656.0,286.0,51.75,0.0,-51.75
gwen,sylas,942,656.0,286.0,51.75,14.92,5.39
gwen,syndra,942,656.0,286.0,51.75,-1.75,0.0
gwen,tahm kench,942,656.0,286.0,51.75,0.0,-1.75
gwen,taliyah,942,656.0,286.0,51.75,5.15,-12.86
gwen,taric,942,656.0,286.0,51.75,-51.75,0.0
gwen,thresh,942,656.0,286.0,51.75,-51.75,0.0
gwen,tristana,942,656.0,286.0,51.75,-18.42,5.39
gwen,trundle,942,656.0,286.0,51.75,-39.25,6.14
gwen,tryndamere,942,656.0,286.0,51.75,-51.75,0.0
gwen,twisted fate,942,656.0,286.0,51.75,0.0,48.25
gwen,varus,942,656.0,286.0,51.75,3.81,4.35
gwen,vayne,942,656.0,286.0,51.75,0.0,48.25
gwen,vi,942,656.0,286.0,51.75,-0.14,-8.42
gwen,viego,942,656.0,286.0,51.75,14.92,-1.75
gwen,viktor,942,656.0,286.0,51.75,5.39,6.58
gwen,vladimir,942,656.0,286.0,51.75,0.0,48.25
gwen,volibear,942,656.0,286.0,51.75,-1.75,48.25
gwen,wukong,942,656.0,286.0,51.75,0.88,-11.27
gwen,xayah,942,656.0,286.0,51.75,-4.13,-6.3
gwen,xin zhao,942,656.0,286.0,51.75,0.71,4.66
gwen,yasuo,942,656.0,286.0,51.75,0.0,-1.75
gwen,yone,942,656.0,286.0,51.75,7.34,10.75
gwen,yorick,942,656.0,286.0,51.75,0.0,48.25
gwen,yunara,942,656.0,286.0,51.75,-1.75,8.25
gwen,yuumi,942,656.0,286.0,51.75,0.0,48.25
gwen,zed,942,656.0,286.0,51.75,-51.75,-18.42
gwen,zeri,942,656.0,286.0,51.75,14.92,10.75
gwen,ziggs,942,656.0,286.0,51.75,-51.75,-18.42
gwen,zyra,942,656.0,286.0,51.75,0.0,48.25
warwick,aatrox,19,15.0,4.0,50.0,0.0,-50.0
warwick,ahri,19,15.0,4.0,50.0,-50.0,50.0
warwick,alistar,19,15.0,4.0,50.0,50.0,0.0
warwick,ambessa,19,15.0,4.0,50.0,0.0,0.0
warwick,azir,19,15.0,4.0,50.0,50.0,-50.0
warwick,corki,19,15.0,4.0,50.0,0.0,50.0
warwick,kaisa,19,15.0,4.0,50.0,0.0,0.0
warwick,kalista,19,15.0,4.0,50.0,0.0,0.0
warwick,miss fortune,19,15.0,4.0,50.0,0.0,-50.0
warwick,mundo,19,15.0,4.0,50.0,-50.0,0.0
warwick,naafiri,19,15.0,4.0,50.0,0.0,50.0
warwick,neeko,19,15.0,4.0,50.0,0.0,50.0
warwick,nilah,19,15.0,4.0,50.0,0.0,-50.0
warwick,pantheon,19,15.0,4.0,50.0,50.0,0.0
warwick,poppy,19,15.0,4.0,50.0,-50.0,0.0
warwick,rakan,19,15.0,4.0,50.0,0.0,-50.0
warwick,rell,19,15.0,4.0,50.0,-50.0,50.0
warwick,renata glasc,19,15.0,4.0,50.0,50.0,0.0
warwick,rumble,19,15.0,4.0,50.0,0.0,50.0
warwick,sejuani,19,15.0,4.0,50.0,0.0,-50.0
warwick,taliyah,19,15.0,4.0,50.0,50.0,-50.0
warwick,varus,19,15.0,4.0,50.0,0.0,50.0
warwick,vi,19,15.0,4.0,50.0,-50.0,50.0
warwick,xin zhao,19,15.0,4.0,50.0,0.0,-50.0
warwick,yone,19,15.0,4.0,50.0,-50.0,0.0
kennen,aatrox,38,13.0,25.0,60.0,0.0,0.0
kennen,ahri,38,13.0,25.0,60.0,40.0,-10.0
kennen,alistar,38,13.0,25.0,60.0,40.0,-60.0
kennen,ambessa,38,13.0,25.0,60.0,0.0,40.0
kennen,annie,38,13.0,25.0,60.0,-60.0,0.0
kennen,ashe,38,13.0,25.0,60.0,6.67,-60.0
kennen,aurora,38,13.0,25.0,60.0,-60.0,6.67
kennen,azir,38,13.0,25.0,60.0,40.0,-60.0
kennen,bard,38,13.0,25.0,60.0,-60.0,40.0
kennen,braum,38,13.0,25.0,60.0,-60.0,-10.0
kennen,caitlyn,38,13.0,25.0,60.0,-60.0,0.0
kennen,camille,38,13.0,25.0,60.0,0.0,-10.0
kennen,corki,38,13.0,25.0,60.0,-60.0,40.0
kennen,draven,38,13.0,25.0,60.0,-10.0,0.0
kennen,elise,38,13.0,25.0,60.0,-60.0,40.0
kennen,ezreal,38,13.0,25.0,60.0,6.67,-60.0
kennen,galio,38,13.0,25.0,60.0,-10.0,-10.0
kennen,gnar,38,13.0,25.0,60.0,0.0,-10.0
kennen,gragas,38,13.0,25.0,60.0,0.0,-10.0
kennen,gwen,38,13.0,25.0,60.0,0.0,40.0
kennen,hwei,38,13.0,25.0,60.0,-60.0,0.0
kennen,jax,38,13.0,25.0,60.0,0.0,6.67
kennen,jhin,38,13.0,25.0,60.0,6.67,11.43
kennen,jinx,38,13.0,25.0,60.0,0.0,-60.0
kennen,kaisa,38,13.0,25.0,60.0,0.0,40.0
kennen,kalista,38,13.0,25.0,60.0,40.0,-10.0
kennen,karma,38,13.0,25.0,60.0,-10.0,-60.0
kennen,kog,38,13.0,25.0,60.0,40.0,0.0
kennen,leblanc,38,13.0,25.0,60.0,0.0,40.0
kennen,lee sin,38,13.0,25.0,60.0,40.0,0.0
kennen,leona,38,13.0,25.0,60.0,-60.0,40.0
kennen,lillia,38,13.0,25.0,60.0,0.0,6.67
kennen,lucian,38,13.0,25.0,60.0,0.0,-60.0
kennen,lulu,38,13.0,25.0,60.0,40.0,-60.0
kennen,maokai,38,13.0,25.0,60.0,0.0,40.0
kennen,miss fortune,38,13.0,25.0,60.0,-35.0,40.0
kennen,naafiri,38,13.0,25.0,60.0,-60.0,40.0
kennen,nautilus,38,13.0,25.0,60.0,40.0,40.0
kennen,neeko,38,13.0,25.0,60.0,0.0,40.0
kennen,nidalee,38,13.0,25.0,60.0,0.0,-60.0
kennen,nocturne,38,13.0,25.0,60.0,6.67,-60.0
kennen,orianna,38,13.0,25.0,60.0,40.0,0.0
kennen,pantheon,38,13.0,25.0,60.0,-20.0,6.67
kennen,poppy,38,13.0,25.0,60.0,40.0,-60.0
kennen,rakan,38,13.0,25.0,60.0,0.0,-10.0
kennen,rell,38,13.0,25.0,60.0,23.33,40.0
kennen,renata glasc,38,13.0,25.0,60.0,20.0,-60.0
kennen,renekton,38,13.0,25.0,60.0,0.0,-26.67
kennen,rumble,38,13.0,25.0,60.0,0.0,-26.67
kennen,ryze,38,13.0,25.0,60.0,6.67,0.0
kennen,sejuani,38,13.0,25.0,60.0,15.0,-60.0
kennen,sett,38,13.0,25.0,60.0,0.0,40.0
kennen,shen,38,13.0,25.0,60.0,-10.0,0.0
kennen,sivir,38,13.0,25.0,60.0,40.0,0.0
kennen,skarner,38,13.0,25.0,60.0,40.0,6.67
kennen,sylas,38,13.0,25.0,60.0,-10.0,-10.0
kennen,taliyah,38,13.0,25.0,60.0,40.0,-60.0
kennen,tristana,38,13.0,25.0,60.0,-60.0,0.0
kennen,trundle,38,13.0,25.0,60.0,40.0,0.0
kennen,twitch,38,13.0,25.0,60.0,-60.0,0.0
kennen,varus,38,13.0,25.0,60.0,40.0,40.0
kennen,vi,38,13.0,25.0,60.0,6.67,-10.0
kennen,viego,38,13.0,25.0,60.0,-60.0,0.0
kennen,viktor,38,13.0,25.0,60.0,-10.0,6.67
kennen,volibear,38,13.0,25.0,60.0,0.0,-10.0
kennen,wukong,38,13.0,25.0,60.0,-60.0,40.0
kennen,xayah,38,13.0,25.0,60.0,40.0,-60.0
kennen,xin zhao,38,13.0,25.0,60.0,-60.0,-60.0
kennen,yone,38,13.0,25.0,60.0,15.0,-60.0
kennen,zed,38,13.0,25.0,60.0,0.0,40.0
kennen,zeri,38,13.0,25.0,60.0,40.0,-60.0
kennen,ziggs,38,13.0,25.0,60.0,0.0,40.0
kennen,zilean,38,13.0,25.0,60.0,0.0,40.0
naafiri,aatrox,433,237.0,196.0,49.49,-5.05,-49.49
naafiri,ahri,433,237.0,196.0,49.49,-15.11,8.2
naafiri,akali,433,237.0,196.0,49.49,-32.82,10.51
naafiri,alistar,433,237.0,196.0,49.49,-1.1,5.68
naafiri,ambessa,433,237.0,196.0,49.49,-22.82,9.33
naafiri,annie,433,237.0,196.0,49.49,14.15,0.51
naafiri,ashe,433,237.0,196.0,49.49,30.51,0.51
naafiri,aurora,433,237.0,196.0,49.49,-9.49,9.33
naafiri,azir,433,237.0,196.0,49.49,32.33,3.45
naafiri,bard,433,237.0,196.0,49.49,0.51,10.51
naafiri,blitzcrank,433,237.0,196.0,49.49,-49.49,0.0
naafiri,braum,433,237.0,196.0,49.49,3.84,30.51
naafiri,caitlyn,433,237.0,196.0,49.49,-49.49,-16.16
naafiri,camille,433,237.0,196.0,49.49,50.51,-24.49
naafiri,cassiopeia,433,237.0,196.0,49.49,0.0,-49.49
naafiri,chogath,433,237.0,196.0,49.49,-49.49,0.51
naafiri,corki,433,237.0,196.0,49.49,-30.74,23.84
naafiri,diana,433,237.0,196.0,49.49,-49.49,0.0
naafiri,draven,433,237.0,196.0,49.49,50.51,17.18
naafiri,elise,433,237.0,196.0,49.49,-49.49,0.51
naafiri,ezreal,433,237.0,196.0,49.49,8.57,-6.01
naafiri,fiddlesticks,433,237.0,196.0,49.49,0.0,-49.49
naafiri,galio,433,237.0,196.0,49.49,-2.12,3.84
naafiri,gangplank,433,237.0,196.0,49.49,50.51,-49.49
naafiri,gnar,433,237.0,196.0,49.49,6.07,5.06
naafiri,gragas,433,237.0,196.0,49.49,-24.49,-29.49
naafiri,gwen,433,237.0,196.0,49.49,10.51,-2.82
naafiri,hwei,433,237.0,196.0,49.49,0.51,33.84
naafiri,ivern,433,237.0,196.0,49.49,0.0,50.51
naafiri,jarvan iv,433,237.0,196.0,49.49,0.0,-49.49
naafiri,jax,433,237.0,196.0,49.49,-5.05,-29.49
naafiri,jayce,433,237.0,196.0,49.49,-9.49,-3.66
naafiri,jhin,433,237.0,196.0,49.49,0.51,-5.74
naafiri,jinx,433,237.0,196.0,49.49,0.0,50.51
naafiri,kaisa,433,237.0,196.0,49.49,12.41,-7.82
naafiri,kalista,433,237.0,196.0,49.49,14.8,-7.82
naafiri,karma,433,237.0,196.0,49.49,10.51,-16.16
naafiri,kassadin,433,237.0,196.0,49.49,50.51,50.51
naafiri,kennen,433,237.0,196.0,49.49,-49.49,-49.49
naafiri,kindred,433,237.0,196.0,49.49,0.0,50.51
naafiri,ksante,433,237.0,196.0,49.49,20.51,6.07
naafiri,leblanc,433,237.0,196.0,49.49,-49.49,-49.49
naafiri,lee sin,433,237.0,196.0,49.49,0.0,-16.16
naafiri,leona,433,237.0,196.0,49.49,-1.87,-6.63
naafiri,lillia,433,237.0,196.0,49.49,0.0,20.51
naafiri,lissandra,433,237.0,196.0,49.49,17.18,0.0
naafiri,lucian,433,237.0,196.0,49.49,-29.49,20.51
naafiri,lulu,433,237.0,196.0,49.49,0.51,-16.16
naafiri,maokai,433,237.0,196.0,49.49,50.51,-49.49
naafiri,mel,433,237.0,196.0,49.49,-49.49,-49.49
naafiri,miss fortune,433,237.0,196.0,49.49,-9.49,6.07
naafiri,mordekaiser,433,237.0,196.0,49.49,0.0,17.18
naafiri,morgana,433,237.0,196.0,49.49,-49.49,0.0
naafiri,mundo,433,237.0,196.0,49.49,0.0,50.51
naafiri,nami,433,237.0,196.0,49.49,-49.49,50.51
naafiri,nautilus,433,237.0,196.0,49.49,3.84,-9.49
naafiri,neeko,433,237.0,196.0,49.49,26.98,4.36
naafiri,nidalee,433,237.0,196.0,49.49,50.51,-9.49
naafiri,nocturne,433,237.0,196.0,49.49,0.0,0.51
naafiri,orianna,433,237.0,196.0,49.49,-24.49,-9.49
naafiri,ornn,433,237.0,196.0,49.49,0.51,13.01
naafiri,pantheon,433,237.0,196.0,49.49,0.51,4.68
naafiri,poppy,433,237.0,196.0,49.49,6.07,-8.58
naafiri,rakan,433,237.0,196.0,49.49,3.84,-14.2
naafiri,rammus,433,237.0,196.0,49.49,-49.49,0.0
naafiri,reksai,433,237.0,196.0,49.49,0.0,-49.49
naafiri,rell,433,237.0,196.0,49.49,-19.86,2.51
naafiri,renata glasc,433,237.0,196.0,49.49,6.07,4.36
naafiri,renekton,433,237.0,196.0,49.49,-9.49,0.51
naafiri,rumble,433,237.0,196.0,49.49,13.01,2.03
naafiri,ryze,433,237.0,196.0,49.49,9.89,-9.49
naafiri,sejuani,433,237.0,196.0,49.49,50.51,3.84
naafiri,senna,433,237.0,196.0,49.49,0.51,50.51
naafiri,seraphine,433,237.0,196.0,49.49,0.0,17.18
naafiri,sett,433,237.0,196.0,49.49,0.0,-49.49
naafiri,shen,433,237.0,196.0,49.49,-49.49,0.51
naafiri,singed,433,237.0,196.0,49.49,0.0,50.51
naafiri,sion,433,237.0,196.0,49.49,7.65,0.51
naafiri,sivir,433,237.0,196.0,49.49,10.51,17.18
naafiri,skarner,433,237.0,196.0,49.49,0.0,37.18
naafiri,smolder,433,237.0,196.0,49.49,0.51,-49.49
naafiri,swain,433,237.0,196.0,49.49,-49.49,0.0
naafiri,sylas,433,237.0,196.0,49.49,0.51,-19.49
naafiri,syndra,433,237.0,196.0,49.49,0.0,-49.49
naafiri,tahm kench,433,237.0,196.0,49.49,-49.49,0.0
naafiri,taliyah,433,237.0,196.0,49.49,17.18,-8.75
naafiri,thresh,433,237.0,196.0,49.49,0.0,50.51
naafiri,tristana,433,237.0,196.0,49.49,-49.49,17.18
naafiri,trundle,433,237.0,196.0,49.49,0.0,-6.63
naafiri,twisted fate,433,237.0,196.0,49.49,-29.49,-49.49
naafiri,udyr,433,237.0,196.0,49.49,0.0,-49.49
naafiri,varus,433,237.0,196.0,49.49,13.01,8.09
naafiri,vex,433,237.0,196.0,49.49,-49.49,0.0
naafiri,vi,433,237.0,196.0,49.49,0.0,-3.54
naafiri,viego,433,237.0,196.0,49.49,0.0,50.51
naafiri,viktor,433,237.0,196.0,49.49,7.65,-13.78
naafiri,vladimir,433,237.0,196.0,49.49,0.0,50.51
naafiri,warwick,433,237.0,196.0,49.49,0.0,-49.49
naafiri,wukong,433,237.0,196.0,49.49,0.0,-2.43
naafiri,xayah,433,237.0,196.0,49.49,-4.04,-32.82
naafiri,xin zhao,433,237.0,196.0,49.49,0.0,-6.25
naafiri,yone,433,237.0,196.0,49.49,-16.16,4.36
naafiri,yorick,433,237.0,196.0,49.49,-9.49,12.05
naafiri,yunara,433,237.0,196.0,49.49,50.51,-49.49
naafiri,zed,433,237.0,196.0,49.49,50.51,-49.49
naafiri,zeri,433,237.0,196.0,49.49,-49.49,-35.2
naafiri,ziggs,433,237.0,196.0,49.49,-16.16,-49.49
tryndamere,alistar,6,2.0,4.0,25.0,0.0,75.0
tryndamere,blitzcrank,6,2.0,4.0,25.0,-25.0,-25.0
tryndamere,corki,6,2.0,4.0,25.0,0.0,75.0
tryndamere,elise,6,2.0,4.0,25.0,-25.0,0.0
tryndamere,ezreal,6,2.0,4.0,25.0,0.0,-25.0
tryndamere,galio,6,2.0,4.0,25.0,0.0,-25.0
tryndamere,gnar,6,2.0,4.0,25.0,75.0,0.0
tryndamere,gwen,6,2.0,4.0,25.0,-25.0,0.0
tryndamere,ivern,6,2.0,4.0,25.0,-25.0,0.0
tryndamere,jax,6,2.0,4.0,25.0,-25.0,0.0
tryndamere,kaisa,6,2.0,4.0,25.0,25.0,-25.0
tryndamere,ksante,6,2.0,4.0,25.0,-25.0,0.0
tryndamere,lillia,6,2.0,4.0,25.0,-25.0,0.0
tryndamere,maokai,6,2.0,4.0,25.0,0.0,75.0
tryndamere,nidalee,6,2.0,4.0,25.0,75.0,0.0
tryndamere,ornn,6,2.0,4.0,25.0,0.0,-25.0
tryndamere,poppy,6,2.0,4.0,25.0,25.0,0.0
tryndamere,rakan,6,2.0,4.0,25.0,0.0,-25.0
tryndamere,renekton,6,2.0,4.0,25.0,0.0,25.0
tryndamere,rumble,6,2.0,4.0,25.0,0.0,-25.0
tryndamere,smolder,6,2.0,4.0,25.0,-25.0,0.0
tryndamere,sylas,6,2.0,4.0,25.0,0.0,-25.0
tryndamere,trundle,6,2.0,4.0,25.0,0.0,-25.0
tryndamere,vi,6,2.0,4.0,25.0,-25.0,0.0
tryndamere,viktor,6,2.0,4.0,25.0,0.0,-25.0
tryndamere,volibear,6,2.0,4.0,25.0,0.0,-25.0
tryndamere,wukong,6,2.0,4.0,25.0,0.0,-25.0
tryndamere,xayah,6,2.0,4.0,25.0,-25.0,-25.0
tryndamere,ziggs,6,2.0,4.0,25.0,0.0,75.0
yorick,aatrox,275,96.0,179.0,49.72,0.0,10.28
yorick,ahri,275,96.0,179.0,49.72,-14.43,-16.39
yorick,akali,275,96.0,179.0,49.72,10.28,30.28
yorick,alistar,275,96.0,179.0,49.72,18.7,-9.72
yorick,ambessa,275,96.0,179.0,49.72,0.0,9.37
yorick,annie,275,96.0,179.0,49.72,21.71,-2.66
yorick,aphelios,275,96.0,179.0,49.72,50.28,50.28
yorick,ashe,275,96.0,179.0,49.72,0.28,-49.72
yorick,aurora,275,96.0,179.0,49.72,-9.72,9.1
yorick,azir,275,96.0,179.0,49.72,0.28,16.95
yorick,bard,275,96.0,179.0,49.72,0.28,-9.72
yorick,blitzcrank,275,96.0,179.0,49.72,-16.39,0.28
yorick,braum,275,96.0,179.0,49.72,-9.72,-11.26
yorick,caitlyn,275,96.0,179.0,49.72,50.28,-24.72
yorick,camille,275,96.0,179.0,49.72,0.0,0.28
yorick,cassiopeia,275,96.0,179.0,49.72,50.28,0.0
yorick,chogath,275,96.0,179.0,49.72,0.0,-3.57
yorick,corki,275,96.0,179.0,49.72,0.28,20.87
yorick,diana,275,96.0,179.0,49.72,0.0,50.28
yorick,draven,275,96.0,179.0,49.72,0.0,-49.72
yorick,ekko,275,96.0,179.0,49.72,0.0,-49.72
yorick,elise,275,96.0,179.0,49.72,0.28,-16.39
yorick,ezreal,275,96.0,179.0,49.72,-7.61,3.22
yorick,fiora,275,96.0,179.0,49.72,0.0,-49.72
yorick,galio,275,96.0,179.0,49.72,0.28,-13.36
yorick,gnar,275,96.0,179.0,49.72,0.0,16.95
yorick,gragas,275,96.0,179.0,49.72,0.0,50.28
yorick,graves,275,96.0,179.0,49.72,0.0,50.28
yorick,gwen,275,96.0,179.0,49.72,0.0,-49.72
yorick,hwei,275,96.0,179.0,49.72,50.28,-16.39
yorick,irelia,275,96.0,179.0,49.72,0.0,-49.72
yorick,jarvan iv,275,96.0,179.0,49.72,7.42,-19.72
yorick,jax,275,96.0,179.0,49.72,50.28,0.28
yorick,jayce,275,96.0,179.0,49.72,0.0,-3.57
yorick,jhin,275,96.0,179.0,49.72,8.17,-5.28
yorick,jinx,275,96.0,179.0,49.72,0.28,-9.72
yorick,kaisa,275,96.0,179.0,49.72,-11.62,-18.95
yorick,kalista,275,96.0,179.0,49.72,10.28,-4.27
yorick,karma,275,96.0,179.0,49.72,12.78,-6.86
yorick,kindred,275,96.0,179.0,49.72,50.28,0.28
yorick,kled,275,96.0,179.0,49.72,0.0,50.28
yorick,ksante,275,96.0,179.0,49.72,0.0,16.95
yorick,leblanc,275,96.0,179.0,49.72,-49.72,0.0
yorick,lee sin,275,96.0,179.0,49.72,-24.72,-9.72
yorick,leona,275,96.0,179.0,49.72,-21.15,3.61
yorick,lillia,275,96.0,179.0,49.72,21.71,10.28
yorick,lissandra,275,96.0,179.0,49.72,50.28,0.0
yorick,lucian,275,96.0,179.0,49.72,0.28,2.45
yorick,lulu,275,96.0,179.0,49.72,-24.72,0.0
yorick,lux,275,96.0,179.0,49.72,50.28,0.0
yorick,maokai,275,96.0,179.0,49.72,-4.27,50.28
yorick,mel,275,96.0,179.0,49.72,0.0,-49.72
yorick,milio,275,96.0,179.0,49.72,-49.72,50.28
yorick,miss fortune,275,96.0,179.0,49.72,-36.39,19.51
yorick,mordekaiser,275,96.0,179.0,49.72,0.0,-16.39
yorick,morgana,275,96.0,179.0,49.72,0.0,0.28
yorick,naafiri,275,96.0,179.0,49.72,-9.72,-11.26
yorick,nami,275,96.0,179.0,49.72,50.28,25.28
yorick,nasus,275,96.0,179.0,49.72,0.0,50.28
yorick,nautilus,275,96.0,179.0,49.72,-16.39,6.28
yorick,neeko,275,96.0,179.0,49.72,8.17,-13.36
yorick,nidalee,275,96.0,179.0,49.72,0.0,-9.72
yorick,nocturne,275,96.0,179.0,49.72,-24.72,50.28
yorick,olaf,275,96.0,179.0,49.72,50.28,50.28
yorick,orianna,275,96.0,179.0,49.72,6.53,0.28
yorick,ornn,275,96.0,179.0,49.72,0.0,16.95
yorick,pantheon,275,96.0,179.0,49.72,-3.29,-8.05
yorick,poppy,275,96.0,179.0,49.72,32.1,-11.26
yorick,pyke,275,96.0,179.0,49.72,0.0,0.28
yorick,qiyana,275,96.0,179.0,49.72,50.28,0.0
yorick,rakan,275,96.0,179.0,49.72,4.45,5.28
yorick,rell,275,96.0,179.0,49.72,-4.72,8.17
yorick,renata glasc,275,96.0,179.0,49.72,-3.05,0.28
yorick,renekton,275,96.0,179.0,49.72,0.0,-29.72
yorick,rumble,275,96.0,179.0,49.72,50.28,13.92
yorick,ryze,275,96.0,179.0,49.72,7.97,-34.72
yorick,sejuani,275,96.0,179.0,49.72,-14.01,4.13
yorick,senna,275,96.0,179.0,49.72,0.28,-6.86
yorick,sett,275,96.0,179.0,49.72,50.28,-16.39
yorick,shen,275,96.0,179.0,49.72,0.0,37.78
yorick,sion,275,96.0,179.0,49.72,0.0,1.89
yorick,sivir,275,96.0,179.0,49.72,-9.72,-3.57
yorick,skarner,275,96.0,179.0,49.72,-16.39,14.99
yorick,smolder,275,96.0,179.0,49.72,50.28,50.28
yorick,sylas,275,96.0,179.0,49.72,16.95,20.28
yorick,syndra,275,96.0,179.0,49.72,0.0,-49.72
yorick,tahm kench,275,96.0,179.0,49.72,-16.39,-49.72
yorick,taliyah,275,96.0,179.0,49.72,0.28,2.13
yorick,tristana,275,96.0,179.0,49.72,-9.72,50.28
yorick,trundle,275,96.0,179.0,49.72,3.22,-6.86
yorick,twisted fate,275,96.0,179.0,49.72,-49.72,0.28
yorick,varus,275,96.0,179.0,49.72,-5.97,3.61
yorick,vayne,275,96.0,179.0,49.72,0.0,50.28
yorick,vi,275,96.0,179.0,49.72,25.28,-11.26
yorick,viego,275,96.0,179.0,49.72,16.95,33.61
yorick,viktor,275,96.0,179.0,49.72,-25.91,-9.72
yorick,volibear,275,96.0,179.0,49.72,0.0,-49.72
yorick,wukong,275,96.0,179.0,49.72,0.28,0.28
yorick,xayah,275,96.0,179.0,49.72,35.99,2.91
yorick,xin zhao,275,96.0,179.0,49.72,-11.62,-2.1
yorick,yasuo,275,96.0,179.0,49.72,0.0,50.28
yorick,yone,275,96.0,179.0,49.72,12.78,12.78
yorick,yunara,275,96.0,179.0,49.72,16.95,0.0
yorick,zed,275,96.0,179.0,49.72,0.28,-16.39
yorick,zeri,275,96.0,179.0,49.72,0.28,-21.15
yorick,ziggs,275,96.0,179.0,49.72,16.95,16.95
yorick,zyra,275,96.0,179.0,49.72,0.0,50.28
aurelion sol,aatrox,20,8.0,12.0,58.33,-58.33,41.67
aurelion sol,alistar,20,8.0,12.0,58.33,-58.33,41.67
aurelion sol,ambessa,20,8.0,12.0,58.33,-8.33,0.0
aurelion sol,aphelios,20,8.0,12.0,58.33,0.0,-58.33
aurelion sol,ashe,20,8.0,12.0,58.33,-58.33,0.0
aurelion sol,azir,20,8.0,12.0,58.33,0.0,-58.33
aurelion sol,blitzcrank,20,8.0,12.0,58.33,0.0,41.67
aurelion sol,braum,20,8.0,12.0,58.33,41.67,-58.33
aurelion sol,caitlyn,20,8.0,12.0,58.33,41.67,-58.33
aurelion sol,camille,20,8.0,12.0,58.33,0.0,-58.33
aurelion sol,chogath,20,8.0,12.0,58.33,41.67,0.0
aurelion sol,corki,20,8.0,12.0,58.33,-8.33,-58.33
aurelion sol,galio,20,8.0,12.0,58.33,0.0,41.67
aurelion sol,gnar,20,8.0,12.0,58.33,0.0,41.67
aurelion sol,gragas,20,8.0,12.0,58.33,41.67,41.67
aurelion sol,gwen,20,8.0,12.0,58.33,41.67,-8.33
aurelion sol,jax,20,8.0,12.0,58.33,-58.33,-8.33
aurelion sol,jhin,20,8.0,12.0,58.33,41.67,41.67
aurelion sol,jinx,20,8.0,12.0,58.33,-58.33,0.0
aurelion sol,kalista,20,8.0,12.0,58.33,-8.33,0.0
aurelion sol,karma,20,8.0,12.0,58.33,0.0,-58.33
aurelion sol,kog,20,8.0,12.0,58.33,0.0,-58.33
aurelion sol,ksante,20,8.0,12.0,58.33,0.0,-58.33
aurelion sol,leona,20,8.0,12.0,58.33,0.0,8.34
aurelion sol,lillia,20,8.0,12.0,58.33,0.0,-58.33
aurelion sol,lulu,20,8.0,12.0,58.33,-58.33,0.0
aurelion sol,maokai,20,8.0,12.0,58.33,0.0,41.67
aurelion sol,miss fortune,20,8.0,12.0,58.33,41.67,-8.33
aurelion sol,nami,20,8.0,12.0,58.33,-58.33,0.0
aurelion sol,nautilus,20,8.0,12.0,58.33,41.67,-58.33
aurelion sol,neeko,20,8.0,12.0,58.33,41.67,0.0
aurelion sol,nocturne,20,8.0,12.0,58.33,0.0,41.67
aurelion sol,orianna,20,8.0,12.0,58.33,0.0,41.67
aurelion sol,ornn,20,8.0,12.0,58.33,-8.33,0.0
aurelion sol,pantheon,20,8.0,12.0,58.33,-8.33,-8.33
aurelion sol,rakan,20,8.0,12.0,58.33,41.67,0.0
aurelion sol,rell,20,8.0,12.0,58.33,41.67,0.0
aurelion sol,renata glasc,20,8.0,12.0,58.33,-8.33,0.0
aurelion sol,renekton,20,8.0,12.0,58.33,-58.33,-8.33
aurelion sol,sejuani,20,8.0,12.0,58.33,-58.33,-8.33
aurelion sol,shen,20,8.0,12.0,58.33,0.0,41.67
aurelion sol,sion,20,8.0,12.0,58.33,41.67,0.0
aurelion sol,sivir,20,8.0,12.0,58.33,-58.33,41.67
aurelion sol,skarner,20,8.0,12.0,58.33,-8.33,0.0
aurelion sol,thresh,20,8.0,12.0,58.33,0.0,-58.33
aurelion sol,trundle,20,8.0,12.0,58.33,-58.33,0.0
aurelion sol,varus,20,8.0,12.0,58.33,41.67,41.67
aurelion sol,vi,20,8.0,12.0,58.33,8.34,0.0
aurelion sol,viktor,20,8.0,12.0,58.33,0.0,-8.33
aurelion sol,wukong,20,8.0,12.0,58.33,41.67,-58.33
aurelion sol,xayah,20,8.0,12.0,58.33,41.67,0.0
aurelion sol,xin zhao,20,8.0,12.0,58.33,41.67,0.0
aurelion sol,zeri,20,8.0,12.0,58.33,0.0,41.67
aurelion sol,zilean,20,8.0,12.0,58.33,0.0,41.67
aurelion sol,zyra,20,8.0,12.0,58.33,0.0,41.67
zoe,aatrox,11,2.0,9.0,55.56,-5.56,0.0
zoe,akali,11,2.0,9.0,55.56,-55.56,0.0
zoe,amumu,11,2.0,9.0,55.56,0.0,-55.56
zoe,aphelios,11,2.0,9.0,55.56,0.0,-55.56
zoe,ashe,11,2.0,9.0,55.56,44.44,0.0
zoe,aurora,11,2.0,9.0,55.56,0.0,-55.56
zoe,azir,11,2.0,9.0,55.56,0.0,-55.56
zoe,blitzcrank,11,2.0,9.0,55.56,0.0,44.44
zoe,braum,11,2.0,9.0,55.56,44.44,-55.56
zoe,corki,11,2.0,9.0,55.56,0.0,44.44
zoe,draven,11,2.0,9.0,55.56,-55.56,0.0
zoe,ezreal,11,2.0,9.0,55.56,0.0,44.44
zoe,galio,11,2.0,9.0,55.56,44.44,44.44
zoe,gnar,11,2.0,9.0,55.56,44.44,44.44
zoe,jax,11,2.0,9.0,55.56,0.0,-5.56
zoe,jayce,11,2.0,9.0,55.56,-55.56,44.44
zoe,jhin,11,2.0,9.0,55.56,-55.56,0.0
zoe,kalista,11,2.0,9.0,55.56,0.0,-5.56
zoe,ksante,11,2.0,9.0,55.56,0.0,-55.56
zoe,lee sin,11,2.0,9.0,55.56,44.44,0.0
zoe,leona,11,2.0,9.0,55.56,44.44,0.0
zoe,lillia,11,2.0,9.0,55.56,0.0,44.44
zoe,lucian,11,2.0,9.0,55.56,11.11,0.0
zoe,nami,11,2.0,9.0,55.56,-5.56,0.0
zoe,nautilus,11,2.0,9.0,55.56,44.44,44.44
zoe,neeko,11,2.0,9.0,55.56,0.0,44.44
zoe,nocturne,11,2.0,9.0,55.56,44.44,0.0
zoe,olaf,11,2.0,9.0,55.56,0.0,-55.56
zoe,ornn,11,2.0,9.0,55.56,0.0,-55.56
zoe,poppy,11,2.0,9.0,55.56,0.0,-5.56
zoe,pyke,11,2.0,9.0,55.56,-55.56,0.0
zoe,qiyana,11,2.0,9.0,55.56,0.0,44.44
zoe,rakan,11,2.0,9.0,55.56,0.0,11.11
zoe,renata glasc,11,2.0,9.0,55.56,0.0,-55.56
zoe,renekton,11,2.0,9.0,55.56,44.44,44.44
zoe,rumble,11,2.0,9.0,55.56,0.0,44.44
zoe,ryze,11,2.0,9.0,55.56,0.0,-5.56
zoe,sejuani,11,2.0,9.0,55.56,-55.56,0.0
zoe,shen,11,2.0,9.0,55.56,-55.56,0.0
zoe,sion,11,2.0,9.0,55.56,44.44,0.0
zoe,sivir,11,2.0,9.0,55.56,44.44,0.0
zoe,skarner,11,2.0,9.0,55.56,-55.56,44.44
zoe,soraka,11,2.0,9.0,55.56,-55.56,0.0
zoe,sylas,11,2.0,9.0,55.56,0.0,44.44
zoe,tahm kench,11,2.0,9.0,55.56,-55.56,0.0
zoe,taliyah,11,2.0,9.0,55.56,0.0,-55.56
zoe,talon,11,2.0,9.0,55.56,0.0,-55.56
zoe,thresh,11,2.0,9.0,55.56,0.0,-55.56
zoe,tristana,11,2.0,9.0,55.56,0.0,-5.56
zoe,trundle,11,2.0,9.0,55.56,-55.56,0.0
zoe,viego,11,2.0,9.0,55.56,44.44,0.0
zoe,viktor,11,2.0,9.0,55.56,0.0,44.44
zoe,wukong,11,2.0,9.0,55.56,-5.56,0.0
zoe,xayah,11,2.0,9.0,55.56,0.0,11.11
zoe,xin zhao,11,2.0,9.0,55.56,44.44,-5.56
zoe,ziggs,11,2.0,9.0,55.56,44.44,0.0
mundo,aatrox,11,5.0,6.0,100.0,-100.0,0.0
mundo,akali,11,5.0,6.0,100.0,0.0,0.0
mundo,alistar,11,5.0,6.0,100.0,-50.0,0.0
mundo,ambessa,11,5.0,6.0,100.0,0.0,-100.0
mundo,aphelios,11,5.0,6.0,100.0,0.0,0.0
mundo,azir,11,5.0,6.0,100.0,0.0,-100.0
mundo,bard,11,5.0,6.0,100.0,0.0,0.0
mundo,blitzcrank,11,5.0,6.0,100.0,0.0,0.0
mundo,braum,11,5.0,6.0,100.0,0.0,0.0
mundo,caitlyn,11,5.0,6.0,100.0,0.0,0.0
mundo,camille,11,5.0,6.0,100.0,0.0,0.0
mundo,corki,11,5.0,6.0,100.0,0.0,-50.0
mundo,ezreal,11,5.0,6.0,100.0,0.0,-33.33
mundo,gnar,11,5.0,6.0,100.0,0.0,-50.0
mundo,gwen,11,5.0,6.0,100.0,0.0,0.0
mundo,hwei,11,5.0,6.0,100.0,-50.0,0.0
mundo,jarvan iv,11,5.0,6.0,100.0,0.0,0.0
mundo,jax,11,5.0,6.0,100.0,0.0,0.0
mundo,jayce,11,5.0,6.0,100.0,0.0,-100.0
mundo,jinx,11,5.0,6.0,100.0,-100.0,0.0
mundo,kaisa,11,5.0,6.0,100.0,-66.67,0.0
mundo,kalista,11,5.0,6.0,100.0,-100.0,0.0
mundo,kassadin,11,5.0,6.0,100.0,0.0,-100.0
mundo,ksante,11,5.0,6.0,100.0,0.0,-100.0
mundo,leona,11,5.0,6.0,100.0,-100.0,-66.67
mundo,maokai,11,5.0,6.0,100.0,0.0,-66.67
mundo,mel,11,5.0,6.0,100.0,0.0,0.0
mundo,miss fortune,11,5.0,6.0,100.0,0.0,-100.0
mundo,naafiri,11,5.0,6.0,100.0,0.0,-100.0
mundo,nautilus,11,5.0,6.0,100.0,-100.0,0.0
mundo,neeko,11,5.0,6.0,100.0,0.0,0.0
mundo,orianna,11,5.0,6.0,100.0,-33.33,0.0
mundo,poppy,11,5.0,6.0,100.0,0.0,-50.0
mundo,pyke,11,5.0,6.0,100.0,0.0,0.0
mundo,rakan,11,5.0,6.0,100.0,0.0,-100.0
mundo,rell,11,5.0,6.0,100.0,-50.0,0.0
mundo,sejuani,11,5.0,6.0,100.0,0.0,-50.0
mundo,sion,11,5.0,6.0,100.0,0.0,0.0
mundo,skarner,11,5.0,6.0,100.0,-100.0,-100.0
mundo,taliyah,11,5.0,6.0,100.0,-100.0,-100.0
mundo,thresh,11,5.0,6.0,100.0,-100.0,0.0
mundo,tristana,11,5.0,6.0,100.0,0.0,-33.33
mundo,twisted fate,11,5.0,6.0,100.0,-100.0,0.0
mundo,varus,11,5.0,6.0,100.0,0.0,0.0
mundo,viktor,11,5.0,6.0,100.0,0.0,-50.0
mundo,warwick,11,5.0,6.0,100.0,-100.0,0.0
mundo,xayah,11,5.0,6.0,100.0,0.0,0.0
mundo,yasuo,11,5.0,6.0,100.0,-100.0,0.0
mundo,yone,11,5.0,6.0,100.0,-100.0,0.0
mundo,zeri,11,5.0,6.0,100.0,0.0,0.0
mundo,ziggs,11,5.0,6.0,100.0,0.0,-50.0
mundo,zyra,11,5.0,6.0,100.0,0.0,0.0
annie,aatrox,407,204.0,203.0,58.13,-2.57,-12.68
annie,ahri,407,204.0,203.0,58.13,0.0,25.2
annie,akali,407,204.0,203.0,58.13,0.0,-8.13
annie,alistar,407,204.0,203.0,58.13,3.41,7.39
annie,ambessa,407,204.0,203.0,58.13,-29.56,3.41
annie,aphelios,407,204.0,203.0,58.13,0.0,-8.13
annie,ashe,407,204.0,203.0,58.13,41.87,41.87
annie,aurora,407,204.0,203.0,58.13,13.3,8.54
annie,azir,407,204.0,203.0,58.13,0.0,0.69
annie,bard,407,204.0,203.0,58.13,-20.63,-4.28
annie,blitzcrank,407,204.0,203.0,58.13,41.87,-8.13
annie,braum,407,204.0,203.0,58.13,-8.13,-4.28
annie,caitlyn,407,204.0,203.0,58.13,41.87,-38.13
annie,camille,407,204.0,203.0,58.13,0.0,-8.13
annie,chogath,407,204.0,203.0,58.13,41.87,0.0
annie,corki,407,204.0,203.0,58.13,-6.13,13.3
annie,elise,407,204.0,203.0,58.13,-8.13,-8.13
annie,ezreal,407,204.0,203.0,58.13,-18.13,-1.88
annie,fiora,407,204.0,203.0,58.13,0.0,41.87
annie,galio,407,204.0,203.0,58.13,0.0,-2.25
annie,gangplank,407,204.0,203.0,58.13,41.87,0.0
annie,garen,407,204.0,203.0,58.13,41.87,0.0
annie,gnar,407,204.0,203.0,58.13,16.87,-24.8
annie,gragas,407,204.0,203.0,58.13,41.87,-58.13
annie,graves,407,204.0,203.0,58.13,-58.13,0.0
annie,gwen,407,204.0,203.0,58.13,-8.13,13.87
annie,hwei,407,204.0,203.0,58.13,0.0,8.54
annie,jarvan iv,407,204.0,203.0,58.13,-8.13,-28.72
annie,jax,407,204.0,203.0,58.13,-8.13,-8.13
annie,jayce,407,204.0,203.0,58.13,8.54,-8.13
annie,jhin,407,204.0,203.0,58.13,-16.02,7.09
annie,jinx,407,204.0,203.0,58.13,-24.8,8.54
annie,kaisa,407,204.0,203.0,58.13,20.82,3.77
annie,kalista,407,204.0,203.0,58.13,27.58,-15.27
annie,karma,407,204.0,203.0,58.13,8.54,-18.13
annie,kennen,407,204.0,203.0,58.13,-58.13,0.0
annie,kindred,407,204.0,203.0,58.13,41.87,-8.13
annie,ksante,407,204.0,203.0,58.13,23.12,8.54
annie,lee sin,407,204.0,203.0,58.13,-43.84,-58.13
annie,leona,407,204.0,203.0,58.13,-11.98,0.2
annie,lillia,407,204.0,203.0,58.13,0.0,-58.13
annie,lucian,407,204.0,203.0,58.13,0.2,6.58
annie,lulu,407,204.0,203.0,58.13,-13.69,41.87
annie,lux,407,204.0,203.0,58.13,0.0,-58.13
annie,malzahar,407,204.0,203.0,58.13,0.0,41.87
annie,maokai,407,204.0,203.0,58.13,-58.13,25.2
annie,milio,407,204.0,203.0,58.13,-58.13,0.0
annie,miss fortune,407,204.0,203.0,58.13,1.87,-13.69
annie,morgana,407,204.0,203.0,58.13,0.0,-8.13
annie,naafiri,407,204.0,203.0,58.13,5.51,-8.13
annie,nami,407,204.0,203.0,58.13,8.54,41.87
annie,nasus,407,204.0,203.0,58.13,0.0,41.87
annie,nautilus,407,204.0,203.0,58.13,-16.02,13.3
annie,neeko,407,204.0,203.0,58.13,5.87,-12.68
annie,nidalee,407,204.0,203.0,58.13,0.0,8.54
annie,nilah,407,204.0,203.0,58.13,0.0,41.87
annie,nocturne,407,204.0,203.0,58.13,-18.13,-24.8
annie,olaf,407,204.0,203.0,58.13,-58.13,41.87
annie,orianna,407,204.0,203.0,58.13,0.0,-1.46
annie,ornn,407,204.0,203.0,58.13,4.37,1.87
annie,pantheon,407,204.0,203.0,58.13,-5.19,9.73
annie,poppy,407,204.0,203.0,58.13,15.2,-42.75
annie,qiyana,407,204.0,203.0,58.13,13.3,-58.13
annie,rakan,407,204.0,203.0,58.13,33.54,-10.3
annie,rammus,407,204.0,203.0,58.13,0.0,41.87
annie,reksai,407,204.0,203.0,58.13,0.0,-58.13
annie,rell,407,204.0,203.0,58.13,-6.7,8.54
annie,renata glasc,407,204.0,203.0,58.13,13.3,-18.13
annie,renekton,407,204.0,203.0,58.13,-4.28,0.2
annie,rumble,407,204.0,203.0,58.13,6.58,2.58
annie,ryze,407,204.0,203.0,58.13,-58.13,-19.67
annie,sejuani,407,204.0,203.0,58.13,0.0,16.87
annie,senna,407,204.0,203.0,58.13,-2.57,-3.58
annie,seraphine,407,204.0,203.0,58.13,0.0,41.87
annie,shen,407,204.0,203.0,58.13,-24.8,-8.13
annie,sion,407,204.0,203.0,58.13,-11.98,3.77
annie,sivir,407,204.0,203.0,58.13,-5.19,12.46
annie,skarner,407,204.0,203.0,58.13,-38.13,12.46
annie,smolder,407,204.0,203.0,58.13,-33.13,41.87
annie,sylas,407,204.0,203.0,58.13,41.87,-8.13
annie,syndra,407,204.0,203.0,58.13,0.0,8.54
annie,tahm kench,407,204.0,203.0,58.13,41.87,-8.13
annie,taliyah,407,204.0,203.0,58.13,0.0,1.87
annie,taric,407,204.0,203.0,58.13,-58.13,41.87
annie,thresh,407,204.0,203.0,58.13,0.0,-8.13
annie,tristana,407,204.0,203.0,58.13,0.0,16.87
annie,trundle,407,204.0,203.0,58.13,11.1,11.1
annie,udyr,407,204.0,203.0,58.13,0.0,-58.13
annie,varus,407,204.0,203.0,58.13,0.69,-3.58
annie,vi,407,204.0,203.0,58.13,-0.24,20.44
annie,viego,407,204.0,203.0,58.13,-18.13,1.87
annie,viktor,407,204.0,203.0,58.13,0.0,-0.99
annie,volibear,407,204.0,203.0,58.13,-58.13,0.0
annie,wukong,407,204.0,203.0,58.13,7.18,3.94
annie,xayah,407,204.0,203.0,58.13,5.87,-19.24
annie,xin zhao,407,204.0,203.0,58.13,1.87,6.16
annie,yone,407,204.0,203.0,58.13,-58.13,-8.13
annie,yorick,407,204.0,203.0,58.13,13.3,-5.19
annie,yunara,407,204.0,203.0,58.13,10.62,-8.13
annie,zed,407,204.0,203.0,58.13,21.87,8.54
annie,zeri,407,204.0,203.0,58.13,8.54,8.54
annie,ziggs,407,204.0,203.0,58.13,41.87,-24.8
zed,aatrox,58,20.0,38.0,50.0,0.0,-50.0
zed,ahri,58,20.0,38.0,50.0,-50.0,50.0
zed,akali,58,20.0,38.0,50.0,0.0,-50.0
zed,alistar,58,20.0,38.0,50.0,10.0,0.0
zed,ambessa,58,20.0,38.0,50.0,-50.0,0.0
zed,annie,58,20.0,38.0,50.0,30.0,-16.67
zed,aphelios,58,20.0,38.0,50.0,0.0,50.0
zed,aurora,58,20.0,38.0,50.0,16.67,0.0
zed,azir,58,20.0,38.0,50.0,-50.0,0.0
zed,bard,58,20.0,38.0,50.0,-50.0,50.0
zed,blitzcrank,58,20.0,38.0,50.0,50.0,0.0
zed,braum,58,20.0,38.0,50.0,25.0,-30.0
zed,caitlyn,58,20.0,38.0,50.0,0.0,-50.0
zed,camille,58,20.0,38.0,50.0,0.0,0.0
zed,cassiopeia,58,20.0,38.0,50.0,0.0,50.0
zed,chogath,58,20.0,38.0,50.0,0.0,-16.67
zed,corki,58,20.0,38.0,50.0,0.0,0.0
zed,draven,58,20.0,38.0,50.0,0.0,-50.0
zed,ezreal,58,20.0,38.0,50.0,50.0,-7.14
zed,galio,58,20.0,38.0,50.0,10.0,50.0
zed,gnar,58,20.0,38.0,50.0,50.0,0.0
zed,gragas,58,20.0,38.0,50.0,-50.0,-16.67
zed,gwen,58,20.0,38.0,50.0,-50.0,16.67
zed,jarvan iv,58,20.0,38.0,50.0,0.0,-50.0
zed,jax,58,20.0,38.0,50.0,0.0,0.0
zed,jayce,58,20.0,38.0,50.0,0.0,-16.67
zed,jhin,58,20.0,38.0,50.0,-50.0,50.0
zed,jinx,58,20.0,38.0,50.0,-50.0,50.0
zed,kaisa,58,20.0,38.0,50.0,-16.67,0.0
zed,kalista,58,20.0,38.0,50.0,0.0,0.0
zed,karma,58,20.0,38.0,50.0,50.0,0.0
zed,kennen,58,20.0,38.0,50.0,0.0,-50.0
zed,kindred,58,20.0,38.0,50.0,0.0,0.0
zed,ksante,58,20.0,38.0,50.0,0.0,0.0
zed,lee sin,58,20.0,38.0,50.0,0.0,-50.0
zed,leona,58,20.0,38.0,50.0,-50.0,10.0
zed,lillia,58,20.0,38.0,50.0,-50.0,0.0
zed,lissandra,58,20.0,38.0,50.0,-50.0,0.0
zed,lucian,58,20.0,38.0,50.0,0.0,25.0
zed,lulu,58,20.0,38.0,50.0,-16.67,0.0
zed,maokai,58,20.0,38.0,50.0,0.0,50.0
zed,mel,58,20.0,38.0,50.0,-50.0,0.0
zed,milio,58,20.0,38.0,50.0,0.0,50.0
zed,miss fortune,58,20.0,38.0,50.0,16.67,50.0
zed,naafiri,58,20.0,38.0,50.0,50.0,50.0
zed,nami,58,20.0,38.0,50.0,0.0,50.0
zed,nautilus,58,20.0,38.0,50.0,0.0,-16.67
zed,neeko,58,20.0,38.0,50.0,-50.0,-16.67
zed,nidalee,58,20.0,38.0,50.0,50.0,0.0
zed,nocturne,58,20.0,38.0,50.0,0.0,-50.0
zed,olaf,58,20.0,38.0,50.0,0.0,0.0
zed,orianna,58,20.0,38.0,50.0,-50.0,-33.33
zed,ornn,58,20.0,38.0,50.0,-50.0,50.0
zed,pantheon,58,20.0,38.0,50.0,0.0,50.0
zed,poppy,58,20.0,38.0,50.0,0.0,50.0
zed,qiyana,58,20.0,38.0,50.0,0.0,-50.0
zed,rakan,58,20.0,38.0,50.0,16.67,-16.67
zed,rell,58,20.0,38.0,50.0,16.67,-16.67
zed,renata glasc,58,20.0,38.0,50.0,16.67,-16.67
zed,renekton,58,20.0,38.0,50.0,0.0,10.0
zed,rumble,58,20.0,38.0,50.0,50.0,0.0
zed,ryze,58,20.0,38.0,50.0,7.14,16.67
zed,sejuani,58,20.0,38.0,50.0,0.0,-16.67
zed,senna,58,20.0,38.0,50.0,-16.67,50.0
zed,shen,58,20.0,38.0,50.0,50.0,50.0
zed,sion,58,20.0,38.0,50.0,-25.0,50.0
zed,sivir,58,20.0,38.0,50.0,-25.0,-50.0
zed,skarner,58,20.0,38.0,50.0,50.0,-50.0
zed,smolder,58,20.0,38.0,50.0,0.0,-50.0
zed,swain,58,20.0,38.0,50.0,0.0,-50.0
zed,sylas,58,20.0,38.0,50.0,0.0,50.0
zed,syndra,58,20.0,38.0,50.0,-50.0,0.0
zed,taliyah,58,20.0,38.0,50.0,-50.0,25.0
zed,thresh,58,20.0,38.0,50.0,-50.0,50.0
zed,trundle,58,20.0,38.0,50.0,0.0,8.33
zed,twisted fate,58,20.0,38.0,50.0,50.0,-50.0
zed,udyr,58,20.0,38.0,50.0,0.0,-50.0
zed,varus,58,20.0,38.0,50.0,50.0,0.0
zed,vex,58,20.0,38.0,50.0,0.0,50.0
zed,vi,58,20.0,38.0,50.0,0.0,50.0
zed,viego,58,20.0,38.0,50.0,0.0,50.0
zed,viktor,58,20.0,38.0,50.0,50.0,16.67
zed,vladimir,58,20.0,38.0,50.0,0.0,0.0
zed,xayah,58,20.0,38.0,50.0,50.0,-25.0
zed,xin zhao,58,20.0,38.0,50.0,0.0,16.67
zed,yone,58,20.0,38.0,50.0,0.0,-16.67
zed,yorick,58,20.0,38.0,50.0,0.0,16.67
zed,yunara,58,20.0,38.0,50.0,50.0,50.0
zed,zeri,58,20.0,38.0,50.0,50.0,0.0
zed,ziggs,58,20.0,38.0,50.0,50.0,0.0
yuumi,ahri,12,2.0,10.0,30.0,3.33,0.0
yuumi,akali,12,2.0,10.0,30.0,0.0,-30.0
yuumi,ambessa,12,2.0,10.0,30.0,0.0,20.0
yuumi,ashe,12,2.0,10.0,30.0,0.0,-30.0
yuumi,aurora,12,2.0,10.0,30.0,-30.0,0.0
yuumi,azir,12,2.0,10.0,30.0,70.0,0.0
yuumi,braum,12,2.0,10.0,30.0,0.0,-30.0
yuumi,camille,12,2.0,10.0,30.0,-30.0,-30.0
yuumi,corki,12,2.0,10.0,30.0,-30.0,-30.0
yuumi,ezreal,12,2.0,10.0,30.0,-30.0,0.0
yuumi,gangplank,12,2.0,10.0,30.0,-30.0,0.0
yuumi,gnar,12,2.0,10.0,30.0,-30.0,70.0
yuumi,gragas,12,2.0,10.0,30.0,-30.0,0.0
yuumi,gwen,12,2.0,10.0,30.0,0.0,-30.0
yuumi,jarvan iv,12,2.0,10.0,30.0,0.0,-30.0
yuumi,jax,12,2.0,10.0,30.0,0.0,-30.0
yuumi,jayce,12,2.0,10.0,30.0,70.0,0.0
yuumi,jhin,12,2.0,10.0,30.0,0.0,-30.0
yuumi,jinx,12,2.0,10.0,30.0,0.0,-30.0
yuumi,karma,12,2.0,10.0,30.0,0.0,-30.0
yuumi,kog,12,2.0,10.0,30.0,0.0,70.0
yuumi,ksante,12,2.0,10.0,30.0,0.0,-30.0
yuumi,lee sin,12,2.0,10.0,30.0,0.0,-30.0
yuumi,lillia,12,2.0,10.0,30.0,0.0,-30.0
yuumi,lucian,12,2.0,10.0,30.0,0.0,3.33
yuumi,lulu,12,2.0,10.0,30.0,0.0,20.0
yuumi,maokai,12,2.0,10.0,30.0,-30.0,20.0
yuumi,nami,12,2.0,10.0,30.0,0.0,3.33
yuumi,nilah,12,2.0,10.0,30.0,0.0,-30.0
yuumi,nocturne,12,2.0,10.0,30.0,0.0,-30.0
yuumi,orianna,12,2.0,10.0,30.0,3.33,-30.0
yuumi,ornn,12,2.0,10.0,30.0,70.0,0.0
yuumi,pantheon,12,2.0,10.0,30.0,70.0,20.0
yuumi,renekton,12,2.0,10.0,30.0,70.0,-30.0
yuumi,rumble,12,2.0,10.0,30.0,0.0,-30.0
yuumi,sejuani,12,2.0,10.0,30.0,3.33,0.0
yuumi,senna,12,2.0,10.0,30.0,0.0,-30.0
yuumi,sion,12,2.0,10.0,30.0,-30.0,70.0
yuumi,sivir,12,2.0,10.0,30.0,0.0,70.0
yuumi,skarner,12,2.0,10.0,30.0,-30.0,0.0
yuumi,smolder,12,2.0,10.0,30.0,0.0,70.0
yuumi,sylas,12,2.0,10.0,30.0,0.0,70.0
yuumi,taliyah,12,2.0,10.0,30.0,0.0,3.33
yuumi,wukong,12,2.0,10.0,30.0,-30.0,70.0
yuumi,xin zhao,12,2.0,10.0,30.0,-5.0,-30.0
yuumi,yasuo,12,2.0,10.0,30.0,-30.0,0.0
yuumi,yone,12,2.0,10.0,30.0,-30.0,0.0
yuumi,zeri,12,2.0,10.0,30.0,3.33,0.0
trundle,aatrox,418,231.0,187.0,47.59,-47.59,5.74
trundle,ahri,418,231.0,187.0,47.59,-3.15,-20.32
trundle,akali,418,231.0,187.0,47.59,2.41,52.41
trundle,alistar,418,231.0,187.0,47.59,-6.85,4.58
trundle,ambessa,418,231.0,187.0,47.59,-24.06,25.14
trundle,annie,418,231.0,187.0,47.59,21.64,-16.82
trundle,aphelios,418,231.0,187.0,47.59,-47.59,-14.26
trundle,ashe,418,231.0,187.0,47.59,19.08,0.0
trundle,aurelion sol,418,231.0,187.0,47.59,-47.59,0.0
trundle,aurora,418,231.0,187.0,47.59,27.41,-7.05
trundle,azir,418,231.0,187.0,47.59,-3.59,-0.22
trundle,bard,418,231.0,187.0,47.59,-9.13,-47.59
trundle,blitzcrank,418,231.0,187.0,47.59,52.41,-14.26
trundle,braum,418,231.0,187.0,47.59,8.66,-10.75
trundle,caitlyn,418,231.0,187.0,47.59,52.41,-47.59
trundle,camille,418,231.0,187.0,47.59,-22.59,2.41
trundle,cassiopeia,418,231.0,187.0,47.59,-4.73,-47.59
trundle,chogath,418,231.0,187.0,47.59,52.41,52.41
trundle,corki,418,231.0,187.0,47.59,0.69,10.3
trundle,ezreal,418,231.0,187.0,47.59,-3.84,-5.92
trundle,galio,418,231.0,187.0,47.59,-19.02,6.26
trundle,gangplank,418,231.0,187.0,47.59,0.0,-47.59
trundle,gnar,418,231.0,187.0,47.59,-22.59,27.41
trundle,gragas,418,231.0,187.0,47.59,12.41,2.41
trundle,gwen,418,231.0,187.0,47.59,-35.09,-5.48
trundle,hwei,418,231.0,187.0,47.59,-14.26,52.41
trundle,ivern,418,231.0,187.0,47.59,0.0,2.41
trundle,janna,418,231.0,187.0,47.59,52.41,0.0
trundle,jarvan iv,418,231.0,187.0,47.59,0.0,-11.23
trundle,jax,418,231.0,187.0,47.59,-7.59,-20.32
trundle,jayce,418,231.0,187.0,47.59,39.91,-14.26
trundle,jhin,418,231.0,187.0,47.59,-2.59,-2.59
trundle,jinx,418,231.0,187.0,47.59,-7.59,2.41
trundle,kaisa,418,231.0,187.0,47.59,22.41,-2.14
trundle,kalista,418,231.0,187.0,47.59,2.41,-14.26
trundle,karma,418,231.0,187.0,47.59,-19.02,9.55
trundle,kassadin,418,231.0,187.0,47.59,2.41,0.0
trundle,kennen,418,231.0,187.0,47.59,52.41,0.0
trundle,kindred,418,231.0,187.0,47.59,0.0,2.41
trundle,ksante,418,231.0,187.0,47.59,30.19,12.41
trundle,leblanc,418,231.0,187.0,47.59,2.41,0.0
trundle,lee sin,418,231.0,187.0,47.59,0.0,12.41
trundle,leona,418,231.0,187.0,47.59,-9.49,14.91
trundle,lillia,418,231.0,187.0,47.59,0.0,-47.59
trundle,lucian,418,231.0,187.0,47.59,-14.26,2.41
trundle,lulu,418,231.0,187.0,47.59,-22.59,52.41
trundle,malzahar,418,231.0,187.0,47.59,-47.59,0.0
trundle,maokai,418,231.0,187.0,47.59,-14.26,-3.15
trundle,milio,418,231.0,187.0,47.59,-47.59,0.0
trundle,miss fortune,418,231.0,187.0,47.59,2.41,38.12
trundle,mordekaiser,418,231.0,187.0,47.59,0.0,52.41
trundle,morgana,418,231.0,187.0,47.59,-47.59,2.41
trundle,naafiri,418,231.0,187.0,47.59,0.0,9.55
trundle,nami,418,231.0,187.0,47.59,-14.26,52.41
trundle,nautilus,418,231.0,187.0,47.59,4.58,22.41
trundle,neeko,418,231.0,187.0,47.59,21.64,-0.92
trundle,nidalee,418,231.0,187.0,47.59,52.41,2.41
trundle,nocturne,418,231.0,187.0,47.59,0.0,2.41
trundle,olaf,418,231.0,187.0,47.59,-47.59,0.0
trundle,orianna,418,231.0,187.0,47.59,13.95,2.41
trundle,ornn,418,231.0,187.0,47.59,-1.76,19.08
trundle,pantheon,418,231.0,187.0,47.59,0.0,-2.14
trundle,poppy,418,231.0,187.0,47.59,9.55,-14.26
trundle,pyke,418,231.0,187.0,47.59,52.41,-47.59
trundle,rakan,418,231.0,187.0,47.59,13.95,-3.84
trundle,rell,418,231.0,187.0,47.59,-3.59,6.96
trundle,renata glasc,418,231.0,187.0,47.59,-14.26,-11.23
trundle,renekton,418,231.0,187.0,47.59,15.57,-4.73
trundle,rumble,418,231.0,187.0,47.59,-9.13,-12.11
trundle,ryze,418,231.0,187.0,47.59,-9.13,-9.49
trundle,sejuani,418,231.0,187.0,47.59,0.0,2.41
trundle,senna,418,231.0,187.0,47.59,-11.23,2.41
trundle,seraphine,418,231.0,187.0,47.59,-47.59,0.0
trundle,sett,418,231.0,187.0,47.59,2.41,0.0
trundle,shen,418,231.0,187.0,47.59,-47.59,0.0
trundle,sion,418,231.0,187.0,47.59,-4.11,10.74
trundle,sivir,418,231.0,187.0,47.59,-3.15,8.66
trundle,skarner,418,231.0,187.0,47.59,0.0,52.41
trundle,smolder,418,231.0,187.0,47.59,2.41,19.08
trundle,swain,418,231.0,187.0,47.59,52.41,0.0
trundle,sylas,418,231.0,187.0,47.59,-30.92,19.08
trundle,syndra,418,231.0,187.0,47.59,52.41,0.0
trundle,tahm kench,418,231.0,187.0,47.59,52.41,52.41
trundle,taliyah,418,231.0,187.0,47.59,2.41,0.56
trundle,talon,418,231.0,187.0,47.59,0.0,-47.59
trundle,taric,418,231.0,187.0,47.59,0.0,52.41
trundle,thresh,418,231.0,187.0,47.59,0.0,2.41
trundle,tristana,418,231.0,187.0,47.59,0.0,19.08
trundle,tryndamere,418,231.0,187.0,47.59,0.0,52.41
trundle,twisted fate,418,231.0,187.0,47.59,19.08,0.0
trundle,udyr,418,231.0,187.0,47.59,0.0,52.41
trundle,varus,418,231.0,187.0,47.59,8.66,-19.02
trundle,vayne,418,231.0,187.0,47.59,-47.59,0.0
trundle,veigar,418,231.0,187.0,47.59,0.0,-47.59
trundle,vi,418,231.0,187.0,47.59,0.0,8.66
trundle,viego,418,231.0,187.0,47.59,0.0,52.41
trundle,viktor,418,231.0,187.0,47.59,-11.88,14.91
trundle,wukong,418,231.0,187.0,47.59,0.0,-6.21
trundle,xayah,418,231.0,187.0,47.59,-2.14,6.26
trundle,xin zhao,418,231.0,187.0,47.59,0.0,-7.59
trundle,yasuo,418,231.0,187.0,47.59,0.0,52.41
trundle,yone,418,231.0,187.0,47.59,-14.26,-6.41
trundle,yorick,418,231.0,187.0,47.59,5.35,9.55
trundle,yunara,418,231.0,187.0,47.59,2.41,-19.02
trundle,zed,418,231.0,187.0,47.59,0.0,-5.92
trundle,zeri,418,231.0,187.0,47.59,2.41,7.97
trundle,ziggs,418,231.0,187.0,47.59,27.41,-14.26
trundle,zoe,418,231.0,187.0,47.59,-47.59,0.0
trundle,zyra,418,231.0,187.0,47.59,0.0,52.41
graves,akali,2,1.0,1.0,0.0,0.0,0.0
graves,annie,2,1.0,1.0,0.0,0.0,0.0
graves,caitlyn,2,1.0,1.0,0.0,0.0,0.0
graves,lucian,2,1.0,1.0,0.0,0.0,0.0
graves,lux,2,1.0,1.0,0.0,0.0,0.0
graves,nami,2,1.0,1.0,0.0,0.0,0.0
graves,poppy,2,1.0,1.0,0.0,0.0,0.0
graves,shen,2,1.0,1.0,0.0,0.0,0.0
graves,yorick,2,1.0,1.0,0.0,0.0,0.0
fiddlesticks,akali,5,2.0,3.0,100.0,0.0,0.0
fiddlesticks,ambessa,5,2.0,3.0,100.0,0.0,0.0
fiddlesticks,aurora,5,2.0,3.0,100.0,0.0,0.0
fiddlesticks,azir,5,2.0,3.0,100.0,0.0,0.0
fiddlesticks,ezreal,5,2.0,3.0,100.0,0.0,0.0
fiddlesticks,gnar,5,2.0,3.0,100.0,0.0,0.0
fiddlesticks,gwen,5,2.0,3.0,100.0,0.0,0.0
fiddlesticks,jayce,5,2.0,3.0,100.0,0.0,0.0
fiddlesticks,jhin,5,2.0,3.0,100.0,0.0,0.0
fiddlesticks,kaisa,5,2.0,3.0,100.0,0.0,0.0
fiddlesticks,leona,5,2.0,3.0,100.0,0.0,0.0
fiddlesticks,miss fortune,5,2.0,3.0,100.0,0.0,0.0
fiddlesticks,naafiri,5,2.0,3.0,100.0,0.0,0.0
fiddlesticks,neeko,5,2.0,3.0,100.0,0.0,0.0
fiddlesticks,pantheon,5,2.0,3.0,100.0,0.0,0.0
fiddlesticks,poppy,5,2.0,3.0,100.0,0.0,0.0
fiddlesticks,ryze,5,2.0,3.0,100.0,0.0,0.0
fiddlesticks,sejuani,5,2.0,3.0,100.0,0.0,0.0
fiddlesticks,vi,5,2.0,3.0,100.0,0.0,0.0
fiddlesticks,vladimir,5,2.0,3.0,100.0,0.0,0.0
fiddlesticks,xin zhao,5,2.0,3.0,100.0,0.0,0.0
fiddlesticks,yone,5,2.0,3.0,100.0,0.0,0.0
nami,aatrox,47,3.0,44.0,34.09,-34.09,65.91
nami,ahri,47,3.0,44.0,34.09,-34.09,15.91
nami,akali,47,3.0,44.0,34.09,0.0,-9.09
nami,ambessa,47,3.0,44.0,34.09,32.58,-34.09
nami,annie,47,3.0,44.0,34.09,32.58,-34.09
nami,ashe,47,3.0,44.0,34.09,0.0,-34.09
nami,aurelion sol,47,3.0,44.0,34.09,-34.09,0.0
nami,aurora,47,3.0,44.0,34.09,-9.09,-34.09
nami,azir,47,3.0,44.0,34.09,-34.09,8.77
nami,blitzcrank,47,3.0,44.0,34.09,0.0,65.91
nami,braum,47,3.0,44.0,34.09,0.0,-14.09
nami,caitlyn,47,3.0,44.0,34.09,0.0,5.91
nami,camille,47,3.0,44.0,34.09,0.0,-34.09
nami,corki,47,3.0,44.0,34.09,-34.09,0.0
nami,ezreal,47,3.0,44.0,34.09,0.0,-0.76
nami,fiora,47,3.0,44.0,34.09,-34.09,0.0
nami,galio,47,3.0,44.0,34.09,15.91,-34.09
nami,gnar,47,3.0,44.0,34.09,-34.09,40.91
nami,gragas,47,3.0,44.0,34.09,65.91,0.0
nami,graves,47,3.0,44.0,34.09,-34.09,0.0
nami,gwen,47,3.0,44.0,34.09,65.91,-34.09
nami,hwei,47,3.0,44.0,34.09,15.91,65.91
nami,jarvan iv,47,3.0,44.0,34.09,-34.09,-34.09
nami,jax,47,3.0,44.0,34.09,0.0,-0.76
nami,jayce,47,3.0,44.0,34.09,-34.09,-34.09
nami,jhin,47,3.0,44.0,34.09,0.0,-34.09
nami,kaisa,47,3.0,44.0,34.09,0.0,5.91
nami,kalista,47,3.0,44.0,34.09,0.0,3.41
nami,karma,47,3.0,44.0,34.09,0.0,5.91
nami,kog,47,3.0,44.0,34.09,0.0,-34.09
nami,ksante,47,3.0,44.0,34.09,5.91,-17.42
nami,leblanc,47,3.0,44.0,34.09,15.91,65.91
nami,lee sin,47,3.0,44.0,34.09,0.0,-34.09
nami,lillia,47,3.0,44.0,34.09,0.0,65.91
nami,lissandra,47,3.0,44.0,34.09,-34.09,0.0
nami,lucian,47,3.0,44.0,34.09,1.62,0.0
nami,lulu,47,3.0,44.0,34.09,0.0,-34.09
nami,lux,47,3.0,44.0,34.09,0.0,-34.09
nami,maokai,47,3.0,44.0,34.09,-34.09,0.0
nami,miss fortune,47,3.0,44.0,34.09,0.0,-34.09
nami,mordekaiser,47,3.0,44.0,34.09,0.0,-34.09
nami,naafiri,47,3.0,44.0,34.09,-34.09,-34.09
nami,nasus,47,3.0,44.0,34.09,0.0,15.91
nami,nautilus,47,3.0,44.0,34.09,0.0,-34.09
nami,neeko,47,3.0,44.0,34.09,0.0,2.27
nami,nidalee,47,3.0,44.0,34.09,15.91,0.0
nami,nocturne,47,3.0,44.0,34.09,65.91,-34.09
nami,orianna,47,3.0,44.0,34.09,-0.76,65.91
nami,ornn,47,3.0,44.0,34.09,-34.09,-0.76
nami,pantheon,47,3.0,44.0,34.09,-17.42,-9.09
nami,poppy,47,3.0,44.0,34.09,32.58,-34.09
nami,rakan,47,3.0,44.0,34.09,0.0,25.91
nami,reksai,47,3.0,44.0,34.09,-34.09,0.0
nami,rell,47,3.0,44.0,34.09,0.0,-34.09
nami,renata glasc,47,3.0,44.0,34.09,0.0,15.91
nami,renekton,47,3.0,44.0,34.09,-34.09,65.91
nami,rumble,47,3.0,44.0,34.09,-5.52,-0.76
nami,ryze,47,3.0,44.0,34.09,65.91,5.91
nami,sejuani,47,3.0,44.0,34.09,-34.09,15.91
nami,senna,47,3.0,44.0,34.09,-34.09,0.0
nami,shen,47,3.0,44.0,34.09,-34.09,0.0
nami,sion,47,3.0,44.0,34.09,3.41,25.91
nami,skarner,47,3.0,44.0,34.09,-17.42,25.91
nami,smolder,47,3.0,44.0,34.09,-34.09,-34.09
nami,sylas,47,3.0,44.0,34.09,-34.09,32.58
nami,syndra,47,3.0,44.0,34.09,-34.09,0.0
nami,taliyah,47,3.0,44.0,34.09,45.91,-9.09
nami,talon,47,3.0,44.0,34.09,0.0,15.91
nami,trundle,47,3.0,44.0,34.09,-0.76,-34.09
nami,twisted fate,47,3.0,44.0,34.09,0.0,-34.09
nami,varus,47,3.0,44.0,34.09,0.0,-0.76
nami,vi,47,3.0,44.0,34.09,-9.09,65.91
nami,viktor,47,3.0,44.0,34.09,-9.09,-34.09
nami,wukong,47,3.0,44.0,34.09,25.91,-0.76
nami,xayah,47,3.0,44.0,34.09,0.0,40.91
nami,xin zhao,47,3.0,44.0,34.09,28.41,21.47
nami,yone,47,3.0,44.0,34.09,-34.09,-34.09
nami,yorick,47,3.0,44.0,34.09,65.91,-9.09
nami,yunara,47,3.0,44.0,34.09,0.0,-34.09
nami,yuumi,47,3.0,44.0,34.09,0.0,32.58
nami,zed,47,3.0,44.0,34.09,0.0,-34.09
nami,zeri,47,3.0,44.0,34.09,0.0,-0.76
nami,zoe,47,3.0,44.0,34.09,15.91,0.0
nami,zyra,47,3.0,44.0,34.09,0.0,-34.09
kassadin,aatrox,11,2.0,9.0,66.67,0.0,33.33
kassadin,alistar,11,2.0,9.0,66.67,-16.67,-16.67
kassadin,ambessa,11,2.0,9.0,66.67,33.33,0.0
kassadin,bard,11,2.0,9.0,66.67,33.33,-66.67
kassadin,braum,11,2.0,9.0,66.67,33.33,-66.67
kassadin,ezreal,11,2.0,9.0,66.67,-16.67,33.33
kassadin,gangplank,11,2.0,9.0,66.67,0.0,-66.67
kassadin,gnar,11,2.0,9.0,66.67,-66.67,0.0
kassadin,gragas,11,2.0,9.0,66.67,0.0,33.33
kassadin,ivern,11,2.0,9.0,66.67,0.0,33.33
kassadin,jarvan iv,11,2.0,9.0,66.67,0.0,33.33
kassadin,jax,11,2.0,9.0,66.67,0.0,33.33
kassadin,jayce,11,2.0,9.0,66.67,33.33,0.0
kassadin,jhin,11,2.0,9.0,66.67,0.0,33.33
kassadin,jinx,11,2.0,9.0,66.67,-66.67,33.33
kassadin,kaisa,11,2.0,9.0,66.67,0.0,-66.67
kassadin,karma,11,2.0,9.0,66.67,-66.67,33.33
kassadin,ksante,11,2.0,9.0,66.67,8.33,-66.67
kassadin,leona,11,2.0,9.0,66.67,33.33,33.33
kassadin,lillia,11,2.0,9.0,66.67,0.0,-66.67
kassadin,miss fortune,11,2.0,9.0,66.67,33.33,-66.67
kassadin,morgana,11,2.0,9.0,66.67,0.0,33.33
kassadin,mundo,11,2.0,9.0,66.67,0.0,33.33
kassadin,naafiri,11,2.0,9.0,66.67,33.33,-66.67
kassadin,neeko,11,2.0,9.0,66.67,33.33,0.0
kassadin,nocturne,11,2.0,9.0,66.67,-66.67,33.33
kassadin,olaf,11,2.0,9.0,66.67,0.0,33.33
kassadin,orianna,11,2.0,9.0,66.67,0.0,-33.34
kassadin,pantheon,11,2.0,9.0,66.67,-66.67,0.0
kassadin,poppy,11,2.0,9.0,66.67,-66.67,-66.67
kassadin,rakan,11,2.0,9.0,66.67,33.33,33.33
kassadin,rell,11,2.0,9.0,66.67,0.0,33.33
kassadin,renekton,11,2.0,9.0,66.67,-66.67,33.33
kassadin,rumble,11,2.0,9.0,66.67,0.0,33.33
kassadin,sejuani,11,2.0,9.0,66.67,0.0,33.33
kassadin,sion,11,2.0,9.0,66.67,0.0,-66.67
kassadin,sivir,11,2.0,9.0,66.67,33.33,0.0
kassadin,skarner,11,2.0,9.0,66.67,33.33,33.33
kassadin,smolder,11,2.0,9.0,66.67,0.0,-16.67
kassadin,thresh,11,2.0,9.0,66.67,0.0,33.33
kassadin,tristana,11,2.0,9.0,66.67,33.33,0.0
kassadin,trundle,11,2.0,9.0,66.67,-16.67,0.0
kassadin,varus,11,2.0,9.0,66.67,33.33,0.0
kassadin,vi,11,2.0,9.0,66.67,33.33,0.0
kassadin,viktor,11,2.0,9.0,66.67,0.0,8.33
kassadin,xin zhao,11,2.0,9.0,66.67,33.33,0.0
kassadin,zeri,11,2.0,9.0,66.67,0.0,33.33
dr. mundo,,9,4.0,5.0,0.0,0.0,0.0
aphelios,aatrox,45,10.0,35.0,37.14,-37.14,-37.14
aphelios,ahri,45,10.0,35.0,37.14,12.86,0.0
aphelios,alistar,45,10.0,35.0,37.14,12.86,-20.47
aphelios,ambessa,45,10.0,35.0,37.14,-3.81,29.53
aphelios,annie,45,10.0,35.0,37.14,0.0,12.86
aphelios,aurelion sol,45,10.0,35.0,37.14,0.0,62.86
aphelios,aurora,45,10.0,35.0,37.14,-3.81,0.0
aphelios,azir,45,10.0,35.0,37.14,-37.14,-37.14
aphelios,bard,45,10.0,35.0,37.14,0.0,62.86
aphelios,blitzcrank,45,10.0,35.0,37.14,-37.14,-37.14
aphelios,braum,45,10.0,35.0,37.14,62.86,12.86
aphelios,camille,45,10.0,35.0,37.14,62.86,62.86
aphelios,cassiopeia,45,10.0,35.0,37.14,0.0,62.86
aphelios,chogath,45,10.0,35.0,37.14,-37.14,0.0
aphelios,corki,45,10.0,35.0,37.14,0.0,-37.14
aphelios,ezreal,45,10.0,35.0,37.14,0.0,12.86
aphelios,galio,45,10.0,35.0,37.14,-37.14,-3.81
aphelios,gnar,45,10.0,35.0,37.14,62.86,-17.14
aphelios,gragas,45,10.0,35.0,37.14,62.86,0.0
aphelios,gwen,45,10.0,35.0,37.14,0.0,-37.14
aphelios,ivern,45,10.0,35.0,37.14,0.0,-37.14
aphelios,jarvan iv,45,10.0,35.0,37.14,-37.14,12.86
aphelios,jax,45,10.0,35.0,37.14,-37.14,62.86
aphelios,jayce,45,10.0,35.0,37.14,12.86,62.86
aphelios,jhin,45,10.0,35.0,37.14,0.0,29.53
aphelios,jinx,45,10.0,35.0,37.14,0.0,-17.14
aphelios,kaisa,45,10.0,35.0,37.14,0.0,-12.14
aphelios,kalista,45,10.0,35.0,37.14,0.0,62.86
aphelios,karma,45,10.0,35.0,37.14,-37.14,-37.14
aphelios,ksante,45,10.0,35.0,37.14,2.86,62.86
aphelios,leblanc,45,10.0,35.0,37.14,0.0,-37.14
aphelios,lee sin,45,10.0,35.0,37.14,-37.14,-37.14
aphelios,leona,45,10.0,35.0,37.14,0.0,-3.81
aphelios,lillia,45,10.0,35.0,37.14,-37.14,-37.14
aphelios,lucian,45,10.0,35.0,37.14,0.0,37.86
aphelios,lulu,45,10.0,35.0,37.14,-37.14,-37.14
aphelios,maokai,45,10.0,35.0,37.14,-37.14,12.86
aphelios,milio,45,10.0,35.0,37.14,0.0,-37.14
aphelios,mundo,45,10.0,35.0,37.14,0.0,-37.14
aphelios,nautilus,45,10.0,35.0,37.14,-37.14,-3.81
aphelios,neeko,45,10.0,35.0,37.14,-37.14,-37.14
aphelios,nocturne,45,10.0,35.0,37.14,62.86,0.0
aphelios,orianna,45,10.0,35.0,37.14,12.86,-12.14
aphelios,ornn,45,10.0,35.0,37.14,62.86,-3.81
aphelios,pantheon,45,10.0,35.0,37.14,12.86,62.86
aphelios,poppy,45,10.0,35.0,37.14,12.86,12.86
aphelios,rakan,45,10.0,35.0,37.14,-37.14,29.53
aphelios,rell,45,10.0,35.0,37.14,12.86,12.86
aphelios,renata glasc,45,10.0,35.0,37.14,-3.81,12.86
aphelios,renekton,45,10.0,35.0,37.14,62.86,12.86
aphelios,rumble,45,10.0,35.0,37.14,-37.14,22.86
aphelios,ryze,45,10.0,35.0,37.14,25.36,-17.14
aphelios,sejuani,45,10.0,35.0,37.14,22.86,62.86
aphelios,senna,45,10.0,35.0,37.14,0.0,62.86
aphelios,sett,45,10.0,35.0,37.14,0.0,-37.14
aphelios,shen,45,10.0,35.0,37.14,-37.14,0.0
aphelios,sion,45,10.0,35.0,37.14,-12.14,-17.14
aphelios,sivir,45,10.0,35.0,37.14,0.0,-37.14
aphelios,skarner,45,10.0,35.0,37.14,62.86,-37.14
aphelios,sylas,45,10.0,35.0,37.14,-37.14,62.86
aphelios,tahm kench,45,10.0,35.0,37.14,0.0,62.86
aphelios,taliyah,45,10.0,35.0,37.14,-8.57,-12.14
aphelios,taric,45,10.0,35.0,37.14,-37.14,0.0
aphelios,thresh,45,10.0,35.0,37.14,22.86,-37.14
aphelios,tristana,45,10.0,35.0,37.14,0.0,-37.14
aphelios,trundle,45,10.0,35.0,37.14,-37.14,29.53
aphelios,udyr,45,10.0,35.0,37.14,0.0,-37.14
aphelios,varus,45,10.0,35.0,37.14,0.0,-37.14
aphelios,vi,45,10.0,35.0,37.14,-3.81,12.86
aphelios,viego,45,10.0,35.0,37.14,-37.14,-37.14
aphelios,viktor,45,10.0,35.0,37.14,12.86,-3.81
aphelios,wukong,45,10.0,35.0,37.14,-37.14,-37.14
aphelios,xayah,45,10.0,35.0,37.14,0.0,12.86
aphelios,xin zhao,45,10.0,35.0,37.14,5.72,-8.57
aphelios,yasuo,45,10.0,35.0,37.14,-37.14,0.0
aphelios,yone,45,10.0,35.0,37.14,12.86,12.86
aphelios,yorick,45,10.0,35.0,37.14,62.86,-37.14
aphelios,yunara,45,10.0,35.0,37.14,0.0,-37.14
aphelios,zed,45,10.0,35.0,37.14,0.0,-37.14
aphelios,ziggs,45,10.0,35.0,37.14,0.0,-37.14
aphelios,zoe,45,10.0,35.0,37.14,0.0,62.86
aphelios,zyra,45,10.0,35.0,37.14,0.0,-37.14
ekko,alistar,3,1.0,2.0,50.0,50.0,0.0
ekko,azir,3,1.0,2.0,50.0,0.0,-50.0
ekko,braum,3,1.0,2.0,50.0,0.0,-50.0
ekko,corki,3,1.0,2.0,50.0,-50.0,0.0
ekko,gwen,3,1.0,2.0,50.0,-50.0,0.0
ekko,jarvan iv,3,1.0,2.0,50.0,50.0,0.0
ekko,jhin,3,1.0,2.0,50.0,0.0,50.0
ekko,lee sin,3,1.0,2.0,50.0,0.0,50.0
ekko,lucian,3,1.0,2.0,50.0,0.0,-50.0
ekko,nautilus,3,1.0,2.0,50.0,-50.0,0.0
ekko,poppy,3,1.0,2.0,50.0,0.0,-50.0
ekko,rakan,3,1.0,2.0,50.0,0.0,50.0
ekko,rumble,3,1.0,2.0,50.0,0.0,-50.0
ekko,sion,3,1.0,2.0,50.0,50.0,0.0
ekko,varus,3,1.0,2.0,50.0,50.0,0.0
ekko,viktor,3,1.0,2.0,50.0,0.0,50.0
ekko,xin zhao,3,1.0,2.0,50.0,-50.0,0.0
ekko,yorick,3,1.0,2.0,50.0,0.0,50.0
darius,,2,2.0,0.0,,0.0,0.0
yunara,aatrox,330,255.0,75.0,57.33,22.67,42.67
yunara,ahri,330,255.0,75.0,57.33,-57.33,-57.33
yunara,akali,330,255.0,75.0,57.33,-57.33,0.0
yunara,alistar,330,255.0,75.0,57.33,-14.47,-24.0
yunara,ambessa,330,255.0,75.0,57.33,-14.47,6.31
yunara,annie,330,255.0,75.0,57.33,11.42,-7.33
yunara,aphelios,330,255.0,75.0,57.33,0.0,42.67
yunara,aurora,330,255.0,75.0,57.33,-12.89,27.29
yunara,azir,330,255.0,75.0,57.33,17.67,-1.77
yunara,bard,330,255.0,75.0,57.33,9.34,42.67
yunara,braum,330,255.0,75.0,57.33,5.17,42.67
yunara,camille,330,255.0,75.0,57.33,42.67,0.0
yunara,cassiopeia,330,255.0,75.0,57.33,-57.33,-7.33
yunara,corki,330,255.0,75.0,57.33,0.0,-2.33
yunara,galio,330,255.0,75.0,57.33,-0.19,2.67
yunara,gnar,330,255.0,75.0,57.33,0.0,-24.0
yunara,gragas,330,255.0,75.0,57.33,-57.33,0.0
yunara,gwen,330,255.0,75.0,57.33,-7.33,-17.33
yunara,ivern,330,255.0,75.0,57.33,0.0,42.67
yunara,jarvan iv,330,255.0,75.0,57.33,22.67,-7.33
yunara,jax,330,255.0,75.0,57.33,-7.33,-57.33
yunara,jayce,330,255.0,75.0,57.33,0.0,42.67
yunara,jhin,330,255.0,75.0,57.33,0.0,9.34
yunara,jinx,330,255.0,75.0,57.33,0.0,-7.33
yunara,kaisa,330,255.0,75.0,57.33,0.0,1.49
yunara,karma,330,255.0,75.0,57.33,0.0,-7.33
yunara,kled,330,255.0,75.0,57.33,0.0,-57.33
yunara,ksante,330,255.0,75.0,57.33,-12.89,2.67
yunara,lee sin,330,255.0,75.0,57.33,-24.0,0.0
yunara,leona,330,255.0,75.0,57.33,-14.47,-32.33
yunara,lillia,330,255.0,75.0,57.33,0.0,42.67
yunara,lucian,330,255.0,75.0,57.33,0.0,42.67
yunara,lulu,330,255.0,75.0,57.33,17.67,-57.33
yunara,maokai,330,255.0,75.0,57.33,-7.33,42.67
yunara,milio,330,255.0,75.0,57.33,42.67,0.0
yunara,miss fortune,330,255.0,75.0,57.33,0.0,-57.33
yunara,mordekaiser,330,255.0,75.0,57.33,0.0,42.67
yunara,morgana,330,255.0,75.0,57.33,0.0,-57.33
yunara,naafiri,330,255.0,75.0,57.33,42.67,42.67
yunara,nami,330,255.0,75.0,57.33,0.0,42.67
yunara,nautilus,330,255.0,75.0,57.33,-7.33,19.59
yunara,neeko,330,255.0,75.0,57.33,28.38,9.34
yunara,nocturne,330,255.0,75.0,57.33,-57.33,-7.33
yunara,olaf,330,255.0,75.0,57.33,-57.33,0.0
yunara,orianna,330,255.0,75.0,57.33,20.45,-17.33
yunara,ornn,330,255.0,75.0,57.33,14.1,26.0
yunara,pantheon,330,255.0,75.0,57.33,-32.33,9.34
yunara,poppy,330,255.0,75.0,57.33,9.34,-7.33
yunara,qiyana,330,255.0,75.0,57.33,-7.33,-7.33
yunara,rakan,330,255.0,75.0,57.33,26.0,-27.92
yunara,rell,330,255.0,75.0,57.33,-20.97,-1.77
yunara,renata glasc,330,255.0,75.0,57.33,17.67,42.67
yunara,renekton,330,255.0,75.0,57.33,42.67,-32.33
yunara,rumble,330,255.0,75.0,57.33,7.38,-7.33
yunara,ryze,330,255.0,75.0,57.33,9.34,5.17
yunara,sejuani,330,255.0,75.0,57.33,42.67,42.67
yunara,sett,330,255.0,75.0,57.33,0.0,42.67
yunara,shen,330,255.0,75.0,57.33,-57.33,0.0
yunara,sion,330,255.0,75.0,57.33,-7.33,1.0
yunara,sivir,330,255.0,75.0,57.33,0.0,2.67
yunara,skarner,330,255.0,75.0,57.33,2.67,-57.33
yunara,smolder,330,255.0,75.0,57.33,0.0,17.67
yunara,sylas,330,255.0,75.0,57.33,0.0,-7.33
yunara,tahm kench,330,255.0,75.0,57.33,-57.33,0.0
yunara,taliyah,330,255.0,75.0,57.33,-24.0,2.67
yunara,taric,330,255.0,75.0,57.33,0.0,42.67
yunara,tristana,330,255.0,75.0,57.33,42.67,0.0
yunara,trundle,330,255.0,75.0,57.33,-7.33,14.1
yunara,twisted fate,330,255.0,75.0,57.33,9.34,0.0
yunara,udyr,330,255.0,75.0,57.33,0.0,42.67
yunara,varus,330,255.0,75.0,57.33,0.0,-14.47
yunara,vayne,330,255.0,75.0,57.33,0.0,42.67
yunara,vi,330,255.0,75.0,57.33,5.17,2.67
yunara,viego,330,255.0,75.0,57.33,42.67,0.0
yunara,viktor,330,255.0,75.0,57.33,-57.33,42.67
yunara,volibear,330,255.0,75.0,57.33,42.67,0.0
yunara,wukong,330,255.0,75.0,57.33,-0.19,-9.96
yunara,xayah,330,255.0,75.0,57.33,0.0,-24.0
yunara,xin zhao,330,255.0,75.0,57.33,2.67,4.21
yunara,yone,330,255.0,75.0,57.33,42.67,42.67
yunara,yorick,330,255.0,75.0,57.33,9.34,0.0
yunara,zed,330,255.0,75.0,57.33,42.67,-57.33
yunara,ziggs,330,255.0,75.0,57.33,42.67,42.67
yunara,zyra,330,255.0,75.0,57.33,42.67,0.0
qiyana,aatrox,52,36.0,16.0,56.25,43.75,-56.25
qiyana,akali,52,36.0,16.0,56.25,0.0,43.75
qiyana,alistar,52,36.0,16.0,56.25,10.42,3.75
qiyana,ambessa,52,36.0,16.0,56.25,0.0,10.42
qiyana,annie,52,36.0,16.0,56.25,15.18,43.75
qiyana,aurora,52,36.0,16.0,56.25,0.0,43.75
qiyana,bard,52,36.0,16.0,56.25,0.0,10.42
qiyana,blitzcrank,52,36.0,16.0,56.25,-56.25,0.0
qiyana,braum,52,36.0,16.0,56.25,43.75,43.75
qiyana,cassiopeia,52,36.0,16.0,56.25,-56.25,0.0
qiyana,corki,52,36.0,16.0,56.25,-22.92,-6.25
qiyana,galio,52,36.0,16.0,56.25,-6.25,43.75
qiyana,gnar,52,36.0,16.0,56.25,43.75,0.0
qiyana,gragas,52,36.0,16.0,56.25,-56.25,0.0
qiyana,ivern,52,36.0,16.0,56.25,0.0,-56.25
qiyana,jarvan iv,52,36.0,16.0,56.25,0.0,-6.25
qiyana,jax,52,36.0,16.0,56.25,0.0,-56.25
qiyana,jayce,52,36.0,16.0,56.25,0.0,-56.25
qiyana,jhin,52,36.0,16.0,56.25,-56.25,0.0
qiyana,jinx,52,36.0,16.0,56.25,-56.25,0.0
qiyana,kaisa,52,36.0,16.0,56.25,43.75,18.75
qiyana,kalista,52,36.0,16.0,56.25,43.75,0.0
qiyana,ksante,52,36.0,16.0,56.25,-6.25,43.75
qiyana,leona,52,36.0,16.0,56.25,-31.25,0.0
qiyana,lucian,52,36.0,16.0,56.25,43.75,0.0
qiyana,miss fortune,52,36.0,16.0,56.25,0.0,-56.25
qiyana,nautilus,52,36.0,16.0,56.25,0.0,-22.92
qiyana,neeko,52,36.0,16.0,56.25,10.42,0.0
qiyana,nocturne,52,36.0,16.0,56.25,0.0,-56.25
qiyana,orianna,52,36.0,16.0,56.25,0.0,43.75
qiyana,ornn,52,36.0,16.0,56.25,43.75,43.75
qiyana,poppy,52,36.0,16.0,56.25,-56.25,43.75
qiyana,rakan,52,36.0,16.0,56.25,-6.25,0.0
qiyana,reksai,52,36.0,16.0,56.25,-56.25,0.0
qiyana,rell,52,36.0,16.0,56.25,0.0,-22.92
qiyana,renata glasc,52,36.0,16.0,56.25,43.75,0.0
qiyana,renekton,52,36.0,16.0,56.25,-6.25,10.42
qiyana,rumble,52,36.0,16.0,56.25,-56.25,43.75
qiyana,ryze,52,36.0,16.0,56.25,43.75,-56.25
qiyana,sion,52,36.0,16.0,56.25,10.42,-6.25
qiyana,sivir,52,36.0,16.0,56.25,43.75,43.75
qiyana,smolder,52,36.0,16.0,56.25,0.0,-56.25
qiyana,swain,52,36.0,16.0,56.25,0.0,-56.25
qiyana,sylas,52,36.0,16.0,56.25,0.0,-56.25
qiyana,taliyah,52,36.0,16.0,56.25,-56.25,43.75
qiyana,tristana,52,36.0,16.0,56.25,-56.25,0.0
qiyana,twisted fate,52,36.0,16.0,56.25,-56.25,0.0
qiyana,twitch,52,36.0,16.0,56.25,0.0,-56.25
qiyana,viktor,52,36.0,16.0,56.25,-56.25,-56.25
qiyana,wukong,52,36.0,16.0,56.25,0.0,18.75
qiyana,xayah,52,36.0,16.0,56.25,43.75,43.75
qiyana,xin zhao,52,36.0,16.0,56.25,0.0,10.42
qiyana,yorick,52,36.0,16.0,56.25,43.75,0.0
qiyana,yunara,52,36.0,16.0,56.25,-6.25,-6.25
qiyana,zed,52,36.0,16.0,56.25,0.0,43.75
qiyana,zeri,52,36.0,16.0,56.25,0.0,43.75
qiyana,ziggs,52,36.0,16.0,56.25,0.0,-6.25
qiyana,zoe,52,36.0,16.0,56.25,0.0,-56.25
morgana,aatrox,16,6.0,10.0,40.0,10.0,60.0
morgana,ahri,16,6.0,10.0,40.0,0.0,60.0
morgana,alistar,16,6.0,10.0,40.0,-40.0,60.0
morgana,ambessa,16,6.0,10.0,40.0,-40.0,0.0
morgana,annie,16,6.0,10.0,40.0,0.0,10.0
morgana,aurora,16,6.0,10.0,40.0,0.0,-40.0
morgana,azir,16,6.0,10.0,40.0,60.0,0.0
morgana,bard,16,6.0,10.0,40.0,0.0,-40.0
morgana,caitlyn,16,6.0,10.0,40.0,-40.0,0.0
morgana,camille,16,6.0,10.0,40.0,-40.0,0.0
morgana,gangplank,16,6.0,10.0,40.0,0.0,-40.0
morgana,jarvan iv,16,6.0,10.0,40.0,-40.0,60.0
morgana,jax,16,6.0,10.0,40.0,-40.0,0.0
morgana,jayce,16,6.0,10.0,40.0,60.0,-40.0
morgana,jhin,16,6.0,10.0,40.0,-40.0,0.0
morgana,kaisa,16,6.0,10.0,40.0,60.0,60.0
morgana,kassadin,16,6.0,10.0,40.0,0.0,-40.0
morgana,ksante,16,6.0,10.0,40.0,0.0,-40.0
morgana,leona,16,6.0,10.0,40.0,10.0,-40.0
morgana,lulu,16,6.0,10.0,40.0,0.0,60.0
morgana,maokai,16,6.0,10.0,40.0,0.0,60.0
morgana,miss fortune,16,6.0,10.0,40.0,60.0,-40.0
morgana,naafiri,16,6.0,10.0,40.0,-40.0,0.0
morgana,nautilus,16,6.0,10.0,40.0,10.0,0.0
morgana,neeko,16,6.0,10.0,40.0,60.0,0.0
morgana,ornn,16,6.0,10.0,40.0,0.0,-40.0
morgana,pantheon,16,6.0,10.0,40.0,60.0,-40.0
morgana,poppy,16,6.0,10.0,40.0,0.0,60.0
morgana,rakan,16,6.0,10.0,40.0,0.0,-6.67
morgana,rammus,16,6.0,10.0,40.0,-40.0,0.0
morgana,rell,16,6.0,10.0,40.0,-40.0,-40.0
morgana,renekton,16,6.0,10.0,40.0,0.0,60.0
morgana,rumble,16,6.0,10.0,40.0,10.0,0.0
morgana,ryze,16,6.0,10.0,40.0,0.0,-40.0
morgana,sejuani,16,6.0,10.0,40.0,60.0,60.0
morgana,senna,16,6.0,10.0,40.0,0.0,-40.0
morgana,sion,16,6.0,10.0,40.0,10.0,10.0
morgana,sivir,16,6.0,10.0,40.0,-40.0,0.0
morgana,sylas,16,6.0,10.0,40.0,0.0,-40.0
morgana,tahm kench,16,6.0,10.0,40.0,0.0,-40.0
morgana,taliyah,16,6.0,10.0,40.0,0.0,60.0
morgana,tristana,16,6.0,10.0,40.0,10.0,0.0
morgana,trundle,16,6.0,10.0,40.0,-40.0,10.0
morgana,varus,16,6.0,10.0,40.0,10.0,60.0
morgana,vayne,16,6.0,10.0,40.0,-40.0,0.0
morgana,viktor,16,6.0,10.0,40.0,-40.0,-40.0
morgana,wukong,16,6.0,10.0,40.0,-40.0,-40.0
morgana,xayah,16,6.0,10.0,40.0,0.0,-6.67
morgana,xin zhao,16,6.0,10.0,40.0,0.0,-40.0
morgana,yasuo,16,6.0,10.0,40.0,0.0,-40.0
morgana,yone,16,6.0,10.0,40.0,0.0,60.0
morgana,yorick,16,6.0,10.0,40.0,0.0,10.0
morgana,yunara,16,6.0,10.0,40.0,0.0,60.0
morgana,zeri,16,6.0,10.0,40.0,-40.0,-40.0
morgana,ziggs,16,6.0,10.0,40.0,60.0,0.0
milio,aatrox,12,1.0,11.0,18.18,0.0,-18.18
milio,ahri,12,1.0,11.0,18.18,-18.18,0.0
milio,akali,12,1.0,11.0,18.18,-18.18,-18.18
milio,alistar,12,1.0,11.0,18.18,0.0,81.82
milio,ambessa,12,1.0,11.0,18.18,31.82,0.0
milio,annie,12,1.0,11.0,18.18,-18.18,0.0
milio,aphelios,12,1.0,11.0,18.18,0.0,81.82
milio,aurora,12,1.0,11.0,18.18,0.0,31.82
milio,azir,12,1.0,11.0,18.18,81.82,81.82
milio,braum,12,1.0,11.0,18.18,0.0,-18.18
milio,corki,12,1.0,11.0,18.18,0.0,-18.18
milio,elise,12,1.0,11.0,18.18,0.0,-18.18
milio,ezreal,12,1.0,11.0,18.18,0.0,6.82
milio,galio,12,1.0,11.0,18.18,-18.18,0.0
milio,gwen,12,1.0,11.0,18.18,-18.18,0.0
milio,hwei,12,1.0,11.0,18.18,81.82,0.0
milio,jarvan iv,12,1.0,11.0,18.18,0.0,-18.18
milio,jax,12,1.0,11.0,18.18,0.0,-18.18
milio,jayce,12,1.0,11.0,18.18,-18.18,-18.18
milio,jinx,12,1.0,11.0,18.18,-18.18,-18.18
milio,kalista,12,1.0,11.0,18.18,0.0,-18.18
milio,karma,12,1.0,11.0,18.18,-18.18,31.82
milio,ksante,12,1.0,11.0,18.18,0.0,-18.18
milio,lee sin,12,1.0,11.0,18.18,-18.18,0.0
milio,leona,12,1.0,11.0,18.18,0.0,-18.18
milio,lillia,12,1.0,11.0,18.18,0.0,81.82
milio,lucian,12,1.0,11.0,18.18,-1.51,-18.18
milio,maokai,12,1.0,11.0,18.18,15.15,-18.18
milio,miss fortune,12,1.0,11.0,18.18,0.0,-18.18
milio,ornn,12,1.0,11.0,18.18,-18.18,0.0
milio,poppy,12,1.0,11.0,18.18,0.0,-18.18
milio,rell,12,1.0,11.0,18.18,0.0,-18.18
milio,renata glasc,12,1.0,11.0,18.18,0.0,-18.18
milio,renekton,12,1.0,11.0,18.18,-18.18,81.82
milio,rumble,12,1.0,11.0,18.18,81.82,-18.18
milio,ryze,12,1.0,11.0,18.18,0.0,-18.18
milio,sejuani,12,1.0,11.0,18.18,-18.18,-18.18
milio,sion,12,1.0,11.0,18.18,-18.18,-18.18
milio,sivir,12,1.0,11.0,18.18,-18.18,0.0
milio,skarner,12,1.0,11.0,18.18,31.82,31.82
milio,sylas,12,1.0,11.0,18.18,-18.18,-18.18
milio,taliyah,12,1.0,11.0,18.18,0.0,-18.18
milio,tristana,12,1.0,11.0,18.18,-18.18,0.0
milio,trundle,12,1.0,11.0,18.18,-18.18,0.0
milio,udyr,12,1.0,11.0,18.18,-18.18,0.0
milio,varus,12,1.0,11.0,18.18,0.0,-18.18
milio,viego,12,1.0,11.0,18.18,0.0,-18.18
milio,viktor,12,1.0,11.0,18.18,-18.18,-18.18
milio,wukong,12,1.0,11.0,18.18,-18.18,0.0
milio,yone,12,1.0,11.0,18.18,0.0,31.82
milio,yorick,12,1.0,11.0,18.18,-18.18,-18.18
milio,yunara,12,1.0,11.0,18.18,81.82,0.0
milio,zed,12,1.0,11.0,18.18,0.0,-18.18
milio,zeri,12,1.0,11.0,18.18,-18.18,0.0
lissandra,aatrox,13,5.0,8.0,50.0,0.0,-50.0
lissandra,ahri,13,5.0,8.0,50.0,0.0,0.0
lissandra,akali,13,5.0,8.0,50.0,0.0,50.0
lissandra,alistar,13,5.0,8.0,50.0,-50.0,0.0
lissandra,ambessa,13,5.0,8.0,50.0,-50.0,-50.0
lissandra,ashe,13,5.0,8.0,50.0,50.0,0.0
lissandra,bard,13,5.0,8.0,50.0,-50.0,0.0
lissandra,braum,13,5.0,8.0,50.0,50.0,-50.0
lissandra,corki,13,5.0,8.0,50.0,-50.0,0.0
lissandra,draven,13,5.0,8.0,50.0,-50.0,50.0
lissandra,ezreal,13,5.0,8.0,50.0,50.0,0.0
lissandra,gnar,13,5.0,8.0,50.0,0.0,-50.0
lissandra,hwei,13,5.0,8.0,50.0,0.0,-50.0
lissandra,jarvan iv,13,5.0,8.0,50.0,50.0,0.0
lissandra,jayce,13,5.0,8.0,50.0,0.0,50.0
lissandra,jhin,13,5.0,8.0,50.0,-50.0,0.0
lissandra,kaisa,13,5.0,8.0,50.0,0.0,0.0
lissandra,kalista,13,5.0,8.0,50.0,50.0,50.0
lissandra,kindred,13,5.0,8.0,50.0,0.0,-50.0
lissandra,ksante,13,5.0,8.0,50.0,16.67,0.0
lissandra,lee sin,13,5.0,8.0,50.0,-50.0,50.0
lissandra,leona,13,5.0,8.0,50.0,-50.0,0.0
lissandra,lucian,13,5.0,8.0,50.0,-50.0,-50.0
lissandra,lulu,13,5.0,8.0,50.0,0.0,50.0
lissandra,maokai,13,5.0,8.0,50.0,50.0,0.0
lissandra,miss fortune,13,5.0,8.0,50.0,0.0,-50.0
lissandra,naafiri,13,5.0,8.0,50.0,16.67,0.0
lissandra,nami,13,5.0,8.0,50.0,-50.0,0.0
lissandra,nautilus,13,5.0,8.0,50.0,0.0,-50.0
lissandra,neeko,13,5.0,8.0,50.0,0.0,-50.0
lissandra,ornn,13,5.0,8.0,50.0,0.0,50.0
lissandra,poppy,13,5.0,8.0,50.0,-50.0,0.0
lissandra,renata glasc,13,5.0,8.0,50.0,0.0,50.0
lissandra,rumble,13,5.0,8.0,50.0,0.0,50.0
lissandra,sion,13,5.0,8.0,50.0,0.0,0.0
lissandra,sivir,13,5.0,8.0,50.0,50.0,0.0
lissandra,skarner,13,5.0,8.0,50.0,0.0,-50.0
lissandra,swain,13,5.0,8.0,50.0,0.0,-50.0
lissandra,taliyah,13,5.0,8.0,50.0,0.0,0.0
lissandra,twisted fate,13,5.0,8.0,50.0,0.0,50.0
lissandra,udyr,13,5.0,8.0,50.0,0.0,-50.0
lissandra,varus,13,5.0,8.0,50.0,0.0,-50.0
lissandra,vi,13,5.0,8.0,50.0,0.0,25.0
lissandra,wukong,13,5.0,8.0,50.0,0.0,0.0
lissandra,yorick,13,5.0,8.0,50.0,50.0,0.0
lissandra,zed,13,5.0,8.0,50.0,-50.0,0.0
lissandra,zeri,13,5.0,8.0,50.0,0.0,50.0
lissandra,zyra,13,5.0,8.0,50.0,0.0,-50.0
vayne,aatrox,5,1.0,4.0,25.0,0.0,-25.0
vayne,ahri,5,1.0,4.0,25.0,0.0,-25.0
vayne,alistar,5,1.0,4.0,25.0,0.0,75.0
vayne,ambessa,5,1.0,4.0,25.0,-25.0,75.0
vayne,galio,5,1.0,4.0,25.0,-25.0,0.0
vayne,gwen,5,1.0,4.0,25.0,0.0,-25.0
vayne,jarvan iv,5,1.0,4.0,25.0,75.0,0.0
vayne,lee sin,5,1.0,4.0,25.0,-25.0,0.0
vayne,leona,5,1.0,4.0,25.0,-25.0,0.0
vayne,maokai,5,1.0,4.0,25.0,0.0,-25.0
vayne,miss fortune,5,1.0,4.0,25.0,0.0,-25.0
vayne,morgana,5,1.0,4.0,25.0,-25.0,0.0
vayne,nautilus,5,1.0,4.0,25.0,75.0,0.0
vayne,nidalee,5,1.0,4.0,25.0,0.0,75.0
vayne,pantheon,5,1.0,4.0,25.0,0.0,-25.0
vayne,rakan,5,1.0,4.0,25.0,-25.0,0.0
vayne,reksai,5,1.0,4.0,25.0,75.0,0.0
vayne,rell,5,1.0,4.0,25.0,0.0,-25.0
vayne,rumble,5,1.0,4.0,25.0,-25.0,0.0
vayne,ryze,5,1.0,4.0,25.0,75.0,0.0
vayne,sejuani,5,1.0,4.0,25.0,0.0,-25.0
vayne,sion,5,1.0,4.0,25.0,0.0,75.0
vayne,sivir,5,1.0,4.0,25.0,0.0,75.0
vayne,trundle,5,1.0,4.0,25.0,-25.0,0.0
vayne,viego,5,1.0,4.0,25.0,0.0,-25.0
vayne,viktor,5,1.0,4.0,25.0,0.0,-25.0
vayne,wukong,5,1.0,4.0,25.0,-25.0,0.0
vayne,yorick,5,1.0,4.0,25.0,0.0,-25.0
vayne,yunara,5,1.0,4.0,25.0,0.0,-25.0
vayne,zeri,5,1.0,4.0,25.0,-25.0,-25.0
reksai,alistar,10,1.0,9.0,55.56,44.44,-5.56
reksai,ambessa,10,1.0,9.0,55.56,0.0,-22.23
reksai,annie,10,1.0,9.0,55.56,0.0,44.44
reksai,aurora,10,1.0,9.0,55.56,44.44,0.0
reksai,blitzcrank,10,1.0,9.0,55.56,0.0,-55.56
reksai,braum,10,1.0,9.0,55.56,0.0,-5.56
reksai,cassiopeia,10,1.0,9.0,55.56,0.0,-55.56
reksai,corki,10,1.0,9.0,55.56,44.44,0.0
reksai,ezreal,10,1.0,9.0,55.56,44.44,-55.56
reksai,galio,10,1.0,9.0,55.56,11.11,0.0
reksai,gragas,10,1.0,9.0,55.56,-55.56,0.0
reksai,ivern,10,1.0,9.0,55.56,0.0,-55.56
reksai,jarvan iv,10,1.0,9.0,55.56,44.44,0.0
reksai,jhin,10,1.0,9.0,55.56,0.0,44.44
reksai,jinx,10,1.0,9.0,55.56,-55.56,0.0
reksai,kaisa,10,1.0,9.0,55.56,-55.56,44.44
reksai,kalista,10,1.0,9.0,55.56,0.0,-55.56
reksai,karma,10,1.0,9.0,55.56,44.44,0.0
reksai,ksante,10,1.0,9.0,55.56,0.0,11.11
reksai,leblanc,10,1.0,9.0,55.56,-55.56,0.0
reksai,lee sin,10,1.0,9.0,55.56,0.0,-55.56
reksai,leona,10,1.0,9.0,55.56,-5.56,0.0
reksai,lucian,10,1.0,9.0,55.56,-55.56,44.44
reksai,naafiri,10,1.0,9.0,55.56,0.0,44.44
reksai,nami,10,1.0,9.0,55.56,-55.56,0.0
reksai,nautilus,10,1.0,9.0,55.56,44.44,-55.56
reksai,neeko,10,1.0,9.0,55.56,0.0,44.44
reksai,nidalee,10,1.0,9.0,55.56,0.0,44.44
reksai,orianna,10,1.0,9.0,55.56,0.0,44.44
reksai,pantheon,10,1.0,9.0,55.56,0.0,-55.56
reksai,qiyana,10,1.0,9.0,55.56,-55.56,0.0
reksai,rakan,10,1.0,9.0,55.56,0.0,44.44
reksai,rell,10,1.0,9.0,55.56,0.0,44.44
reksai,renata glasc,10,1.0,9.0,55.56,-55.56,0.0
reksai,ryze,10,1.0,9.0,55.56,44.44,0.0
reksai,sion,10,1.0,9.0,55.56,0.0,19.44
reksai,sivir,10,1.0,9.0,55.56,44.44,44.44
reksai,skarner,10,1.0,9.0,55.56,0.0,-55.56
reksai,sylas,10,1.0,9.0,55.56,-55.56,0.0
reksai,taliyah,10,1.0,9.0,55.56,-55.56,-5.56
reksai,tristana,10,1.0,9.0,55.56,0.0,-55.56
reksai,twisted fate,10,1.0,9.0,55.56,-55.56,-55.56
reksai,twitch,10,1.0,9.0,55.56,0.0,-55.56
reksai,varus,10,1.0,9.0,55.56,-55.56,0.0
reksai,vayne,10,1.0,9.0,55.56,44.44,0.0
reksai,vi,10,1.0,9.0,55.56,-22.23,0.0
reksai,viktor,10,1.0,9.0,55.56,0.0,-5.56
reksai,wukong,10,1.0,9.0,55.56,0.0,44.44
reksai,xin zhao,10,1.0,9.0,55.56,44.44,44.44
reksai,zeri,10,1.0,9.0,55.56,0.0,44.44
reksai,ziggs,10,1.0,9.0,55.56,44.44,0.0
xerath,azir,2,0.0,2.0,0.0,0.0,0.0
xerath,corki,2,0.0,2.0,0.0,0.0,0.0
xerath,elise,2,0.0,2.0,0.0,0.0,0.0
xerath,gnar,2,0.0,2.0,0.0,0.0,0.0
xerath,ksante,2,0.0,2.0,0.0,0.0,0.0
xerath,miss fortune,2,0.0,2.0,0.0,0.0,0.0
xerath,rakan,2,0.0,2.0,0.0,0.0,0.0
xerath,renata glasc,2,0.0,2.0,0.0,0.0,0.0
xerath,renekton,2,0.0,2.0,0.0,0.0,0.0
xerath,rumble,2,0.0,2.0,0.0,0.0,0.0
xerath,varus,2,0.0,2.0,0.0,0.0,0.0
xerath,vi,2,0.0,2.0,0.0,0.0,0.0
xerath,viktor,2,0.0,2.0,0.0,0.0,0.0
xerath,wukong,2,0.0,2.0,0.0,0.0,0.0
xerath,xin zhao,2,0.0,2.0,0.0,0.0,0.0
vladimir,ahri,16,0.0,16.0,50.0,-50.0,50.0
vladimir,akali,16,0.0,16.0,50.0,0.0,-50.0
vladimir,alistar,16,0.0,16.0,50.0,-25.0,0.0
vladimir,ambessa,16,0.0,16.0,50.0,0.0,50.0
vladimir,ashe,16,0.0,16.0,50.0,-50.0,0.0
vladimir,aurora,16,0.0,16.0,50.0,0.0,7.14
vladimir,azir,16,0.0,16.0,50.0,-50.0,0.0
vladimir,bard,16,0.0,16.0,50.0,0.0,50.0
vladimir,blitzcrank,16,0.0,16.0,50.0,50.0,0.0
vladimir,braum,16,0.0,16.0,50.0,-50.0,50.0
vladimir,camille,16,0.0,16.0,50.0,0.0,-50.0
vladimir,corki,16,0.0,16.0,50.0,0.0,50.0
vladimir,draven,16,0.0,16.0,50.0,0.0,50.0
vladimir,elise,16,0.0,16.0,50.0,-50.0,0.0
vladimir,ezreal,16,0.0,16.0,50.0,0.0,10.0
vladimir,fiddlesticks,16,0.0,16.0,50.0,0.0,-50.0
vladimir,galio,16,0.0,16.0,50.0,50.0,0.0
vladimir,gnar,16,0.0,16.0,50.0,50.0,0.0
vladimir,gragas,16,0.0,16.0,50.0,0.0,50.0
vladimir,gwen,16,0.0,16.0,50.0,0.0,-50.0
vladimir,jax,16,0.0,16.0,50.0,50.0,0.0
vladimir,jayce,16,0.0,16.0,50.0,-10.0,0.0
vladimir,jhin,16,0.0,16.0,50.0,0.0,0.0
vladimir,kaisa,16,0.0,16.0,50.0,50.0,-50.0
vladimir,kalista,16,0.0,16.0,50.0,50.0,-50.0
vladimir,kindred,16,0.0,16.0,50.0,0.0,50.0
vladimir,ksante,16,0.0,16.0,50.0,50.0,-50.0
vladimir,lee sin,16,0.0,16.0,50.0,-50.0,0.0
vladimir,leona,16,0.0,16.0,50.0,-16.67,10.0
vladimir,lucian,16,0.0,16.0,50.0,-50.0,0.0
vladimir,maokai,16,0.0,16.0,50.0,50.0,0.0
vladimir,miss fortune,16,0.0,16.0,50.0,16.67,-50.0
vladimir,naafiri,16,0.0,16.0,50.0,0.0,-50.0
vladimir,neeko,16,0.0,16.0,50.0,50.0,0.0
vladimir,nidalee,16,0.0,16.0,50.0,50.0,0.0
vladimir,nocturne,16,0.0,16.0,50.0,50.0,0.0
vladimir,ornn,16,0.0,16.0,50.0,0.0,-50.0
vladimir,pantheon,16,0.0,16.0,50.0,-25.0,50.0
vladimir,poppy,16,0.0,16.0,50.0,0.0,50.0
vladimir,rakan,16,0.0,16.0,50.0,50.0,-16.67
vladimir,rell,16,0.0,16.0,50.0,50.0,-50.0
vladimir,renata glasc,16,0.0,16.0,50.0,0.0,-16.67
vladimir,renekton,16,0.0,16.0,50.0,0.0,50.0
vladimir,rumble,16,0.0,16.0,50.0,0.0,50.0
vladimir,ryze,16,0.0,16.0,50.0,0.0,50.0
vladimir,sejuani,16,0.0,16.0,50.0,-50.0,50.0
vladimir,senna,16,0.0,16.0,50.0,-50.0,0.0
vladimir,sion,16,0.0,16.0,50.0,0.0,0.0
vladimir,skarner,16,0.0,16.0,50.0,0.0,-50.0
vladimir,soraka,16,0.0,16.0,50.0,50.0,0.0
vladimir,sylas,16,0.0,16.0,50.0,-50.0,0.0
vladimir,taliyah,16,0.0,16.0,50.0,0.0,-25.0
vladimir,twisted fate,16,0.0,16.0,50.0,0.0,-50.0
vladimir,varus,16,0.0,16.0,50.0,-50.0,0.0
vladimir,vi,16,0.0,16.0,50.0,16.67,-25.0
vladimir,viktor,16,0.0,16.0,50.0,0.0,50.0
vladimir,wukong,16,0.0,16.0,50.0,50.0,50.0
vladimir,xayah,16,0.0,16.0,50.0,-50.0,0.0
vladimir,xin zhao,16,0.0,16.0,50.0,0.0,-16.67
vladimir,yone,16,0.0,16.0,50.0,-16.67,0.0
vladimir,zed,16,0.0,16.0,50.0,0.0,0.0
khazix,aatrox,2,0.0,2.0,0.0,0.0,0.0
khazix,ambessa,2,0.0,2.0,0.0,0.0,0.0
khazix,ashe,2,0.0,2.0,0.0,0.0,0.0
khazix,kalista,2,0.0,2.0,0.0,0.0,0.0
khazix,leblanc,2,0.0,2.0,0.0,0.0,0.0
khazix,nautilus,2,0.0,2.0,0.0,0.0,0.0
khazix,neeko,2,0.0,2.0,0.0,0.0,0.0
khazix,poppy,2,0.0,2.0,0.0,0.0,0.0
khazix,renekton,2,0.0,2.0,0.0,0.0,0.0
khazix,seraphine,2,0.0,2.0,0.0,0.0,0.0
khazix,sion,2,0.0,2.0,0.0,0.0,0.0
khazix,sylas,2,0.0,2.0,0.0,0.0,0.0
khazix,twisted fate,2,0.0,2.0,0.0,0.0,0.0
khazix,yasuo,2,0.0,2.0,0.0,0.0,0.0
khazix,ziggs,2,0.0,2.0,0.0,0.0,0.0
khazix,zyra,2,0.0,2.0,0.0,0.0,0.0
rengar,corki,1,0.0,1.0,0.0,0.0,0.0
rengar,jayce,1,0.0,1.0,0.0,0.0,0.0
rengar,ksante,1,0.0,1.0,0.0,0.0,0.0
rengar,leona,1,0.0,1.0,0.0,0.0,0.0
rengar,nocturne,1,0.0,1.0,0.0,0.0,0.0
rengar,orianna,1,0.0,1.0,0.0,0.0,0.0
rengar,rakan,1,0.0,1.0,0.0,0.0,0.0
rengar,varus,1,0.0,1.0,0.0,0.0,0.0
rengar,viktor,1,0.0,1.0,0.0,0.0,0.0
kogmaw,,5,0.0,5.0,0.0,0.0,0.0
lux,akali,3,0.0,3.0,66.67,33.33,0.0
lux,alistar,3,0.0,3.0,66.67,0.0,-66.67
lux,ambessa,3,0.0,3.0,66.67,0.0,-66.67
lux,annie,3,0.0,3.0,66.67,0.0,33.33
lux,aurora,3,0.0,3.0,66.67,-66.67,0.0
lux,azir,3,0.0,3.0,66.67,33.33,0.0
lux,caitlyn,3,0.0,3.0,66.67,0.0,0.0
lux,corki,3,0.0,3.0,66.67,0.0,33.33
lux,galio,3,0.0,3.0,66.67,33.33,0.0
lux,graves,3,0.0,3.0,66.67,0.0,33.33
lux,kaisa,3,0.0,3.0,66.67,0.0,-66.67
lux,ksante,3,0.0,3.0,66.67,-66.67,0.0
lux,lucian,3,0.0,3.0,66.67,0.0,33.33
lux,nami,3,0.0,3.0,66.67,0.0,33.33
lux,pantheon,3,0.0,3.0,66.67,-66.67,0.0
lux,poppy,3,0.0,3.0,66.67,33.33,0.0
lux,rumble,3,0.0,3.0,66.67,0.0,33.33
lux,sejuani,3,0.0,3.0,66.67,0.0,33.33
lux,shen,3,0.0,3.0,66.67,0.0,33.33
lux,taliyah,3,0.0,3.0,66.67,0.0,-66.67
lux,xin zhao,3,0.0,3.0,66.67,33.33,0.0
lux,yorick,3,0.0,3.0,66.67,33.33,0.0
lux,zyra,3,0.0,3.0,66.67,0.0,-66.67
urgot,alistar,5,0.0,5.0,0.0,0.0,0.0
urgot,ambessa,5,0.0,5.0,0.0,0.0,0.0
urgot,ashe,5,0.0,5.0,0.0,0.0,0.0
urgot,azir,5,0.0,5.0,0.0,0.0,0.0
urgot,caitlyn,5,0.0,5.0,0.0,0.0,0.0
urgot,galio,5,0.0,5.0,0.0,0.0,0.0
urgot,gnar,5,0.0,5.0,0.0,0.0,0.0
urgot,jax,5,0.0,5.0,0.0,0.0,0.0
urgot,jhin,5,0.0,5.0,0.0,0.0,0.0
urgot,jinx,5,0.0,5.0,0.0,0.0,0.0
urgot,lee sin,5,0.0,5.0,0.0,0.0,0.0
urgot,leona,5,0.0,5.0,0.0,0.0,0.0
urgot,lucian,5,0.0,5.0,0.0,0.0,0.0
urgot,lulu,5,0.0,5.0,0.0,0.0,0.0
urgot,maokai,5,0.0,5.0,0.0,0.0,0.0
urgot,miss fortune,5,0.0,5.0,0.0,0.0,0.0
urgot,nocturne,5,0.0,5.0,0.0,0.0,0.0
urgot,pantheon,5,0.0,5.0,0.0,0.0,0.0
urgot,rakan,5,0.0,5.0,0.0,0.0,0.0
urgot,rell,5,0.0,5.0,0.0,0.0,0.0
urgot,rumble,5,0.0,5.0,0.0,0.0,0.0
urgot,ryze,5,0.0,5.0,0.0,0.0,0.0
urgot,seraphine,5,0.0,5.0,0.0,0.0,0.0
urgot,shen,5,0.0,5.0,0.0,0.0,0.0
urgot,sylas,5,0.0,5.0,0.0,0.0,0.0
urgot,taliyah,5,0.0,5.0,0.0,0.0,0.0
urgot,thresh,5,0.0,5.0,0.0,0.0,0.0
urgot,tristana,5,0.0,5.0,0.0,0.0,0.0
urgot,varus,5,0.0,5.0,0.0,0.0,0.0
urgot,viktor,5,0.0,5.0,0.0,0.0,0.0
urgot,volibear,5,0.0,5.0,0.0,0.0,0.0
urgot,xin zhao,5,0.0,5.0,0.0,0.0,0.0
urgot,yone,5,0.0,5.0,0.0,0.0,0.0
urgot,zilean,5,0.0,5.0,0.0,0.0,0.0
amumu,akali,2,0.0,2.0,50.0,0.0,50.0
amumu,camille,2,0.0,2.0,50.0,-50.0,0.0
amumu,draven,2,0.0,2.0,50.0,0.0,50.0
amumu,jayce,2,0.0,2.0,50.0,0.0,-50.0
amumu,kalista,2,0.0,2.0,50.0,50.0,0.0
amumu,karma,2,0.0,2.0,50.0,0.0,-50.0
amumu,lulu,2,0.0,2.0,50.0,-50.0,0.0
amumu,olaf,2,0.0,2.0,50.0,50.0,0.0
amumu,renata glasc,2,0.0,2.0,50.0,50.0,0.0
amumu,ryze,2,0.0,2.0,50.0,-50.0,0.0
amumu,sivir,2,0.0,2.0,50.0,-50.0,0.0
amumu,skarner,2,0.0,2.0,50.0,0.0,0.0
amumu,soraka,2,0.0,2.0,50.0,0.0,50.0
amumu,syndra,2,0.0,2.0,50.0,0.0,-50.0
amumu,taliyah,2,0.0,2.0,50.0,50.0,0.0
amumu,zeri,2,0.0,2.0,50.0,0.0,-50.0
amumu,zoe,2,0.0,2.0,50.0,0.0,50.0
soraka,akali,3,0.0,3.0,33.33,-33.33,0.0
soraka,amumu,3,0.0,3.0,33.33,0.0,-33.33
soraka,ashe,3,0.0,3.0,33.33,0.0,-33.33
soraka,azir,3,0.0,3.0,33.33,-33.33,0.0
soraka,draven,3,0.0,3.0,33.33,-33.33,0.0
soraka,galio,3,0.0,3.0,33.33,66.67,0.0
soraka,jarvan iv,3,0.0,3.0,33.33,-33.33,0.0
soraka,kalista,3,0.0,3.0,33.33,16.67,-33.33
soraka,nidalee,3,0.0,3.0,33.33,-33.33,0.0
soraka,olaf,3,0.0,3.0,33.33,0.0,-33.33
soraka,pantheon,3,0.0,3.0,33.33,0.0,-33.33
soraka,renata glasc,3,0.0,3.0,33.33,0.0,0.0
soraka,sion,3,0.0,3.0,33.33,0.0,16.67
soraka,skarner,3,0.0,3.0,33.33,-33.33,0.0
soraka,taliyah,3,0.0,3.0,33.33,0.0,-33.33
soraka,varus,3,0.0,3.0,33.33,0.0,66.67
soraka,viktor,3,0.0,3.0,33.33,0.0,16.67
soraka,vladimir,3,0.0,3.0,33.33,66.67,0.0
soraka,wukong,3,0.0,3.0,33.33,0.0,66.67
soraka,xin zhao,3,0.0,3.0,33.33,66.67,0.0
soraka,zoe,3,0.0,3.0,33.33,-33.33,0.0
taric,aatrox,10,0.0,10.0,40.0,-40.0,0.0
taric,akali,10,0.0,10.0,40.0,0.0,10.0
taric,alistar,10,0.0,10.0,40.0,0.0,-40.0
taric,ambessa,10,0.0,10.0,40.0,0.0,60.0
taric,annie,10,0.0,10.0,40.0,-40.0,-40.0
taric,aphelios,10,0.0,10.0,40.0,-40.0,0.0
taric,aurora,10,0.0,10.0,40.0,0.0,-6.67
taric,azir,10,0.0,10.0,40.0,-40.0,0.0
taric,camille,10,0.0,10.0,40.0,0.0,-40.0
taric,cassiopeia,10,0.0,10.0,40.0,0.0,60.0
taric,corki,10,0.0,10.0,40.0,-40.0,0.0
taric,ezreal,10,0.0,10.0,40.0,0.0,60.0
taric,galio,10,0.0,10.0,40.0,60.0,0.0
taric,gangplank,10,0.0,10.0,40.0,0.0,60.0
taric,gnar,10,0.0,10.0,40.0,60.0,-40.0
taric,gwen,10,0.0,10.0,40.0,-40.0,0.0
taric,hwei,10,0.0,10.0,40.0,-40.0,0.0
taric,jarvan iv,10,0.0,10.0,40.0,0.0,60.0
taric,jax,10,0.0,10.0,40.0,10.0,-40.0
taric,jhin,10,0.0,10.0,40.0,0.0,60.0
taric,jinx,10,0.0,10.0,40.0,0.0,-40.0
taric,kaisa,10,0.0,10.0,40.0,0.0,-40.0
taric,kalista,10,0.0,10.0,40.0,-40.0,0.0
taric,ksante,10,0.0,10.0,40.0,0.0,60.0
taric,leblanc,10,0.0,10.0,40.0,0.0,-40.0
taric,lee sin,10,0.0,10.0,40.0,-40.0,0.0
taric,leona,10,0.0,10.0,40.0,0.0,10.0
taric,lillia,10,0.0,10.0,40.0,0.0,-40.0
taric,lucian,10,0.0,10.0,40.0,60.0,0.0
taric,miss fortune,10,0.0,10.0,40.0,-40.0,60.0
taric,nautilus,10,0.0,10.0,40.0,0.0,-40.0
taric,nidalee,10,0.0,10.0,40.0,0.0,-40.0
taric,orianna,10,0.0,10.0,40.0,-40.0,0.0
taric,pantheon,10,0.0,10.0,40.0,60.0,0.0
taric,poppy,10,0.0,10.0,40.0,-40.0,-40.0
taric,rakan,10,0.0,10.0,40.0,0.0,-40.0
taric,rell,10,0.0,10.0,40.0,0.0,60.0
taric,rumble,10,0.0,10.0,40.0,10.0,60.0
taric,sejuani,10,0.0,10.0,40.0,10.0,0.0
taric,sion,10,0.0,10.0,40.0,60.0,0.0
taric,sivir,10,0.0,10.0,40.0,0.0,60.0
taric,skarner,10,0.0,10.0,40.0,-40.0,0.0
taric,sylas,10,0.0,10.0,40.0,-40.0,10.0
taric,syndra,10,0.0,10.0,40.0,-40.0,0.0
taric,taliyah,10,0.0,10.0,40.0,60.0,-40.0
taric,trundle,10,0.0,10.0,40.0,0.0,-40.0
taric,twisted fate,10,0.0,10.0,40.0,60.0,0.0
taric,udyr,10,0.0,10.0,40.0,-40.0,-40.0
taric,varus,10,0.0,10.0,40.0,0.0,-40.0
taric,vi,10,0.0,10.0,40.0,60.0,10.0
taric,viego,10,0.0,10.0,40.0,0.0,-40.0
taric,wukong,10,0.0,10.0,40.0,-40.0,60.0
taric,xayah,10,0.0,10.0,40.0,-40.0,-40.0
taric,yone,10,0.0,10.0,40.0,10.0,60.0
taric,yunara,10,0.0,10.0,40.0,0.0,-40.0
taric,zeri,10,0.0,10.0,40.0,60.0,-40.0
fiora,akali,5,0.0,5.0,40.0,-40.0,0.0
fiora,ambessa,5,0.0,5.0,40.0,0.0,-40.0
fiora,annie,5,0.0,5.0,40.0,0.0,-40.0
fiora,ashe,5,0.0,5.0,40.0,0.0,10.0
fiora,azir,5,0.0,5.0,40.0,60.0,0.0
fiora,blitzcrank,5,0.0,5.0,40.0,0.0,-40.0
fiora,caitlyn,5,0.0,5.0,40.0,0.0,-40.0
fiora,camille,5,0.0,5.0,40.0,0.0,-40.0
fiora,ezreal,5,0.0,5.0,40.0,60.0,0.0
fiora,gwen,5,0.0,5.0,40.0,0.0,10.0
fiora,ivern,5,0.0,5.0,40.0,0.0,60.0
fiora,kaisa,5,0.0,5.0,40.0,60.0,60.0
fiora,karthus,5,0.0,5.0,40.0,0.0,-40.0
fiora,ksante,5,0.0,5.0,40.0,0.0,-40.0
fiora,leona,5,0.0,5.0,40.0,60.0,0.0
fiora,lucian,5,0.0,5.0,40.0,-40.0,0.0
fiora,nami,5,0.0,5.0,40.0,-40.0,0.0
fiora,nautilus,5,0.0,5.0,40.0,0.0,60.0
fiora,neeko,5,0.0,5.0,40.0,0.0,-40.0
fiora,nocturne,5,0.0,5.0,40.0,0.0,-40.0
fiora,pantheon,5,0.0,5.0,40.0,60.0,0.0
fiora,poppy,5,0.0,5.0,40.0,60.0,0.0
fiora,renata glasc,5,0.0,5.0,40.0,-40.0,0.0
fiora,renekton,5,0.0,5.0,40.0,-40.0,0.0
fiora,sejuani,5,0.0,5.0,40.0,0.0,60.0
fiora,shen,5,0.0,5.0,40.0,-40.0,0.0
fiora,sivir,5,0.0,5.0,40.0,0.0,-40.0
fiora,skarner,5,0.0,5.0,40.0,-6.67,0.0
fiora,smolder,5,0.0,5.0,40.0,0.0,-40.0
fiora,sylas,5,0.0,5.0,40.0,60.0,0.0
fiora,tristana,5,0.0,5.0,40.0,0.0,60.0
fiora,varus,5,0.0,5.0,40.0,-40.0,0.0
fiora,vi,5,0.0,5.0,40.0,0.0,-40.0
fiora,viktor,5,0.0,5.0,40.0,-40.0,60.0
fiora,xayah,5,0.0,5.0,40.0,-40.0,0.0
fiora,yorick,5,0.0,5.0,40.0,0.0,60.0
fiora,zyra,5,0.0,5.0,40.0,-40.0,0.0
kled,ahri,6,0.0,6.0,50.0,0.0,-50.0
kled,alistar,6,0.0,6.0,50.0,0.0,0.0
kled,azir,6,0.0,6.0,50.0,0.0,50.0
kled,braum,6,0.0,6.0,50.0,0.0,50.0
kled,cassiopeia,6,0.0,6.0,50.0,50.0,0.0
kled,corki,6,0.0,6.0,50.0,0.0,-50.0
kled,gragas,6,0.0,6.0,50.0,-50.0,0.0
kled,jarvan iv,6,0.0,6.0,50.0,0.0,50.0
kled,jax,6,0.0,6.0,50.0,0.0,-50.0
kled,kaisa,6,0.0,6.0,50.0,0.0,0.0
kled,leblanc,6,0.0,6.0,50.0,-50.0,0.0
kled,lucian,6,0.0,6.0,50.0,0.0,50.0
kled,maokai,6,0.0,6.0,50.0,-50.0,50.0
kled,mel,6,0.0,6.0,50.0,-50.0,0.0
kled,miss fortune,6,0.0,6.0,50.0,-50.0,-50.0
kled,nautilus,6,0.0,6.0,50.0,0.0,0.0
kled,olaf,6,0.0,6.0,50.0,0.0,-50.0
kled,orianna,6,0.0,6.0,50.0,0.0,-50.0
kled,pantheon,6,0.0,6.0,50.0,50.0,0.0
kled,poppy,6,0.0,6.0,50.0,-50.0,0.0
kled,rakan,6,0.0,6.0,50.0,50.0,-50.0
kled,rell,6,0.0,6.0,50.0,-16.67,-50.0
kled,renekton,6,0.0,6.0,50.0,-50.0,0.0
kled,rumble,6,0.0,6.0,50.0,0.0,-50.0
kled,ryze,6,0.0,6.0,50.0,0.0,50.0
kled,sejuani,6,0.0,6.0,50.0,0.0,-50.0
kled,sion,6,0.0,6.0,50.0,0.0,50.0
kled,sivir,6,0.0,6.0,50.0,0.0,50.0
kled,skarner,6,0.0,6.0,50.0,0.0,-50.0
kled,sylas,6,0.0,6.0,50.0,0.0,-50.0
kled,taliyah,6,0.0,6.0,50.0,50.0,0.0
kled,wukong,6,0.0,6.0,50.0,0.0,50.0
kled,xayah,6,0.0,6.0,50.0,50.0,-50.0
kled,xin zhao,6,0.0,6.0,50.0,50.0,0.0
kled,yorick,6,0.0,6.0,50.0,0.0,-50.0
kled,yunara,6,0.0,6.0,50.0,0.0,50.0
kled,zeri,6,0.0,6.0,50.0,50.0,0.0
vex,ambessa,3,0.0,3.0,66.67,0.0,33.33
vex,camille,3,0.0,3.0,66.67,0.0,-66.67
vex,ezreal,3,0.0,3.0,66.67,33.33,0.0
vex,jayce,3,0.0,3.0,66.67,0.0,33.33
vex,kaisa,3,0.0,3.0,66.67,0.0,33.33
vex,kalista,3,0.0,3.0,66.67,0.0,-66.67
vex,ksante,3,0.0,3.0,66.67,-66.67,0.0
vex,lee sin,3,0.0,3.0,66.67,0.0,33.33
vex,lillia,3,0.0,3.0,66.67,0.0,33.33
vex,lucian,3,0.0,3.0,66.67,33.33,0.0
vex,maokai,3,0.0,3.0,66.67,0.0,33.33
vex,naafiri,3,0.0,3.0,66.67,-66.67,0.0
vex,neeko,3,0.0,3.0,66.67,-66.67,0.0
vex,nocturne,3,0.0,3.0,66.67,33.33,0.0
vex,ornn,3,0.0,3.0,66.67,33.33,0.0
vex,rakan,3,0.0,3.0,66.67,33.33,0.0
vex,rell,3,0.0,3.0,66.67,0.0,33.33
vex,renata glasc,3,0.0,3.0,66.67,0.0,-66.67
vex,sejuani,3,0.0,3.0,66.67,0.0,33.33
vex,sylas,3,0.0,3.0,66.67,0.0,-66.67
vex,varus,3,0.0,3.0,66.67,-66.67,0.0
vex,vi,3,0.0,3.0,66.67,33.33,0.0
vex,yone,3,0.0,3.0,66.67,33.33,33.33
vex,zed,3,0.0,3.0,66.67,0.0,-66.67
vex,ziggs,3,0.0,3.0,66.67,0.0,33.33
shyvana,ahri,1,0.0,1.0,100.0,0.0,0.0
shyvana,gnar,1,0.0,1.0,100.0,0.0,0.0
shyvana,ksante,1,0.0,1.0,100.0,0.0,0.0
shyvana,leona,1,0.0,1.0,100.0,0.0,0.0
shyvana,lillia,1,0.0,1.0,100.0,0.0,0.0
shyvana,poppy,1,0.0,1.0,100.0,0.0,0.0
shyvana,sivir,1,0.0,1.0,100.0,0.0,0.0
shyvana,taliyah,1,0.0,1.0,100.0,0.0,0.0
shyvana,varus,1,0.0,1.0,100.0,0.0,0.0
kayle,draven,1,0.0,1.0,100.0,0.0,0.0
kayle,kalista,1,0.0,1.0,100.0,0.0,0.0
kayle,ksante,1,0.0,1.0,100.0,0.0,0.0
kayle,pantheon,1,0.0,1.0,100.0,0.0,0.0
kayle,pyke,1,0.0,1.0,100.0,0.0,0.0
kayle,renata glasc,1,0.0,1.0,100.0,0.0,0.0
kayle,ryze,1,0.0,1.0,100.0,0.0,0.0
kayle,vi,1,0.0,1.0,100.0,0.0,0.0
kayle,ziggs,1,0.0,1.0,100.0,0.0,0.0
quinn,cassiopeia,1,0.0,1.0,0.0,0.0,0.0
quinn,jhin,1,0.0,1.0,0.0,0.0,0.0
quinn,maokai,1,0.0,1.0,0.0,0.0,0.0
quinn,rakan,1,0.0,1.0,0.0,0.0,0.0
quinn,rell,1,0.0,1.0,0.0,0.0,0.0
quinn,renekton,1,0.0,1.0,0.0,0.0,0.0
quinn,tristana,1,0.0,1.0,0.0,0.0,0.0
quinn,varus,1,0.0,1.0,0.0,0.0,0.0
quinn,zyra,1,0.0,1.0,0.0,0.0,0.0
singed,ambessa,1,0.0,1.0,0.0,0.0,0.0
singed,kalista,1,0.0,1.0,0.0,0.0,0.0
singed,naafiri,1,0.0,1.0,0.0,0.0,0.0
singed,neeko,1,0.0,1.0,0.0,0.0,0.0
singed,pantheon,1,0.0,1.0,0.0,0.0,0.0
singed,renata glasc,1,0.0,1.0,0.0,0.0,0.0
singed,sylas,1,0.0,1.0,0.0,0.0,0.0
singed,varus,1,0.0,1.0,0.0,0.0,0.0
singed,vi,1,0.0,1.0,0.0,0.0,0.0
nasus,akali,2,0.0,2.0,50.0,-50.0,0.0
nasus,annie,2,0.0,2.0,50.0,0.0,-50.0
nasus,aurora,2,0.0,2.0,50.0,0.0,50.0
nasus,ezreal,2,0.0,2.0,50.0,50.0,0.0
nasus,jayce,2,0.0,2.0,50.0,0.0,50.0
nasus,lucian,2,0.0,2.0,50.0,0.0,0.0
nasus,nami,2,0.0,2.0,50.0,0.0,0.0
nasus,neeko,2,0.0,2.0,50.0,50.0,0.0
nasus,pantheon,2,0.0,2.0,50.0,0.0,0.0
nasus,rakan,2,0.0,2.0,50.0,-50.0,0.0
nasus,ryze,2,0.0,2.0,50.0,50.0,0.0
nasus,vi,2,0.0,2.0,50.0,0.0,50.0
nasus,xayah,2,0.0,2.0,50.0,-50.0,0.0
nasus,xin zhao,2,0.0,2.0,50.0,0.0,-50.0
nasus,yorick,2,0.0,2.0,50.0,0.0,-50.0
talon,azir,2,0.0,2.0,50.0,0.0,0.0
talon,jax,2,0.0,2.0,50.0,50.0,0.0
talon,kalista,2,0.0,2.0,50.0,-50.0,0.0
talon,ksante,2,0.0,2.0,50.0,-50.0,0.0
talon,leblanc,2,0.0,2.0,50.0,0.0,-50.0
talon,lucian,2,0.0,2.0,50.0,0.0,0.0
talon,nami,2,0.0,2.0,50.0,0.0,0.0
talon,poppy,2,0.0,2.0,50.0,0.0,-50.0
talon,rakan,2,0.0,2.0,50.0,50.0,0.0
talon,renata glasc,2,0.0,2.0,50.0,-50.0,0.0
talon,shen,2,0.0,2.0,50.0,0.0,50.0
talon,sion,2,0.0,2.0,50.0,0.0,-50.0
talon,trundle,2,0.0,2.0,50.0,0.0,50.0
talon,xayah,2,0.0,2.0,50.0,50.0,0.0
talon,zoe,2,0.0,2.0,50.0,0.0,50.0
veigar,braum,3,0.0,3.0,66.67,0.0,33.33
veigar,jarvan iv,3,0.0,3.0,66.67,0.0,-66.67
veigar,jayce,3,0.0,3.0,66.67,0.0,-66.67
veigar,jhin,3,0.0,3.0,66.67,0.0,-66.67
veigar,kaisa,3,0.0,3.0,66.67,33.33,0.0
veigar,ksante,3,0.0,3.0,66.67,0.0,33.33
veigar,lucian,3,0.0,3.0,66.67,0.0,33.33
veigar,nautilus,3,0.0,3.0,66.67,-66.67,0.0
veigar,olaf,3,0.0,3.0,66.67,0.0,33.33
veigar,pantheon,3,0.0,3.0,66.67,0.0,33.33
veigar,poppy,3,0.0,3.0,66.67,33.33,0.0
veigar,rakan,3,0.0,3.0,66.67,33.33,0.0
veigar,rell,3,0.0,3.0,66.67,33.33,-16.67
veigar,renekton,3,0.0,3.0,66.67,-16.67,0.0
veigar,senna,3,0.0,3.0,66.67,0.0,33.33
veigar,sion,3,0.0,3.0,66.67,33.33,0.0
veigar,sylas,3,0.0,3.0,66.67,0.0,-66.67
veigar,trundle,3,0.0,3.0,66.67,0.0,33.33
veigar,twisted fate,3,0.0,3.0,66.67,0.0,33.33
veigar,viktor,3,0.0,3.0,66.67,0.0,33.33
veigar,xin zhao,3,0.0,3.0,66.67,-16.67,0.0
veigar,ziggs,3,0.0,3.0,66.67,-16.67,0.0
nunu,ahri,1,0.0,1.0,0.0,0.0,0.0
nunu,ambessa,1,0.0,1.0,0.0,0.0,0.0
nunu,jax,1,0.0,1.0,0.0,0.0,0.0
nunu,miss fortune,1,0.0,1.0,0.0,0.0,0.0
nunu,neeko,1,0.0,1.0,0.0,0.0,0.0
nunu,rakan,1,0.0,1.0,0.0,0.0,0.0
nunu,tristana,1,0.0,1.0,0.0,0.0,0.0
nunu,wukong,1,0.0,1.0,0.0,0.0,0.0
nunu,xayah,1,0.0,1.0,0.0,0.0,0.0
malzahar,annie,1,0.0,1.0,0.0,0.0,0.0
malzahar,gwen,1,0.0,1.0,0.0,0.0,0.0
malzahar,jhin,1,0.0,1.0,0.0,0.0,0.0
malzahar,poppy,1,0.0,1.0,0.0,0.0,0.0
malzahar,rell,1,0.0,1.0,0.0,0.0,0.0
malzahar,rumble,1,0.0,1.0,0.0,0.0,0.0
malzahar,trundle,1,0.0,1.0,0.0,0.0,0.0
malzahar,varus,1,0.0,1.0,0.0,0.0,0.0
malzahar,wukong,1,0.0,1.0,0.0,0.0,0.0
janna,ahri,2,0.0,2.0,50.0,-50.0,0.0
janna,alistar,2,0.0,2.0,50.0,0.0,-50.0
janna,ambessa,2,0.0,2.0,50.0,0.0,50.0
janna,aurora,2,0.0,2.0,50.0,50.0,0.0
janna,corki,2,0.0,2.0,50.0,50.0,0.0
janna,galio,2,0.0,2.0,50.0,0.0,50.0
janna,jarvan iv,2,0.0,2.0,50.0,0.0,0.0
janna,jayce,2,0.0,2.0,50.0,50.0,0.0
janna,lucian,2,0.0,2.0,50.0,-50.0,0.0
janna,rakan,2,0.0,2.0,50.0,0.0,50.0
janna,rumble,2,0.0,2.0,50.0,-50.0,0.0
janna,sion,2,0.0,2.0,50.0,0.0,-50.0
janna,sivir,2,0.0,2.0,50.0,0.0,-50.0
janna,taliyah,2,0.0,2.0,50.0,0.0,-50.0
janna,trundle,2,0.0,2.0,50.0,50.0,0.0
janna,xayah,2,0.0,2.0,50.0,0.0,50.0
janna,xin zhao,2,0.0,2.0,50.0,-50.0,0.0
hecarim,ambessa,1,0.0,1.0,100.0,0.0,0.0
hecarim,jhin,1,0.0,1.0,100.0,0.0,0.0
hecarim,kaisa,1,0.0,1.0,100.0,0.0,0.0
hecarim,karma,1,0.0,1.0,100.0,0.0,0.0
hecarim,ksante,1,0.0,1.0,100.0,0.0,0.0
hecarim,neeko,1,0.0,1.0,100.0,0.0,0.0
hecarim,ryze,1,0.0,1.0,100.0,0.0,0.0
hecarim,skarner,1,0.0,1.0,100.0,0.0,0.0
hecarim,viktor,1,0.0,1.0,100.0,0.0,0.0
rammus,annie,1,0.0,1.0,0.0,0.0,0.0
rammus,gangplank,1,0.0,1.0,0.0,0.0,0.0
rammus,jax,1,0.0,1.0,0.0,0.0,0.0
rammus,jhin,1,0.0,1.0,0.0,0.0,0.0
rammus,leona,1,0.0,1.0,0.0,0.0,0.0
rammus,miss fortune,1,0.0,1.0,0.0,0.0,0.0
rammus,morgana,1,0.0,1.0,0.0,0.0,0.0
rammus,naafiri,1,0.0,1.0,0.0,0.0,0.0
rammus,sylas,1,0.0,1.0,0.0,0.0,0.0
